1000,35,0.036192377102498216,True,96.2756644818854
1000,35,0.04350319300777528,True,99.14421314428795
1000,35,0.10196037902117586,False,99.50278172708826
1000,35,0.07402874844492227,False,94.54258299835054
1000,35,0.02212949229125894,True,86.17598273300977
1000,35,0.011792989166786757,True,80.25960111680453
1000,35,0.10603676643976796,False,96.75375592561916
1000,35,0.05673063920335059,False,102.3115689590241
1000,35,0.10423424874437383,False,103.32751327695833
1000,35,0.05418920936267462,False,94.60234442881726
1000,35,0.05116313609728211,False,92.21188721014846
1000,35,0.20571087729638085,False,105.41916334329352
1000,35,0.030550948719224348,True,90.00071428287984
1000,35,0.06425468637182558,False,98.72588313102091
1000,35,0.00961743442796763,True,80.14007825587109
1000,35,0.08312613869498606,False,100.75777176688938
1000,35,0.025556267975995167,True,84.26361695807475
1000,35,0.03542539084484151,True,92.6302172234155
1000,35,0.11488295742663449,False,100.69801033642267
1000,35,0.05486816378987821,False,93.76568440228318
1000,35,0.033771531494673275,True,94.18401441555022
1000,35,0.005096943835632553,True,80.79745399100501
1000,35,0.06708679760931702,False,96.63423306468573
1000,35,0.03869655277428914,True,93.94496869368334
1000,35,0.02005836462059331,True,80.67793113007157
1000,35,0.010406968445065484,True,80.08031682540437
1000,35,0.017347633902849623,True,90.29952143521344
1000,35,0.09036412390498333,False,100.8175331973561
1000,35,0.017712442940480876,True,86.71383560721026
1000,35,0.09086690068425193,False,99.20397457475467
1000,35,0.0313718713702994,True,87.96882564701137
1000,35,0.04825758852890768,True,92.57045579294879
1000,35,0.059550724871149166,False,95.73781160768493
1000,35,0.03911711223621795,True,91.31546575314768
1000,35,0.1973579312008069,False,105.83749335656056
1000,35,0.05508766909188262,False,94.96091301161758
1000,35,0.06185255421505805,False,95.49876588581805
1000,35,0.017286234483539588,True,88.44691709074513
1000,35,0.07704190804591998,False,100.5187260450225
1000,35,0.04807192103116592,True,95.0206744420843
1000,35,0.03180112321946319,True,90.4788057266136
1000,35,0.29696830886044107,False,115.27979937030227
1000,35,0.00876849271915638,True,84.50266267994162
1000,35,0.018034981151878005,True,89.64214570007952
1000,35,0.09143364993118247,False,99.14421314428795
1000,35,0.45748459194933466,False,116.11645939683633
1000,35,0.06394496044192743,False,87.7895413556112
1000,35,0.13118804800588169,False,103.44703613789177
1000,35,0.03841740204434748,True,94.36329870695037
1000,35,0.02491645398603023,True,87.96882564701137
1000,35,0.038730943320134055,True,88.74572424307873
1000,35,0.06244470749781012,False,94.18401441555022
1000,35,0.03256826293717737,True,86.53455131581009
1000,35,0.023085643287930443,True,89.70190713054625
1000,35,0.05471259092397203,False,95.61828874675149
1000,35,0.25498018168163156,False,105.0605947604932
1000,35,0.047674122640663126,True,95.37924302488462
1000,35,0.059041972128967266,False,94.24377584601693
1000,35,0.15950726560318906,False,101.47490893249002
1000,35,0.0039376687208899416,True,79.36317965980373
1000,35,0.0693307460175405,False,96.57447163421901
1000,35,0.06383257305339378,False,96.51471020375229
1000,35,0.05015487865583196,False,92.92902437574911
1000,35,0.0178080200700685,True,80.4388854082047
1000,35,0.06217794576472622,False,96.75375592561916
1000,35,0.033047642332434984,True,91.19594289221423
1000,35,0.11797539272431169,False,102.72989897229114
1000,35,0.02691993062766713,True,88.9847699649456
1000,35,0.02501644682620239,True,85.39908413694242
1000,35,0.0278943331088184,True,90.71785144848047
1000,35,0.10906032397357399,False,96.81351735608588
1000,35,0.029153250937156212,True,92.21188721014846
1000,35,0.10512074884523566,False,99.74182744895515
1000,35,0.02317446144535112,True,89.40309997821264
1000,35,0.05847547729421864,False,95.14019730301773
1000,35,0.06836633964099492,False,94.60234442881726
1000,35,0.07488419221339584,False,97.1720859388862
1000,35,0.01976143739572739,True,84.32337838854147
1000,35,0.05468263206046349,False,96.63423306468573
1000,35,0.03827759550266828,True,92.27164864061518
1000,35,0.10263331800696816,False,100.5187260450225
1000,35,0.010940379200245471,True,85.3393227064757
1000,35,0.05462773356469417,False,92.74974008434894
1000,35,0.038790154882486785,True,92.39117150154863
1000,35,0.015935617189713674,True,84.1440940971413
1000,35,0.06561100520756766,False,92.74974008434894
1000,35,0.06543967964178778,False,94.36329870695037
1000,35,0.05551126172849812,False,104.52274188629272
1000,35,0.03591940304671593,True,94.30353727648365
1000,35,0.044419539371009,True,94.78162872021741
1000,35,0.07427223548098454,False,101.1163403496897
1000,35,0.09728930039477017,False,96.99280164748605
1000,35,0.04098010154969473,True,88.86524710401217
1000,35,0.052879182229442954,False,98.36731454822059
1000,35,0.13608735347347256,False,98.24779168728716
1000,35,0.1370416704884364,False,110.31960064156453
1000,35,0.09404347586140652,False,99.32349743568811
1000,35,0.008857308999246598,True,87.07240419001057
1000,35,0.0573059511074425,False,95.91709589908508
1000,35,0.03314179980067302,True,90.71785144848047
1000,35,0.007473459621445334,True,89.82142999147968
1000,35,0.01970114031716138,True,89.34333854774593
1000,35,0.1183370551912518,False,95.3194815944179
1000,35,0.06601894521104407,False,99.20397457475467
1000,35,0.10125125979282283,False,96.03661876001853
1000,35,0.14274429346000028,False,102.25180752855738
1000,35,0.010714105401924084,True,86.05645987207635
1000,35,0.08585327237422327,False,97.70993881308668
1000,35,0.01018047879376952,True,79.72174824260405
1000,35,0.1881858052868953,False,110.31960064156453
1000,35,0.08754094603001282,False,103.62632042929192
1000,35,0.002248677032321325,True,77.86914389813575
1000,35,0.03928716024204829,True,90.83737430941392
1000,35,0.06595602541847677,False,99.32349743568811
1000,35,0.027895705366258558,True,96.45494877328557
1000,35,0.08398325301396613,False,97.23184736935292
1000,35,0.06262382285114342,False,97.35137023028636
1000,35,0.0596999566314953,False,96.39518734281884
1000,35,0.013989046989247435,True,85.27956127600899
1000,35,0.020333122502265988,True,82.35125118313972
1000,35,0.041254478511852426,True,91.3752271836144
1000,35,0.10061118803991463,False,106.43510766122775
1000,35,0.07048058502579739,False,101.1163403496897
1000,35,0.01499377893134535,True,90.23976000474671
1000,35,0.014768107159050617,True,86.65407417674353
1000,35,0.295396579194612,False,112.47101213836643
1000,35,0.10138276011355242,False,100.04063460128874
1000,35,0.051054629426987644,False,92.21188721014846
1000,35,0.2090109902703374,False,105.0605947604932
1000,35,0.01425615156150723,True,82.82934262687348
1000,35,0.12464488907025732,False,99.50278172708826
1000,35,0.057289855471960506,False,94.90115158115086
1000,35,0.08075454746941328,False,93.10830866714926
1000,35,0.05541689151097908,False,97.41113166075309
1000,35,0.052624383035827296,False,93.2278315280827
1000,35,0.14879343202766604,False,102.67013754182442
1000,35,0.11927811078505932,False,102.07252323715721
1000,35,0.03622728252733272,True,86.8333584681437
1000,35,0.01368088156565661,True,82.23172832220628
1000,35,0.0857101237958377,False,102.78966040275785
1000,35,0.020564364552994388,True,84.44290124947491
1000,35,0.1938700062443981,False,99.38325886615483
1000,35,0.17871089650314498,False,107.57057484009543
1000,35,0.04193618735103314,True,91.01665860081407
1000,35,0.04517129722363007,True,91.07642003128079
1000,35,0.007527211853714153,True,81.63411401753909
1000,35,0.038408605647857856,True,94.18401441555022
1000,35,0.002009344688123324,True,74.52250379199944
1000,35,0.2523156404606641,False,109.54270204549718
1000,35,0.01720985920770617,True,82.5902969050066
1000,35,0.08733661948637982,False,100.21991889268891
1000,35,0.05437839716456595,False,98.42707597868731
1000,35,0.23403259354465447,False,107.63033627056214
1000,35,0.07117650980906276,False,103.02870612462473
1000,35,0.05910091645013913,False,93.5266386804163
1000,35,0.013804348521921812,True,81.81339830893924
1000,35,0.020588049226662294,True,84.32337838854147
1000,35,0.024652931585008028,True,85.51860699787586
1000,35,0.01281499547266149,True,84.02457123620788
1000,35,0.042501363895060824,True,95.67805017721821
1000,35,0.08126924796707277,False,95.91709589908508
1000,35,0.084532820387584,False,98.12826882635372
1000,35,0.06014005691671749,False,94.36329870695037
1000,35,0.004115072854268349,True,72.84918373893129
1000,35,0.015497631822915815,True,80.31936254727125
1000,35,0.1717909038228112,False,102.78966040275785
1000,35,0.04569599149117616,True,90.29952143521344
1000,35,0.04042761890364093,True,95.0206744420843
1000,35,0.07706412562478145,False,103.92512758162553
1000,35,0.047592489157422715,True,93.70592297181646
1000,35,0.08398040098732162,False,98.48683740915403
1000,35,0.03538797029124886,True,94.1242529850835
1000,35,0.05511814836102569,False,89.8811914219464
1000,35,0.05213578477615389,False,94.36329870695037
1000,35,0.032259623909317414,True,87.90906421654465
1000,35,0.04057095875869825,True,92.15212577968175
1000,35,0.011764235664189908,True,91.19594289221423
1000,35,0.03088691777556352,True,92.6302172234155
1000,35,0.08537467634930727,False,93.28759295854942
1000,35,0.14556329702714618,False,107.98890485336247
1000,35,0.055560934016988126,False,98.30755311775387
1000,35,0.027031676378446272,True,85.69789128927603
1000,35,0.03492748655740439,True,89.64214570007952
1000,35,0.0423989552207358,True,91.4349886140811
1000,35,0.007252083802718008,True,78.88508821606997
1000,35,0.014712847227635807,True,83.24767264014052
1000,35,0.047136779868571635,True,91.97284148828159
1000,35,0.027173507896442115,True,88.62620138214528
1000,35,0.07094255377074414,False,97.41113166075309
1000,35,0.019725091056000916,True,84.38313981900819
1000,35,0.13611370381510243,False,104.22393473395913
1000,35,0.09052030969279883,False,98.78564456148763
1000,35,0.005208097175115694,True,77.33129102393526
1000,35,0.05231864976928049,False,96.8732787865526
1000,35,0.10334929504484877,False,106.07653907842743
1000,35,0.03309003871075378,True,91.49475004454783
1000,35,0.10881393606073338,False,102.01276180669049
1000,35,0.06803604651970994,False,97.1720859388862
1000,35,0.07257770412252221,False,100.57848747548923
1000,35,0.016369829292709432,True,90.83737430941392
1000,35,0.07517073386480375,False,102.3115689590241
1000,35,0.04773322084020258,True,89.04453139541232
1000,35,0.052874461614875475,False,95.61828874675149
1000,35,0.039572499577325004,True,94.78162872021741
1000,35,0.032224119652545465,True,87.84930278607793
1000,35,0.026074454960611768,True,91.25570432268096
1000,35,0.018907601080734,True,85.27956127600899
1000,35,0.028313173475378012,True,84.20385552760803
1000,35,0.07556991598104831,False,97.65017738261996
1000,35,0.022155295318095576,True,86.41502845487666
1000,35,0.04081398823496301,True,96.2756644818854
1000,35,0.09072963111952645,False,99.6223045880217
1000,35,0.05672306131143728,False,92.03260291874831
1000,35,0.06319648630248642,False,94.48282156788382
1000,35,0.0671468088098354,False,94.18401441555022
1000,35,0.060671834928844495,False,98.6661217005542
1000,35,0.10419183966538872,False,98.30755311775387
1000,35,0.03565897808583112,True,86.77359703767698
1000,35,0.11974280277217815,False,103.08846755509146
1000,35,0.008440588918526714,True,84.74170840180851
1000,35,0.05982233786924358,False,100.39920318408906
1000,35,0.09334835828264675,False,97.23184736935292
1000,35,0.011041552801951182,True,83.12814977920708
1000,35,0.0462710692451801,True,100.8175331973561
1000,35,0.06608580953970078,False,97.35137023028636
1000,35,0.04088044161514491,True,89.40309997821264
1000,35,0.15134282388519216,False,104.7617876081596
1000,35,0.0053324879496957495,True,79.30341822933701
1000,35,0.028651904467052597,True,88.38715566027841
1000,35,0.17711476190039846,False,97.65017738261996
1000,35,0.07083763073006581,False,99.68206601848843
1000,35,0.0792106698755268,False,98.48683740915403
1000,35,0.013736797395935495,True,84.50266267994162
1000,35,0.03895585573561204,True,87.25168848141074
1000,35,0.04197206411025775,True,91.79355719688142
1000,35,0.04016568848850449,True,91.25570432268096
1000,35,0.055383134901665854,False,92.98878580621583
1000,35,0.1392127082913594,False,101.89323894575706
1000,35,0.0465217907515631,True,101.59443179342345
1000,35,0.03225895848519216,True,94.30353727648365
1000,35,0.0822944772989085,False,99.98087317082202
1000,35,0.03725576989522991,True,89.40309997821264
1000,35,0.049694061294738516,True,96.15614162095197
1000,35,0.017764362825809437,True,91.97284148828159
1000,35,0.10391841169725669,False,98.54659883962076
1000,35,0.06739069697002963,False,97.53065452168651
1000,35,0.0636356237671047,False,98.9649288528878
1000,35,0.013549840607919575,True,86.59431274627681
1000,35,0.012484357485198785,True,83.72576408387427
1000,35,0.019406969984120087,True,85.45884556740914
1000,35,0.013873842659201871,True,84.74170840180851
1000,35,0.009883137802759918,True,81.03649971287189
1000,35,0.01528033521451816,True,85.3393227064757
1000,35,0.1941843527948575,False,108.4072348666295
1000,35,0.011234631899271241,True,92.6302172234155
1000,35,0.060556889638492636,False,98.12826882635372
1000,35,0.052162103631408475,False,92.74974008434894
1000,35,0.008085436112862238,True,85.75765271974274
1000,35,0.04245208975309653,True,98.6661217005542
1000,35,0.03284790759798305,True,88.44691709074513
1000,35,0.1218498763751351,False,104.58250331675944
1000,35,0.015525853706742972,True,84.20385552760803
1000,35,0.07329896427145323,False,97.88922310448683
1000,35,0.011854123881724134,True,79.42294109027046
1000,35,0.11098287359657658,False,102.01276180669049
1000,35,0.0963614120435655,False,100.75777176688938
1000,35,0.021480967285994867,True,88.32739422981169
1000,35,0.021067194246811992,True,88.08834850794481
1000,35,0.05523237918590055,False,92.86926294528239
1000,35,0.007069045227104125,True,81.75363687847252
1000,35,0.052893137072083256,False,92.80950151481566
1000,35,0.10063818063635313,False,99.44302029662155
1000,35,0.050824787822535904,False,96.03661876001853
1000,35,0.029501751235159416,True,88.26763279934497
1000,35,0.01194043814146434,True,86.95288132907713
1000,35,0.016854587822397557,True,79.8412711035375
1000,35,0.03445824984069377,True,98.84540599195435
1000,35,0.03847872105434389,True,91.31546575314768
1000,35,0.021802935060993706,True,86.47478988534338
1000,35,0.08286799519118183,False,100.10039603175547
1000,35,0.04088171315345502,True,87.61025706421105
1000,35,0.04682612262864671,True,90.89713573988064
1000,35,0.14158851960775592,False,100.16015746222219
1000,35,0.05970442116672094,False,91.91308005781487
1000,35,0.02899027833690521,True,95.91709589908508
1000,35,0.02627970645843434,True,88.74572424307873
1000,35,0.01021341924600186,True,90.41904429614688
1000,35,0.13883322762967354,False,106.97296053542823
1000,35,0.017097724207195637,True,85.75765271974274
1000,35,0.09729751764020976,False,95.73781160768493
1000,35,0.03625546957975288,True,92.21188721014846
1000,35,0.04853236804919786,True,91.73379576641472
1000,35,0.022851848754590207,True,92.80950151481566
1000,35,0.020010675458200487,True,82.76958119640676
1000,35,0.04628039003846178,True,93.40711581948287
1000,35,0.020952859691100417,True,90.53856715708032
1000,35,0.02687802396641248,True,91.19594289221423
1000,35,0.01427300516463591,True,80.25960111680453
1000,35,0.015611098744815703,True,83.90504837527443
1000,35,0.019046625581154105,True,94.60234442881726
1000,35,0.025414537284358333,True,90.53856715708032
1000,35,0.005198247701503933,True,73.86512805686553
1000,35,0.08110937306835926,False,90.89713573988064
1000,35,0.026097932834652678,True,94.90115158115086
1000,35,0.03740152869312896,True,91.49475004454783
1000,35,0.10396977073312656,False,102.01276180669049
1000,35,0.06432858150170571,False,95.61828874675149
1000,35,0.012067236249663061,True,88.38715566027841
1000,35,0.059678884495859806,False,93.88520726321661
1000,35,0.1165549382250309,False,101.47490893249002
1000,35,0.02935813998026241,True,92.21188721014846
1000,35,0.13167077032814045,False,106.19606193936087
1000,35,0.02938556977794834,True,89.64214570007952
1000,35,0.09467888598700065,False,103.38727470742505
1000,35,0.23484378390629881,False,104.40321902535928
1000,35,0.22787357358868096,False,107.98890485336247
1000,35,0.008923293049895782,True,85.69789128927603
1000,35,0.06428730474480226,False,102.13228466762394
1000,35,0.03970303973736721,True,88.86524710401217
1000,35,0.008845417989934946,True,79.24365679887029
1000,35,0.03519720111937801,True,89.64214570007952
1000,35,0.03713545066632316,True,90.59832858754703
1000,35,0.08139558089887917,False,102.01276180669049
1000,35,0.00856107907161858,True,79.30341822933701
1000,35,0.04098191982251551,True,91.79355719688142
1000,35,0.02300617687137988,True,85.63812985880931
1000,35,0.07312088421336524,False,93.94496869368334
1000,35,0.1064714905426321,False,96.15614162095197
1000,35,0.02330535397819853,True,91.25570432268096
1000,35,0.07187601892228414,False,100.21991889268891
1000,35,0.04807572306964529,True,97.59041595215324
1000,35,0.026734801489741604,True,88.74572424307873
1000,35,0.01860860571470292,True,87.7895413556112
1000,35,0.07743255813163756,False,95.61828874675149
1000,35,0.015897404858855966,True,86.53455131581009
1000,35,0.04416274509043796,True,94.96091301161758
1000,35,0.07762773319561081,False,101.05657891922299
1000,35,0.18515263913548421,False,104.1641733034924
1000,35,0.06089971123183084,False,95.0206744420843
1000,35,0.04991004238442348,True,90.95689717034736
1000,35,0.026478624279622682,True,87.1321656204773
1000,35,0.13855908461006808,False,108.28771200569606
1000,35,0.0382060030348646,True,89.94095285241312
1000,35,0.0055138104513173716,True,82.17196689173956
1000,35,0.12269401699986035,False,105.957016217494
1000,35,0.05404800054120041,False,98.00874596542027
1000,35,0.04194544733242619,True,96.33542591235212
1000,35,0.08559751415969782,False,98.78564456148763
1000,35,0.03337777797341021,True,84.92099269320866
1000,35,0.010958700380432262,True,80.4986468386714
1000,35,0.09406139931415912,False,96.03661876001853
1000,35,0.04581283233574127,True,96.57447163421901
1000,35,0.05002788736328048,False,97.35137023028636
1000,35,0.08973978523771795,False,95.73781160768493
1000,35,0.12558057870763176,False,99.20397457475467
1000,35,0.016367952788814085,True,83.24767264014052
1000,35,0.04514216307660375,True,87.49073420327761
1000,35,0.038334191801183026,True,91.61427290548127
1000,35,0.05328289536372639,False,92.21188721014846
1000,35,0.03093803597812598,True,88.08834850794481
1000,35,0.03169298020403518,True,94.48282156788382
1000,35,0.06263984389431251,False,94.24377584601693
1000,35,0.07388320438454227,False,95.67805017721821
1000,35,0.13849718525428978,False,110.02079348923094
1000,35,0.014912142720893157,True,90.71785144848047
1000,35,0.071847517716453,False,97.94898453495355
1000,35,0.019294617029007415,True,93.2278315280827
1000,35,0.036254508118049825,True,89.16405425634576
1000,35,0.0137601446633551,True,83.90504837527443
1000,35,0.060981963643243334,False,99.80158887942187
1000,35,0.09668922371020669,False,101.17610178015642
1000,35,0.015535997791296522,True,85.3393227064757
1000,35,0.05365228980107,False,96.75375592561916
1000,35,0.06613510647628215,False,97.82946167402012
1000,35,0.01675871391148911,True,89.22381568681249
1000,35,0.05871155343421146,False,99.6223045880217
1000,35,0.03629062526569042,True,90.41904429614688
1000,35,0.05733769084259326,False,93.16807009761598
1000,35,0.08786600329251726,False,99.38325886615483
1000,35,0.021013603519797062,True,90.41904429614688
1000,35,0.03975744429462828,True,92.27164864061518
1000,35,0.05634034982669859,False,94.06449155461678
1000,35,0.023440365978529228,True,89.16405425634576
1000,35,0.07704804034779056,False,103.92512758162553
1000,35,0.03749988756922429,True,90.89713573988064
1000,35,0.14314332982288774,False,110.37936207203126
1000,35,0.0755853217935901,False,100.75777176688938
1000,35,0.14224149252600932,False,106.07653907842743
1000,35,0.07628311646452256,False,98.9649288528878
1000,35,0.008893330996113493,True,82.41101261360645
1000,35,0.03880152460030362,True,91.49475004454783
1000,35,0.04291839087033252,True,97.94898453495355
1000,35,0.053410763268307716,False,94.54258299835054
1000,35,0.0628700313364858,False,103.2677518464916
1000,35,0.03539682223733268,True,89.28357711727921
1000,35,0.038175228049812125,True,98.36731454822059
1000,35,0.09024444645177147,False,99.74182744895515
1000,35,0.01622208405716177,True,86.47478988534338
1000,35,0.13265877320849143,False,99.98087317082202
1000,35,0.09163613177749005,False,98.30755311775387
1000,35,0.03029700661436359,True,85.0405155541421
1000,35,0.08365881813700875,False,100.75777176688938
1000,35,0.17167912405763786,False,99.98087317082202
1000,35,0.010080703272367991,True,81.9926826003394
1000,35,0.02082896518437701,True,87.01264275954385
1000,35,0.043364707659057235,True,93.64616154134974
1000,35,0.07575801576533565,False,103.62632042929192
1000,35,0.044845507088886336,True,94.90115158115086
1000,35,0.15721033183650762,False,110.31960064156453
1000,35,0.0607292208851536,False,96.63423306468573
1000,35,0.08381436684368429,False,98.24779168728716
1000,35,0.022152971230481346,True,85.39908413694242
1000,35,0.06436962206656735,False,96.15614162095197
1000,35,0.010940269340286034,True,85.63812985880931
1000,35,0.043924797872537044,True,98.48683740915403
1000,35,0.057257237056767635,False,98.12826882635372
1000,35,0.027147582001188143,True,85.10027698460883
1000,35,0.07460617651321783,False,98.60636027008748
1000,35,0.03617510745266438,True,95.43900445535132
1000,35,0.25919656170799354,False,106.37534623076104
1000,35,0.026446114902703297,True,88.20787136887824
1000,35,0.022384084673761306,True,87.01264275954385
1000,35,0.017007722215764617,True,85.10027698460883
1000,35,0.01717597904416815,True,84.26361695807475
1000,35,0.17740276128062596,False,104.58250331675944
1000,35,0.0700725945686934,False,99.14421314428795
1000,35,0.02205208053543219,True,89.76166856101297
1000,35,0.10314680983946121,False,101.1163403496897
1000,35,0.09266282017743721,False,99.14421314428795
1000,35,0.012549860380621333,True,83.30743407060723
1000,35,0.03054918718547286,True,91.4349886140811
1000,35,0.12976504036163022,False,98.6661217005542
1000,35,0.1577033077074577,False,107.03272196589495
1000,35,0.030203942503345692,True,89.70190713054625
1000,35,0.05450197402107756,False,89.34333854774593
1000,35,0.013043323282180625,True,84.26361695807475
1000,35,0.08698091396136359,False,97.65017738261996
1000,35,0.05785806359195888,False,94.1242529850835
1000,35,0.10243061025251787,False,97.35137023028636
1000,35,0.01251566491280903,True,83.30743407060723
1000,35,0.05166223066779197,False,99.14421314428795
1000,35,0.08500489861670814,False,95.55852731628477
1000,35,0.018379084337436433,True,83.30743407060723
1000,35,0.1265859678300069,False,106.31558480029432
1000,35,0.05061732716450205,False,94.66210585928397
1000,35,0.028965009260980477,True,88.08834850794481
1000,35,0.21960894239685858,False,109.48294061503046
1000,35,0.027078654029474365,True,90.17999857427999
1000,35,0.21920258422289077,False,107.57057484009543
1000,35,0.059086388492588474,False,97.65017738261996
1000,35,0.17111600327775853,False,107.27176768776182
1000,35,0.023984167750108806,True,90.7776128789472
1000,35,0.06839008987138541,False,97.05256307795277
1000,35,0.04682784341951231,True,93.28759295854942
1000,35,0.04372671784244697,True,92.6302172234155
1000,35,0.055508166351151966,False,98.90516742242107
1000,35,0.03825219573760967,True,97.47089309121979
1000,35,0.04869019263968546,True,97.1720859388862
1000,35,0.02720688744730379,True,87.96882564701137
1000,35,0.1213670735149764,False,101.05657891922299
1000,35,0.018706723009581747,True,93.10830866714926
1000,35,0.0070914660283178796,True,80.4986468386714
1000,35,0.06049753911983099,False,96.15614162095197
1000,35,0.03628580522255894,True,98.6661217005542
1000,35,0.0207622734512518,True,91.31546575314768
1000,35,0.07151536785367935,False,95.67805017721821
1000,35,0.044104171370858605,True,92.98878580621583
1000,35,0.05287020567456207,False,96.33542591235212
1000,35,0.09380617822037027,False,103.2677518464916
1000,35,0.06632380647459331,False,92.92902437574911
1000,35,0.17613641366760127,False,102.49085325042425
1000,35,0.07275273877678388,False,99.38325886615483
1000,35,0.0195504804937435,True,90.17999857427999
1000,35,0.021058771952008577,True,89.64214570007952
1000,35,0.12446265892146816,False,105.12035619095992
1000,35,0.10621893853452984,False,103.80560472069209
1000,35,0.053294398172464556,False,98.24779168728716
1000,35,0.09448865310242997,False,102.13228466762394
1000,35,0.016947128594469372,True,92.09236434921503
1000,35,0.03834598066493047,True,95.79757303815165
1000,35,0.22326790859857107,False,106.61439195262791
1000,35,0.01057339899839689,True,83.00862691827363
1000,35,0.0638304399184502,False,96.93304021701933
1000,35,0.030794212148076313,True,89.8811914219464
1000,35,0.019840126127870072,True,86.71383560721026
1000,35,0.039668222356105134,True,91.01665860081407
1000,35,0.024568029041604808,True,87.07240419001057
1000,35,0.09701983287474691,False,96.15614162095197
1000,35,0.044757232942418755,True,90.89713573988064
1000,35,0.03960723310349787,True,96.15614162095197
1000,35,0.07821652828348565,False,97.47089309121979
1000,35,0.23671005472089554,False,108.16818914476262
1000,35,0.011336804535350268,True,84.62218554087507
1000,35,0.04491750515862592,True,92.27164864061518
1000,35,0.04735255399165499,True,92.09236434921503
1000,35,0.06996869140058187,False,99.02469028335452
1000,35,0.030219373205648402,True,90.59832858754703
1000,35,0.07515972350969272,False,98.12826882635372
1000,35,0.02270144347609272,True,87.55049563374433
1000,35,0.028669761395077233,True,96.81351735608588
1000,35,0.0791305520763333,False,95.55852731628477
1000,35,0.07438686423273617,False,97.29160879981964
1000,35,0.014834011564964717,True,82.11220546127284
1000,35,0.06616978840380222,False,97.47089309121979
1000,35,0.15809276383190957,False,108.46699629709622
1000,35,0.02241787308648033,True,85.10027698460883
1000,35,0.04946227321509482,True,98.36731454822059
1000,35,0.04808813937570006,True,94.00473012415006
1000,35,0.07534168594384817,False,102.3115689590241
1000,35,0.08296763144173631,False,99.32349743568811
1000,35,0.018397316275857976,True,90.41904429614688
1000,35,0.0584222358106596,False,92.15212577968175
1000,35,0.047021971000521655,True,96.81351735608588
1000,35,0.09107290373755457,False,100.93705605828954
1000,35,0.05525291831480093,False,91.31546575314768
1000,35,0.08605542216364719,False,96.09638019048525
1000,35,0.18941448154893703,False,100.45896461455578
1000,35,0.07214512613510045,False,97.65017738261996
1000,35,0.007132679811549556,True,83.36719550107395
1000,35,0.09029586027842337,False,98.90516742242107
1000,35,0.029280587241059843,True,93.64616154134974
1000,35,0.03970118765803215,True,93.40711581948287
1000,35,0.09769805950614253,False,100.87729462782282
1000,35,0.015774509561943015,True,78.58628106373638
1000,35,0.024551103391120876,True,88.685962812612
1000,35,0.023782291383841307,True,94.18401441555022
1000,35,0.10541542385525536,False,99.80158887942187
1000,35,0.02611869673177124,True,86.77359703767698
1000,35,0.07338271277948662,False,95.85733446861836
1000,35,0.07619519424135593,False,99.9211117403553
1000,35,0.009604533497729772,True,81.27554543473876
1000,35,0.0062542034300381915,True,77.33129102393526
1000,35,0.09015750333006955,False,99.20397457475467
1000,35,0.020085002811893633,True,93.64616154134974
1000,35,0.07094447794579349,False,96.93304021701933
1000,35,0.02495808965227158,True,93.64616154134974
1000,35,0.02062561697594171,True,90.41904429614688
1000,35,0.03301973908389927,True,90.35928286568016
1000,35,0.07449518432747639,False,95.73781160768493
1000,35,0.08375630624595869,False,92.80950151481566
1000,35,0.01908727248510604,True,88.56643995167856
1000,35,0.06038338254955153,False,96.8732787865526
1000,35,0.04241980568382344,True,89.64214570007952
1000,35,0.057934026850035424,False,93.70592297181646
1000,35,0.03316455018756391,True,89.8811914219464
1000,35,0.03702463133823187,True,92.80950151481566
1000,35,0.05375791018058714,False,92.45093293201535
1000,35,0.13963175238338235,False,105.957016217494
1000,35,0.050275263518526674,False,93.16807009761598
1000,35,0.02339175448935627,True,88.92500853447889
1000,35,0.04479086320209397,True,91.31546575314768
1000,35,0.05961189782504643,False,94.36329870695037
1000,35,0.04644088210483966,True,94.4230601374171
1000,35,0.0900271129193888,False,95.0206744420843
1000,35,0.022916076131314977,True,90.23976000474671
1000,35,0.007738424946380356,True,82.11220546127284
1000,35,0.09046277117019748,False,95.85733446861836
1000,35,0.07660729942908623,False,100.45896461455578
1000,35,0.025554546746903856,True,87.1321656204773
1000,35,0.13995164891842848,False,102.43109181995753
1000,35,0.013841113092742845,True,85.87717558067618
1000,35,0.10618634657604435,False,97.65017738261996
1000,35,0.021008055114031587,True,88.56643995167856
1000,35,0.02248194701726643,True,89.10429282587904
1000,35,0.04543975012372495,True,98.30755311775387
1000,35,0.053594762864895895,False,102.43109181995753
1000,35,0.020897369199289504,True,84.62218554087507
1000,35,0.03336157123519897,True,93.58640011088302
1000,35,0.01114176905802807,True,83.90504837527443
1000,35,0.11778243629475685,False,97.11232450841948
1000,35,0.08150716982717839,False,99.32349743568811
1000,35,0.010164956088854022,True,82.53053547453987
1000,35,0.041509152544869365,True,93.2278315280827
1000,35,0.25425993419160764,False,111.39530638996548
1000,35,0.008282444302214352,True,85.51860699787586
1000,35,0.018316348182464994,True,85.45884556740914
1000,35,0.09824757043732213,False,98.54659883962076
1000,35,0.1214769392773114,False,98.24779168728716
1000,35,0.16880291550561094,False,104.64226474722616
1000,35,0.019323622855348097,True,86.41502845487666
1000,35,0.07476783026687567,False,96.39518734281884
1000,35,0.09829116060265297,False,100.10039603175547
1000,35,0.03406487519000045,True,92.92902437574911
1000,35,0.10679936214877848,False,102.25180752855738
1000,35,0.020977294501413706,True,88.20787136887824
1000,35,0.02405699913077197,True,83.96480980574115
1000,35,0.02890480721031768,True,95.43900445535132
1000,35,0.03365839259443467,True,90.17999857427999
1000,35,0.06733016873332028,False,101.83347751529034
1000,35,0.004034427975798702,True,69.20373648046139
1000,35,0.05944547626460518,False,96.03661876001853
1000,35,0.11759033235144085,False,100.27968032315563
1000,35,0.029495135184922378,True,98.9649288528878
1000,35,0.03421362874271017,True,85.51860699787586
1000,35,0.048363404765608686,True,94.4230601374171
1000,35,0.043219321270690045,True,94.18401441555022
1000,35,0.03466286398589824,True,91.4349886140811
1000,35,0.02829709113812613,True,84.1440940971413
1000,35,0.0122083210961678,True,82.11220546127284
1000,35,0.10756091932653265,False,100.87729462782282
1000,35,0.15972484442405305,False,106.85343767449478
1000,35,0.058158022054265214,False,94.1242529850835
1000,35,0.17787184012035984,False,107.27176768776182
1000,35,0.032450036812764316,True,87.01264275954385
1000,35,0.023686514016488025,True,90.89713573988064
1000,35,0.013574875492180062,True,83.54647979247412
1000,35,0.045542948824443125,True,90.83737430941392
1000,35,0.04271526323507558,True,92.09236434921503
1000,35,0.015326937736756887,True,85.51860699787586
1000,35,0.014994771327648607,True,81.3950682956722
1000,35,0.11866216197969554,False,103.98488901209224
1000,35,0.016558110709723406,True,87.25168848141074
1000,35,0.12197296066282466,False,102.07252323715721
1000,35,0.05252782436191171,False,93.58640011088302
1000,35,0.019755974060222167,True,90.23976000474671
1000,35,0.08225904371411175,False,95.9768573295518
1000,35,0.024692267264048332,True,94.06449155461678
1000,35,0.004885570439243592,True,79.42294109027046
1000,35,0.03772122235383731,True,90.06047571334656
1000,35,0.014260782302559298,True,84.32337838854147
1000,35,0.11133718120331186,False,98.84540599195435
1000,35,0.034634840427633776,True,88.38715566027841
1000,35,0.022912452579048316,True,88.0285870774781
1000,35,0.033306342077397466,True,91.4349886140811
1000,35,0.0379107635750081,True,89.04453139541232
1000,35,0.17984234564448784,False,102.90918326369129
1000,35,0.02207914946285132,True,84.68194697134179
1000,35,0.07460814835645956,False,92.68997865388222
1000,35,0.07734600992900942,False,94.30353727648365
1000,35,0.01322663601793845,True,86.53455131581009
1000,35,0.09161588659711545,False,104.64226474722616
1000,35,0.007345584471635387,True,80.4388854082047
1000,35,0.08480244916676573,False,100.75777176688938
1000,35,0.027173683406196202,True,93.16807009761598
1000,35,0.04091374573783633,True,95.73781160768493
1000,35,0.00865587473209045,True,77.92890532860247
1000,35,0.09671777947530458,False,100.69801033642267
1000,35,0.02993289557009378,True,92.09236434921503
1000,35,0.039728308548823844,True,89.40309997821264
1000,35,0.030336184433756408,True,88.62620138214528
1000,35,0.004716854027999326,True,77.68985960673558
1000,35,0.03203074020545417,True,95.14019730301773
1000,35,0.09432362952777834,False,100.27968032315563
1000,35,0.08073428200946962,False,95.0206744420843
1000,35,0.04153899688359225,True,89.76166856101297
1000,35,0.01819253243419202,True,87.84930278607793
1000,35,0.017735232814773988,True,93.46687724994958
1000,35,0.12330842481233137,False,98.12826882635372
1000,35,0.14714253961407078,False,103.08846755509146
1000,35,0.03602491761644595,True,98.78564456148763
1000,35,0.03201177404976653,True,91.13618146174751
1000,35,0.009376963605731035,True,84.44290124947491
1000,35,0.11297274263425709,False,99.98087317082202
1000,35,0.043752618068347286,True,93.46687724994958
1000,35,0.01667936035871474,True,85.81741415020946
1000,35,0.010333517456169304,True,82.41101261360645
1000,35,0.060639612481467764,False,96.99280164748605
1000,35,0.10771468605655103,False,100.63824890595595
1000,35,0.08090322751690456,False,97.35137023028636
1000,35,0.03256449763001942,True,95.25972016395117
1000,35,0.028452186194847313,True,84.80146983227523
1000,35,0.011247297424709375,True,86.71383560721026
1000,35,0.10269511067835825,False,98.42707597868731
1000,35,0.102670392386992,False,103.80560472069209
1000,35,0.11526573724467304,False,100.5187260450225
1000,35,0.06246813108265273,False,101.89323894575706
1000,35,0.09978030863105636,False,102.72989897229114
1000,35,0.07185419472646207,False,98.48683740915403
1000,35,0.07893488826420503,False,96.15614162095197
1000,35,0.010818963053519157,True,83.84528694480771
1000,35,0.04247232936590154,True,90.29952143521344
1000,35,0.1584492209162991,False,103.68608185975864
1000,35,0.050512354457157266,False,95.19995873348445
1000,35,0.021273736293020807,True,88.62620138214528
1000,35,0.04598199990529153,True,93.40711581948287
1000,35,0.03966050891325865,True,93.40711581948287
1000,35,0.026260734397126145,True,87.01264275954385
1000,35,0.028649039564435454,True,92.68997865388222
1000,35,0.06904962053025922,False,95.37924302488462
1000,35,0.0021884832697101736,True,70.93681796399626
1000,35,0.13558964761002576,False,100.45896461455578
1000,35,0.08260571028590807,False,101.17610178015642
1000,35,0.01818277783393923,True,86.47478988534338
1000,35,0.06613973044231536,False,97.41113166075309
1000,35,0.01532957086019116,True,81.75363687847252
1000,35,0.02865649066799762,True,90.83737430941392
1000,35,0.027725757668300023,True,87.01264275954385
1000,35,0.06678851824029454,False,98.36731454822059
1000,35,0.2650481252913908,False,107.33152911822854
1000,35,0.024010150960982708,True,87.61025706421105
1000,35,0.051836476161894116,False,91.13618146174751
1000,35,0.12296672316867745,False,100.27968032315563
1000,35,0.20140348584272105,False,105.12035619095992
1000,35,0.09061217853133738,False,99.32349743568811
1000,35,0.07235639671845233,False,103.44703613789177
1000,35,0.019275443256898978,True,87.84930278607793
1000,35,0.03419864366117033,True,87.31144991187746
1000,35,0.04566504469589247,True,86.95288132907713
1000,35,0.07091773749366811,False,98.36731454822059
1000,35,0.04051533954597766,True,98.068507395887
1000,35,0.06466418219402713,False,97.41113166075309
1000,35,0.009591776298051117,True,80.4986468386714
1000,35,0.03665028592575765,True,93.34735438901615
1000,35,0.03207277728236407,True,87.43097277281089
1000,35,0.023114386420138255,True,84.56242411040834
1000,35,0.008693235090538492,True,80.55840826913813
1000,35,0.07814838478284955,False,100.45896461455578
1000,35,0.02320606725364902,True,86.71383560721026
1000,35,0.031564752628637636,True,96.03661876001853
1000,35,0.058581085716008494,False,93.70592297181646
1000,35,0.10263249535742598,False,101.29562464108986
1000,35,0.1598379922682184,False,101.4151475020233
1000,35,0.01138394677103718,True,86.41502845487666
1000,35,0.09865645372227325,False,100.33944175362234
1000,35,0.07869993130463188,False,99.86135030988859
1000,35,0.07105318359697708,False,101.65419322389018
1000,35,0.027696700049059577,True,88.14810993841152
1000,35,0.03883470008647457,True,88.44691709074513
1000,35,0.00692598007868792,True,81.27554543473876
1000,35,0.10455242394454309,False,103.20799041602488
1000,35,0.1498432194118228,False,110.31960064156453
1000,35,0.05342891713236353,False,96.51471020375229
1000,35,0.021132236882003906,True,85.39908413694242
1000,35,0.0425255366476806,True,92.21188721014846
1000,35,0.04357229803827028,True,97.47089309121979
1000,35,0.01451606944324626,True,91.31546575314768
1000,35,0.06316118669296494,False,95.3194815944179
1000,35,0.14466685317572978,False,104.94107189955976
1000,35,0.08719103435475331,False,95.14019730301773
1000,35,0.047301650441736134,True,92.3314100710819
1000,35,0.005561172086278209,True,77.98866675906919
1000,35,0.023704984971745325,True,91.49475004454783
1000,35,0.049796072670958355,True,94.54258299835054
1000,35,0.07818596716878223,False,102.01276180669049
1000,35,0.5553151330586673,False,120.12047523810656
1000,35,0.058056071614253524,False,97.59041595215324
1000,35,0.02321330658740325,True,86.53455131581009
1000,35,0.07286655466080853,False,98.24779168728716
1000,35,0.04441223050810903,True,95.080435872551
1000,35,0.0032042897400145843,True,81.87315973940596
1000,35,0.043416090380813836,True,92.3314100710819
1000,35,0.052417322329339634,False,101.95300037622377
1000,35,0.034613057182135906,True,92.57045579294879
1000,35,0.004872938582641986,True,82.35125118313972
1000,35,0.018123433428272783,True,89.52262283914608
1000,35,0.13192948431569684,False,98.54659883962076
1000,35,0.14529533634014438,False,103.86536615115881
1000,35,0.0532728648917501,False,94.60234442881726
1000,35,0.011891417245632835,True,79.42294109027046
1000,35,0.08499284844441878,False,102.07252323715721
1000,35,0.03640864932545546,True,90.41904429614688
1000,35,0.01988415301130525,True,88.44691709074513
1000,35,0.055450241914332656,False,95.55852731628477
1000,35,0.1418738036963166,False,96.99280164748605
1000,35,0.1186047958944485,False,102.43109181995753
1000,35,0.004364558588529899,True,76.43486956693447
1000,35,0.1487483469379438,False,103.62632042929192
1000,35,0.02562313242452861,True,90.29952143521344
1000,35,0.09399050330199739,False,97.05256307795277
1000,35,0.034606505819979295,True,90.17999857427999
1000,35,0.019182108405088757,True,86.8333584681437
1000,35,0.042009207550975015,True,90.65809001801375
1000,35,0.024120470566581106,True,86.11622130254305
1000,35,0.03995562067105181,True,93.10830866714926
1000,35,0.09417812980032261,False,106.31558480029432
1000,35,0.01267372794000207,True,80.97673828240517
1000,35,0.0326302679650059,True,91.25570432268096
1000,35,0.053039573941995155,False,93.64616154134974
1000,35,0.016321172553954596,True,88.9847699649456
1000,35,0.06985070328004218,False,101.89323894575706
1000,35,0.21257723981700824,False,105.83749335656056
1000,35,0.009761594399065082,True,88.20787136887824
1000,35,0.05840999164510101,False,98.30755311775387
1000,35,0.03018137459579565,True,92.51069436248207
1000,35,0.03645823522530553,True,94.36329870695037
1000,35,0.12377595203642508,False,97.94898453495355
1000,35,0.046246570692603794,True,88.92500853447889
1000,35,0.07689776488964194,False,97.05256307795277
1000,35,0.01154248423065255,True,80.08031682540437
1000,35,0.0719407240467641,False,94.66210585928397
1000,35,0.03739711051104456,True,91.91308005781487
1000,35,0.034267614978637874,True,89.82142999147968
1000,35,0.007450868096189538,True,83.06838834874036
1000,35,0.021561355760609226,True,90.83737430941392
1000,35,0.050868176958307657,False,93.28759295854942
1000,35,0.1030324247999781,False,101.1163403496897
1000,35,0.02863000075491899,True,93.82544583274989
1000,35,0.024818644490685125,True,88.26763279934497
1000,35,0.06138352450904925,False,93.34735438901615
1000,35,0.00728216254359033,True,78.6460424942031
1000,35,0.024696937717607274,True,90.65809001801375
1000,35,0.05153884907516018,False,98.00874596542027
1000,35,0.03853651780922106,True,94.96091301161758
1000,35,0.00988372789947391,True,83.42695693154067
1000,35,0.014602895843643757,True,83.96480980574115
1000,35,0.047496985111441556,True,90.00071428287984
1000,35,0.03063489656594999,True,90.00071428287984
1000,35,0.11532137302426183,False,100.63824890595595
1000,35,0.04346949009807064,True,93.94496869368334
1000,35,0.06062501253114425,False,91.07642003128079
1000,35,0.0269637360466877,True,91.79355719688142
1000,35,0.0274857279101825,True,83.60624122294084
1000,35,0.04454198554290792,True,93.10830866714926
1000,35,0.10704812886995564,False,98.78564456148763
1000,35,0.019650934424781063,True,90.00071428287984
1000,35,0.012316566436388612,True,83.96480980574115
1000,35,0.04056051661351276,True,93.88520726321661
1000,35,0.04808253205290368,True,96.45494877328557
1000,35,0.07446093495502865,False,102.07252323715721
1000,35,0.0555065037716639,False,88.9847699649456
1000,35,0.007022371934113685,True,85.9369370111429
1000,35,0.03983360533995712,True,92.57045579294879
1000,35,0.05271996306450323,False,92.03260291874831
1000,35,0.07552054479629834,False,97.59041595215324
1000,35,0.0227754692585894,True,90.41904429614688
1000,35,0.1654351499731166,False,99.98087317082202
1000,35,0.01667875824024059,True,80.61816969960485
1000,35,0.03755978743506235,True,87.84930278607793
1000,35,0.12093236222530439,False,96.15614162095197
1000,35,0.09574316782208339,False,98.42707597868731
1000,35,0.08303553711524633,False,97.70993881308668
1000,35,0.055267408244988894,False,98.84540599195435
1000,35,0.021474861862005416,True,87.31144991187746
1000,35,0.1514668114010453,False,102.3115689590241
1000,35,0.024106325269282577,True,86.29550559394322
1000,35,0.045171729905621724,True,97.1720859388862
1000,35,0.0243092219924823,True,88.44691709074513
1000,35,0.06025641754836218,False,96.57447163421901
1000,35,0.055395956125015765,False,92.39117150154863
1000,35,0.030280549481092225,True,88.38715566027841
1000,35,0.016813319878367025,True,87.31144991187746
1000,35,0.08211553042829757,False,103.20799041602488
1000,35,0.09592200751405291,False,107.86938199242903
1000,35,0.058598022012415825,False,102.25180752855738
1000,35,0.04305533371770137,True,90.53856715708032
1000,35,0.056570076566498685,False,87.84930278607793
1000,35,0.0261109219930731,True,89.40309997821264
1000,35,0.04230632851316498,True,93.2278315280827
1000,35,0.012781190545626165,True,79.66198681213733
1000,35,0.021703904181846447,True,83.1879112096738
1000,35,0.06762109397776318,False,94.24377584601693
1000,35,0.05190108719106772,False,93.10830866714926
1000,35,0.07796350128400212,False,95.0206744420843
1000,35,0.07901832233888618,False,98.9649288528878
1000,35,0.08727248510941873,False,94.66210585928397
1000,35,0.0068049414119486056,True,82.17196689173956
1000,35,0.05223852569653152,False,94.1242529850835
1000,35,0.10173263815966087,False,99.50278172708826
1000,35,0.11659906017669756,False,107.74985913149558
1000,35,0.01199426583849377,True,86.71383560721026
1000,35,0.018063193511103255,True,86.17598273300977
1000,35,0.1186356632079154,False,104.10441187302568
1000,35,0.3457478385573469,False,111.93315926416597
1000,35,0.04018056850627575,True,93.64616154134974
1000,35,0.017352842277489865,True,96.2756644818854
1000,35,0.07844805330280889,False,94.60234442881726
1000,35,0.2267489112595257,False,102.19204609809066
1000,35,0.019485285195669808,True,81.57435258707237
1000,35,0.09732348277758093,False,98.48683740915403
1000,35,0.07726610073271553,False,103.62632042929192
1000,35,0.011657408148503301,True,84.92099269320866
1000,35,0.05571112675954218,False,88.26763279934497
1000,35,0.15421211213724093,False,105.89725478702728
1000,35,0.029339781634442938,True,87.01264275954385
1000,35,0.052886486076685696,False,90.41904429614688
1000,35,0.022926333322156486,True,86.29550559394322
1000,35,0.0758864524808641,False,99.44302029662155
1000,35,0.021664467892189704,True,88.0285870774781
1000,35,0.021921050418341536,True,86.2357441634765
1000,35,0.06552842693492007,False,100.04063460128874
1000,35,0.041552689580184723,True,92.39117150154863
1000,35,0.05238051880314488,False,90.71785144848047
1000,35,0.026300726872328407,True,89.8811914219464
1000,35,0.03398235856906611,True,89.94095285241312
1000,35,0.04493087702049222,True,92.6302172234155
1000,35,0.03125703417461085,True,94.96091301161758
1000,35,0.04216720185967158,True,96.99280164748605
1000,35,0.04462872064168557,True,94.4230601374171
1000,35,0.037324119820296264,True,89.22381568681249
1000,35,0.00952826458594305,True,84.0843326666746
1000,35,0.014887787321224713,True,77.80938246766902
1000,35,0.09426663318586305,False,100.39920318408906
1000,35,0.0559441218853735,False,90.71785144848047
1000,35,0.03218106379845462,True,95.14019730301773
1000,35,0.004680803987329614,True,77.15200673253511
1000,35,0.17321164946878786,False,106.67415338309463
1000,35,0.05685840435249391,False,94.60234442881726
1000,35,0.049241672260622774,True,95.85733446861836
1000,35,0.0747362601622159,False,99.98087317082202
1000,35,0.015129568259315284,True,90.71785144848047
1000,35,0.011400637685097883,True,86.71383560721026
1000,35,0.015224803280410388,True,88.0285870774781
1000,35,0.03422384071992038,True,92.57045579294879
1000,35,0.227175868128238,False,109.36341775409701
1000,35,0.023014057651242925,True,94.48282156788382
1000,35,0.03548420550713763,True,94.78162872021741
1000,35,0.05597797757654427,False,93.34735438901615
1000,35,0.014850864041674131,True,90.71785144848047
1000,35,0.08900902152677038,False,99.38325886615483
1000,35,0.06134467126267589,False,90.83737430941392
1000,35,0.0038587594470692265,True,76.8531995802015
1000,35,0.08866728395606742,False,103.80560472069209
1000,35,0.09170249715786256,False,98.068507395887
1000,35,0.15052402007074367,False,101.05657891922299
1000,35,0.07050715856370758,False,91.674034335948
1000,35,0.015971060916331114,True,86.11622130254305
1000,35,0.06361114770242211,False,98.30755311775387
1000,35,0.09045104188141138,False,103.80560472069209
1000,35,0.127814882806182,False,102.07252323715721
1000,35,0.011546161300619634,True,81.03649971287189
1000,35,0.05583450804790627,False,96.69399449515244
1000,35,0.06043173276627241,False,96.93304021701933
1000,35,0.021303791462880826,True,89.82142999147968
1000,35,0.02166448198780955,True,91.91308005781487
1000,35,0.012509789226256075,True,87.55049563374433
1000,35,0.024132326176902925,True,87.67001849467778
1000,35,0.043670991765944335,True,93.5266386804163
1000,35,0.04705784049903906,True,92.15212577968175
1000,35,0.1331369371405263,False,99.44302029662155
1000,35,0.015319751875970155,True,84.1440940971413
1000,35,0.03559412239254235,True,89.82142999147968
1000,35,0.10882883010282071,False,105.47892477376024
1000,35,0.07623442262085864,False,99.02469028335452
1000,35,0.031932795184464985,True,90.89713573988064
1000,35,0.11056211492174846,False,98.90516742242107
1000,35,0.07281190278435387,False,99.98087317082202
1000,35,0.008643588126240068,True,80.4986468386714
1000,35,0.029027526270809966,True,90.53856715708032
1000,35,0.029956581515021494,True,89.10429282587904
1000,35,0.00926608255261439,True,88.38715566027841
1000,35,0.09492344227633495,False,98.30755311775387
1000,35,0.008174529795382794,True,80.67793113007157
1000,35,0.06422871560989256,False,95.61828874675149
1000,35,0.02786241777798714,True,86.77359703767698
1000,35,0.0725694610916539,False,96.69399449515244
1000,35,0.013942710591972248,True,91.01665860081407
1000,35,0.05131637927548141,False,97.1720859388862
1000,35,0.025789875962961097,True,89.8811914219464
1000,35,0.019942845776667145,True,88.32739422981169
1000,35,0.05168322281364956,False,89.40309997821264
1000,35,0.010765842229624428,True,78.6460424942031
1000,35,0.056822760347901985,False,89.22381568681249
1000,35,0.04333768883744379,True,91.55451147501455
1000,35,0.08405023038288137,False,93.2278315280827
1000,35,0.055599479195345136,False,91.61427290548127
1000,35,0.051650177252468586,False,95.080435872551
1000,35,0.023092799524554508,True,88.08834850794481
1000,35,0.06901712949489615,False,99.68206601848843
1000,35,0.010266124419221494,True,81.51459115660565
1000,35,0.061657159372330066,False,93.40711581948287
1000,35,0.00960049063137586,True,85.0405155541421
1000,35,0.028322222090721088,True,82.11220546127284
1000,35,0.0897741680927256,False,92.92902437574911
1000,35,0.03947373206981591,True,90.4788057266136
1000,35,0.029318396683074677,True,89.40309997821264
1000,35,0.10735139605095559,False,97.53065452168651
1000,35,0.07109063327108121,False,98.90516742242107
1000,35,0.022535388569984018,True,86.35526702440994
1000,35,0.13571820172970628,False,109.36341775409701
1000,35,0.008342771148823192,True,83.84528694480771
1000,35,0.18471276236301898,False,103.68608185975864
1000,35,0.018757641543509465,True,91.91308005781487
1000,35,0.06954121300598129,False,97.35137023028636
1000,35,0.010948821960182329,True,92.03260291874831
1000,35,0.05110289093949232,False,90.53856715708032
1000,35,0.08811731875239202,False,98.48683740915403
1000,35,0.01740058971444215,True,84.74170840180851
1000,35,0.038984885331840385,True,92.68997865388222
1000,35,0.0659005979301063,False,100.21991889268891
1000,35,0.027739563277820307,True,89.40309997821264
1000,35,0.012022664235805352,True,85.87717558067618
1000,35,0.024017333861525905,True,84.20385552760803
1000,35,0.09397459469459428,False,100.16015746222219
1000,35,0.06068539078093672,False,93.2278315280827
1000,35,0.004149184397034127,True,81.57435258707237
1000,35,0.08425035692437442,False,98.068507395887
1000,35,0.2574214209921795,False,109.66222490643061
1000,35,0.07188535498650288,False,94.84139015068413
1000,35,0.036212796984039376,True,89.10429282587904
1000,35,0.037120145989583596,True,92.80950151481566
1000,35,0.02259087416339872,True,87.7297799251445
1000,35,0.015027386068599886,True,82.76958119640676
1000,35,0.01955522123139455,True,85.39908413694242
1000,35,0.02456021094748929,True,92.09236434921503
1000,35,0.01329861605776964,True,85.75765271974274
1000,35,0.08245039617186448,False,98.24779168728716
1000,35,0.0339621775400617,True,87.31144991187746
1000,35,0.029545842715096193,True,86.95288132907713
1000,35,0.0600053041740874,False,93.34735438901615
1000,35,0.035777982004281506,True,95.14019730301773
1000,35,0.03432176722460555,True,87.07240419001057
1000,35,0.055693581611536064,False,97.35137023028636
1000,35,0.10575310970884669,False,102.78966040275785
1000,35,0.0385219012845276,True,94.24377584601693
1000,35,0.00730650425415181,True,83.54647979247412
1000,35,0.0855861975954053,False,105.41916334329352
1000,35,0.03823847769370166,True,93.2278315280827
1000,35,0.025851935745070727,True,92.86926294528239
1000,35,0.020682631349785843,True,84.92099269320866
