1000,25,1.2187465834558023e-07,True,,0.0036747925981650826,True
1000,25,3.5010793073040475e-12,True,,0.001017489129009439,True
1000,25,2.505836220967193e-13,True,,2.5133746191543967e-07,True
1000,25,1.7114089184897534e-14,True,,0.00186421622374455,True
1000,25,1.724937543256671e-12,True,,0.0014381009500088308,True
1000,25,3.965560127411066e-12,True,,0.0002686283850630536,True
1000,25,4.974925071049067e-10,True,,8.266740807600852e-07,True
1000,25,1.5984048112529028e-13,True,,1.731600549740161e-07,True
1000,25,3.2502284471372372e-12,True,,0.0005534203043283797,True
1000,25,2.2300077294530968e-14,True,,1.915094021021297e-06,True
1000,25,5.3462714045641604e-15,True,,0.00018496908408863373,True
1000,25,1.0694786748447842e-11,True,,6.158554051491218e-05,True
1000,25,3.935888092951001e-12,True,,0.0001339104610697961,True
1000,25,1.1530978161194459e-12,True,,1.2550907579537182e-05,True
1000,25,1.5220360015516633e-11,True,,2.499754758418474e-06,True
1000,25,7.35215568081778e-17,True,,2.9505352651557925e-06,True
1000,25,1.0789773759498248e-14,True,,0.0003436906836448699,True
1000,25,2.7344057326862364e-15,True,,1.1417561286037618e-05,True
1000,25,2.751504589745294e-13,True,,1.3727019646796618e-05,True
1000,25,1.4089239149390322e-10,True,,5.3392479511572886e-06,True
1000,25,3.70262490514369e-16,True,,1.652158258810555e-05,True
1000,25,1.7856648569306798e-17,True,,0.00012199903302377381,True
1000,25,1.7533856141223408e-12,True,,0.0004651827559182601,True
1000,25,2.2892361479577636e-12,True,,4.244718702915136e-05,True
1000,25,4.5606646206816745e-11,True,,5.472244814678839e-05,True
1000,25,4.0197929697057144e-14,True,,1.1795066001836557e-05,True
1000,25,3.3078212008539004e-13,True,,0.00018621301062388942,True
1000,25,3.4867081071472605e-12,True,,0.004447538619092387,True
1000,25,5.18711532268868e-13,True,,0.0008060871249956495,True
1000,25,1.0583511091163568e-16,True,,7.878458349433967e-05,True
1000,25,2.1890477977886483e-16,True,,1.9088734891568758e-09,True
1000,25,1.0075558157301648e-09,True,,0.0019061012126413669,True
1000,25,1.6893910219933951e-10,True,,0.00016140544225131412,True
1000,25,2.3233642194086525e-16,True,,9.971340806275088e-07,True
1000,25,9.613325907017756e-13,True,,2.0583436574574837e-05,True
1000,25,1.2680445744259697e-12,True,,5.020728331954305e-05,True
1000,25,1.5776828414100297e-25,True,,2.1651963511346757e-06,True
1000,25,4.369947371080565e-13,True,,4.3474952330221e-08,True
1000,25,1.078726310534634e-13,True,,4.928422268625199e-06,True
1000,25,8.378212220919017e-13,True,,0.0006704499979145628,True
1000,25,4.2919147693122283e-13,True,,7.671434745345682e-06,True
1000,25,2.2577231004891367e-13,True,,1.636897534480113e-05,True
1000,25,1.0122935519862995e-08,True,,0.006617232993044701,True
1000,25,2.0735615369132677e-14,True,,1.735188497928238e-08,True
1000,25,5.1571018006817515e-11,True,,0.0014135593663522955,True
1000,25,4.473504330824632e-12,True,,4.797865582396749e-05,True
1000,25,3.211268409501883e-09,True,,0.01925030478771959,True
1000,25,2.6230277676404763e-12,True,,0.0007327120259787458,True
1000,25,1.1595031725090817e-11,True,,0.0005809092182017786,True
1000,25,1.0410530841352333e-11,True,,0.0005837994359570633,True
1000,25,2.238137140336332e-13,True,,0.003304204561726935,True
1000,25,2.060207668234494e-14,True,,9.746275249877756e-05,True
1000,25,3.314496215638415e-10,True,,0.0008932566345825629,True
1000,25,6.798225128215679e-16,True,,0.00022679417900852867,True
1000,25,4.226227479191888e-11,True,,6.0785970029541834e-05,True
1000,25,2.7952872640498964e-14,True,,2.0466805810482635e-07,True
1000,25,4.358206562260632e-09,True,,2.5237023425943163e-06,True
1000,25,1.3338220594895346e-13,True,,0.0007720583395871828,True
1000,25,2.377158959875657e-10,True,,0.01996457114307602,True
1000,25,2.5722106799926146e-14,True,,6.717082186121704e-05,True
1000,25,1.838041958154863e-10,True,,0.0030531064158504356,True
1000,25,2.9603614389949764e-12,True,,3.406354654350676e-05,True
1000,25,8.795703452076717e-12,True,,3.205816134615894e-07,True
1000,25,6.581417131188523e-14,True,,0.00023483944552483472,True
1000,25,1.399631755052704e-16,True,,0.00015577868638435986,True
1000,25,2.4954835436159132e-11,True,,0.00011139876932561517,True
1000,25,6.0889438748462295e-16,True,,1.1767628037754732e-05,True
1000,25,1.5534905807915395e-15,True,,9.055738601032743e-08,True
1000,25,2.595386092856083e-14,True,,4.755257261628401e-06,True
1000,25,7.950993897623425e-10,True,,0.0038394581375986426,True
1000,25,3.3032886978772733e-10,True,,0.003881966501720212,True
1000,25,1.3325237431584581e-14,True,,1.1627703712991558e-06,True
1000,25,1.4621795757649202e-11,True,,0.00012631200151549002,True
1000,25,1.0097788241478638e-14,True,,8.872488867329599e-05,True
1000,25,3.113469783865462e-11,True,,3.3103613604849634e-05,True
1000,25,6.928643079830963e-10,True,,0.0004899924605432975,True
1000,25,5.715150239533423e-10,True,,2.9286839089804072e-05,True
1000,25,7.200034809956037e-17,True,,0.0013882588406779598,True
1000,25,6.982322136208374e-17,True,,0.00046760321011502735,True
1000,25,6.946586927740955e-12,True,,0.00016453538585382661,True
1000,25,1.3309135391511118e-14,True,,8.9810548635723e-06,True
1000,25,2.999476882938395e-16,True,,3.399553329560129e-05,True
1000,25,3.1150654427259804e-13,True,,0.0025940565197449758,True
1000,25,5.995734101531995e-14,True,,0.0038517023716349934,True
1000,25,4.532536388982467e-09,True,,0.017203700892387458,True
1000,25,1.5231442195980643e-11,True,,0.0010905085713600095,True
1000,25,2.7045519188625498e-12,True,,0.0028443765434382584,True
1000,25,8.209918824983152e-12,True,,0.0010453435570254696,True
1000,25,1.2789411020457374e-16,True,,4.873320055150339e-07,True
1000,25,1.231839843028571e-16,True,,0.0006754093040362528,True
1000,25,4.122108152378666e-12,True,,0.0005906137811669853,True
1000,25,5.726974073539741e-15,True,,0.0013909691934467804,True
1000,25,5.295269548341465e-13,True,,3.430444915506082e-06,True
1000,25,1.714217509141281e-11,True,,0.002019017937861974,True
1000,25,5.724240961161045e-13,True,,7.757163707582237e-05,True
1000,25,6.529619964392184e-14,True,,0.0005960858140225315,True
1000,25,7.089203488724262e-14,True,,2.153035612710072e-05,True
1000,25,1.0849720820204916e-12,True,,8.114457606500192e-08,True
1000,25,2.872861335273158e-09,True,,0.00035942758387457537,True
1000,25,1.980824395332334e-18,True,,1.8415918165104297e-07,True
1000,25,4.43039238550318e-18,True,,3.0327594754133106e-10,True
1000,25,1.2602616918422428e-14,True,,0.00027307167448824575,True
1000,25,1.196362922302845e-14,True,,3.513731200260088e-05,True
1000,25,9.179273306089521e-12,True,,0.0010597534287037083,True
1000,25,1.7845995797921187e-14,True,,4.181833096280011e-06,True
1000,25,4.211814834309021e-17,True,,1.0035635547787358e-06,True
1000,25,2.725469418160928e-13,True,,0.009036068579914586,True
1000,25,7.163413717596381e-13,True,,0.004998575321450245,True
1000,25,1.1385813963729336e-11,True,,3.052442512348095e-06,True
1000,25,6.224364558464475e-13,True,,3.45815297408349e-07,True
1000,25,7.123555092835126e-11,True,,0.012195851022930297,True
1000,25,3.0013041848335697e-12,True,,1.2972528072399056e-06,True
1000,25,1.276241953919284e-15,True,,2.011450152865191e-06,True
1000,25,1.6602089947890577e-10,True,,0.00012109621358440721,True
1000,25,6.323620071723683e-20,True,,3.665430630720488e-06,True
1000,25,5.154884833523003e-18,True,,1.7926301384901445e-05,True
1000,25,9.407397808614875e-15,True,,2.7050519339432315e-06,True
1000,25,1.088825541814923e-12,True,,5.169779755130084e-08,True
1000,25,2.326917812195162e-12,True,,0.004572616454915317,True
1000,25,6.490875765075152e-10,True,,0.000904857937049566,True
1000,25,7.631147513441109e-13,True,,0.0006907625480366168,True
1000,25,3.345530834245674e-15,True,,0.010575114498756389,True
1000,25,1.1141303810015667e-15,True,,7.475378769650253e-06,True
1000,25,5.034754097328396e-19,True,,3.5955922082656704e-07,True
1000,25,2.8060088071079498e-11,True,,0.0001011684466728594,True
1000,25,4.12870423853346e-14,True,,0.0026103271673370222,True
1000,25,2.4168963611308096e-08,True,,0.0009866661030576186,True
1000,25,1.8456466288785262e-11,True,,0.0036954564314847452,True
1000,25,4.462796281538877e-12,True,,7.294950476764161e-06,True
1000,25,8.011570631335892e-14,True,,2.5182696032386912e-05,True
1000,25,6.6892402608084266e-12,True,,7.481527698714772e-07,True
1000,25,2.0879346954865868e-16,True,,4.5520404017604095e-06,True
1000,25,2.5736281452957773e-09,True,,0.0027843787487064056,True
1000,25,4.714320873690828e-15,True,,6.563792336685211e-06,True
1000,25,2.122286216988345e-12,True,,0.0012099910909636898,True
1000,25,2.3822167330784604e-12,True,,0.00010070296651724044,True
1000,25,2.8471558778492485e-13,True,,7.063481438598198e-05,True
1000,25,3.916759855879995e-11,True,,0.014869152177131232,True
1000,25,1.172545674805571e-10,True,,0.000102285190810343,True
1000,25,4.411045799217255e-18,True,,6.92318021407771e-07,True
1000,25,2.2957407797184104e-18,True,,2.753724042686458e-07,True
1000,25,4.989268033245675e-16,True,,4.125888099761497e-06,True
1000,25,1.6257816865278372e-10,True,,0.003647671630660653,True
1000,25,7.711895134144056e-13,True,,3.3572152145841413e-05,True
1000,25,6.521277285192503e-15,True,,0.00011527986878744131,True
1000,25,2.7403987048574303e-15,True,,0.00016950039117476264,True
1000,25,1.0887420649219052e-11,True,,0.0008950562395085076,True
1000,25,3.454288822761047e-17,True,,0.0010512723840439041,True
1000,25,3.9637380695763954e-15,True,,0.00014360102764428924,True
1000,25,1.3769540469559548e-12,True,,0.00015250531033002819,True
1000,25,5.275284985155028e-13,True,,9.905571104855374e-05,True
1000,25,7.563765806403953e-15,True,,4.423694611242745e-06,True
1000,25,1.0885231563548843e-13,True,,2.940329385346452e-05,True
1000,25,3.5632873648239255e-10,True,,7.64393587321192e-05,True
1000,25,2.01891113546398e-10,True,,0.0027546920341789956,True
1000,25,6.449821923287553e-17,True,,1.4124704258891788e-05,True
1000,25,2.2515117483446164e-14,True,,6.318916504782645e-05,True
1000,25,5.219013181803627e-11,True,,5.50493068616951e-05,True
1000,25,5.830736137042024e-14,True,,0.0021208312872825373,True
1000,25,1.231038219505495e-12,True,,1.1947285086614138e-06,True
1000,25,5.611124020321708e-13,True,,0.002699223466888729,True
1000,25,2.6367103193336066e-12,True,,6.395770000662563e-05,True
1000,25,7.157653160206387e-15,True,,5.057280024883734e-06,True
1000,25,1.1344879763505114e-11,True,,0.0006858180458869283,True
1000,25,9.668189487716266e-11,True,,0.00014941250443048588,True
1000,25,1.3974046007145272e-12,True,,0.004869991946964902,True
1000,25,2.109663434197693e-11,True,,1.0517219969373867e-05,True
1000,25,1.1388433709560122e-09,True,,0.0022140190695663134,True
1000,25,5.849960393505474e-19,True,,4.750892046033963e-09,True
1000,25,8.487581941919193e-12,True,,0.001133362790475647,True
1000,25,5.176842380584731e-15,True,,6.270769799512396e-06,True
1000,25,2.8475183223807807e-13,True,,6.709928716921278e-06,True
1000,25,5.310347871715513e-21,True,,6.076842032795895e-07,True
1000,25,3.714233080308324e-21,True,,3.840569079655694e-08,True
1000,25,8.602888584520446e-08,True,,0.020402233999462158,True
1000,25,5.4982057787531806e-14,True,,0.000109525003126496,True
1000,25,6.558845815587308e-12,True,,1.3647189459237656e-05,True
1000,25,1.1625772687669884e-12,True,,0.006954580784373936,True
1000,25,7.334092397758119e-09,True,,0.001844477413926035,True
1000,25,6.651846111844612e-09,True,,0.00010048904283638111,True
1000,25,9.671423059561322e-11,True,,1.8305387390958044e-06,True
1000,25,4.389419244550361e-11,True,,0.00540411914653839,True
1000,25,6.471626976201187e-15,True,,6.583859907699957e-07,True
1000,25,1.0044182232480432e-12,True,,0.0005498570988707741,True
1000,25,1.3075196975278163e-12,True,,7.471229017574531e-07,True
1000,25,3.522871960371936e-18,True,,9.703060214167605e-05,True
1000,25,1.3421576045614602e-10,True,,2.6563833837196094e-05,True
1000,25,1.2045883191379938e-17,True,,1.3021417012118609e-05,True
1000,25,2.0183443056952764e-19,True,,2.3175769188958307e-05,True
1000,25,7.277364946099654e-16,True,,0.0001530597474002286,True
1000,25,1.1661760544599743e-13,True,,0.0002993322856513158,True
1000,25,1.418316052086261e-13,True,,0.0006579635612431519,True
1000,25,3.361749769878751e-11,True,,4.5584217977760356e-07,True
1000,25,1.1996689845214812e-10,True,,0.0011982075070333764,True
1000,25,1.0113028008925958e-20,True,,0.00012952272854491344,True
1000,25,7.372403405548579e-13,True,,0.000256059924092107,True
1000,25,3.0254577051592694e-11,True,,8.644830881531274e-07,True
1000,25,4.902305579673383e-15,True,,1.7489296285676917e-06,True
1000,25,1.7204248248597277e-15,True,,9.371489967002145e-06,True
1000,25,1.512014244557656e-13,True,,7.652101019320256e-05,True
1000,25,1.520594314077748e-14,True,,0.0007297623524305265,True
1000,25,1.2002275009499327e-09,True,,0.01341379746880992,True
1000,25,3.6901343605205006e-15,True,,5.067236469900977e-06,True
1000,25,7.969191697237038e-18,True,,0.00029968399928027243,True
1000,25,2.367925814594648e-19,True,,9.560972270864567e-07,True
1000,25,2.491944109805511e-16,True,,4.5261094704246994e-05,True
1000,25,5.556565060051417e-15,True,,2.3974844269608568e-05,True
1000,25,3.1411761416115113e-15,True,,0.0009741598149645055,True
1000,25,1.878873086913407e-11,True,,0.0005617710245093946,True
1000,25,2.784099583200221e-13,True,,9.830904159376676e-08,True
1000,25,1.2405438562971817e-12,True,,0.0009110314602593666,True
1000,25,9.413497851035726e-14,True,,5.7893196759277995e-05,True
1000,25,5.110970784518695e-11,True,,0.003304704193921342,True
1000,25,1.8544730145643266e-12,True,,4.1292114394914074e-07,True
1000,25,4.3516008730373024e-17,True,,4.832766009373547e-05,True
1000,25,3.4601247964301984e-17,True,,1.0901148049427531e-05,True
1000,25,1.1081453114714482e-09,True,,0.000924989410674457,True
1000,25,3.309685269833023e-09,True,,0.010284760309094606,True
1000,25,2.1548104918151186e-12,True,,0.0008729209348533771,True
1000,25,1.7424289661816988e-10,True,,1.909822129167317e-05,True
1000,25,8.440433997864968e-12,True,,4.866832281374007e-05,True
1000,25,6.55297717110022e-11,True,,2.8406387277425114e-05,True
1000,25,8.273742855065158e-11,True,,4.1305475516741077e-07,True
1000,25,7.849166419956913e-12,True,,1.4850028726108422e-07,True
1000,25,4.2030735787337075e-09,True,,0.017724514002267888,True
1000,25,1.0376886310964154e-10,True,,0.0001612291731199424,True
1000,25,4.470257087781332e-14,True,,8.63052015067779e-05,True
1000,25,1.2925548908142174e-15,True,,2.574238596198876e-05,True
1000,25,6.04224105000378e-13,True,,3.3528787819630755e-05,True
1000,25,3.1787262355612076e-15,True,,3.613689312239855e-07,True
1000,25,2.547770349724615e-11,True,,0.0004746744339043522,True
1000,25,3.924713562765965e-13,True,,6.680814511962626e-05,True
1000,25,5.241951520492273e-13,True,,3.115053976546078e-05,True
1000,25,1.8361533045819495e-10,True,,2.229358923444074e-06,True
1000,25,2.0827306308683584e-12,True,,2.2804763098217215e-05,True
1000,25,5.269026857993637e-13,True,,1.1605104692181143e-05,True
1000,25,3.932332027299407e-09,True,,0.0054833388627638854,True
1000,25,3.385906768292497e-18,True,,0.0003946931704131642,True
1000,25,1.1230201863384837e-16,True,,5.433915124223132e-09,True
1000,25,4.739165128448707e-14,True,,0.0001867822741459696,True
1000,25,5.0473310482523165e-17,True,,0.00013060840616855747,True
1000,25,3.6914684546506076e-11,True,,6.853685501302647e-05,True
1000,25,4.839961489583495e-14,True,,1.7051451081603984e-07,True
1000,25,1.7182147939294715e-13,True,,1.5312036630285443e-05,True
1000,25,1.1762397409981635e-16,True,,1.2911810947367705e-06,True
1000,25,8.7731304394691e-12,True,,0.0003633994411450345,True
1000,25,1.9483009088363296e-16,True,,1.2974852406010072e-06,True
1000,25,2.0098013984333e-18,True,,0.00025339481116960967,True
1000,25,1.474267440463819e-14,True,,0.00010869008497137731,True
1000,25,3.35240168497737e-11,True,,1.1821649518794085e-05,True
1000,25,9.614911199510916e-19,True,,2.385769107500867e-08,True
1000,25,1.730067033705766e-12,True,,0.0009925944848765288,True
1000,25,5.599176466315351e-18,True,,0.00015723544902835612,True
1000,25,8.5359918557679e-20,True,,7.412245717539406e-07,True
1000,25,2.6948201983249047e-14,True,,3.3622457948716423e-06,True
1000,25,3.9007212998958594e-18,True,,1.4172476672253246e-05,True
1000,25,1.1483146114941103e-08,True,,0.0035168200975078177,True
1000,25,9.417667191611865e-18,True,,4.317179876452605e-05,True
1000,25,1.455758290342544e-12,True,,1.9262123943437405e-05,True
1000,25,6.697277915538699e-16,True,,1.4754445044384181e-05,True
1000,25,2.305889866977244e-12,True,,0.0018239690251572824,True
1000,25,2.2620837384147617e-12,True,,0.001728961801784924,True
1000,25,2.6355105410231907e-12,True,,0.00022101827915011564,True
1000,25,1.8802129103398673e-12,True,,7.427461201247146e-05,True
1000,25,1.131000354476491e-21,True,,4.180867200914264e-06,True
1000,25,3.1101582035559966e-13,True,,3.290010904147564e-05,True
1000,25,8.491248376534514e-19,True,,4.2691400653706814e-05,True
1000,25,4.7411104856739686e-12,True,,4.261858862133914e-05,True
1000,25,1.2081628605636916e-12,True,,0.00012037215683965959,True
1000,25,1.2016262884381598e-16,True,,0.0040582068723672,True
1000,25,1.9596190526892468e-14,True,,0.00010697603067863555,True
1000,25,2.20617332830197e-12,True,,0.00031968543371642345,True
1000,25,2.874852090917127e-17,True,,0.00012166471504913898,True
1000,25,5.679677757809406e-14,True,,0.000451798151487599,True
1000,25,2.1777017822983605e-14,True,,2.2266256988855848e-05,True
1000,25,9.850339142610004e-12,True,,3.155220608862774e-05,True
1000,25,3.7109455027279745e-12,True,,0.000136625822793044,True
1000,25,3.297463217702294e-17,True,,3.4370440265341205e-06,True
1000,25,4.259742552335491e-12,True,,0.00013615029239696022,True
1000,25,1.230802327669266e-13,True,,7.286604919808943e-05,True
1000,25,5.623675289703489e-13,True,,5.68402729454359e-06,True
1000,25,1.5774016067517147e-10,True,,7.476436582924943e-07,True
1000,25,2.950746154031774e-16,True,,0.00018213255796816565,True
1000,25,1.4618560761253345e-11,True,,0.003260245604559342,True
1000,25,1.4549884721516518e-13,True,,0.00040825630351432464,True
1000,25,3.6535299453725765e-14,True,,7.298063844695159e-05,True
1000,25,1.236224880143745e-10,True,,1.0051001323252134e-05,True
1000,25,1.896135387797497e-09,True,,0.0006713221108461769,True
1000,25,1.330982969990499e-12,True,,2.8917777599883124e-06,True
1000,25,3.257621303559003e-15,True,,0.00012163120183578755,True
1000,25,1.6243039472908507e-11,True,,0.0005524102927994095,True
1000,25,8.167280556425788e-12,True,,0.007643272694141761,True
1000,25,4.585229683083241e-18,True,,4.0482224491292884e-08,True
1000,25,9.48659586182198e-10,True,,0.0020366738103412105,True
1000,25,3.2531165130168756e-15,True,,1.276822325495296e-05,True
1000,25,9.182862559188684e-13,True,,0.0018454572559985626,True
1000,25,6.485407784409043e-13,True,,6.741926249867544e-05,True
1000,25,4.2984385466058575e-13,True,,3.4101502181595886e-05,True
1000,25,5.61002448922373e-12,True,,0.0002674329668855009,True
1000,25,2.8665972099369885e-16,True,,1.527539758102472e-05,True
1000,25,6.212783211045643e-09,True,,0.0003233528637103236,True
1000,25,9.721455458248746e-13,True,,0.0011459874281365431,True
1000,25,1.2268212627060689e-16,True,,2.666247165676969e-05,True
1000,25,5.974163615785932e-12,True,,0.00019760858233707816,True
1000,25,2.566419104711475e-23,True,,0.00034902078909338,True
1000,25,1.9355759950637135e-12,True,,0.0009648582546394184,True
1000,25,3.3393441313900108e-12,True,,1.584932591595308e-06,True
1000,25,2.151858619466085e-13,True,,0.0004990099542937715,True
1000,25,4.037044870881849e-15,True,,9.269104852134749e-05,True
1000,25,2.18166054831955e-10,True,,0.0003560127770756275,True
1000,25,8.399594389422936e-16,True,,0.0013442525022048983,True
1000,25,7.624161886123923e-14,True,,2.1599521017269436e-05,True
1000,25,1.036711989047267e-09,True,,0.002998450800694047,True
1000,25,2.4846122378384173e-14,True,,2.0464077847865347e-05,True
1000,25,5.797831456402742e-16,True,,2.060640703396187e-05,True
1000,25,8.634812074232907e-14,True,,2.9646012626664942e-05,True
1000,25,4.667436605027908e-12,True,,0.03455291656099108,True
1000,25,9.26872755407975e-16,True,,4.071107445331656e-06,True
1000,25,1.4224276535221978e-09,True,,0.00033054824773190574,True
1000,25,8.770547181942188e-12,True,,5.6916438959806986e-08,True
1000,25,3.7275817226066673e-19,True,,0.00019465996714798466,True
1000,25,2.175374092710362e-10,True,,2.1689205757460364e-05,True
1000,25,4.768935391105372e-10,True,,0.02929527532545905,True
1000,25,1.7786009097277913e-13,True,,3.47055042400894e-05,True
1000,25,1.743283529520329e-08,True,,0.001942217618111117,True
1000,25,4.537282219738901e-16,True,,0.0035105171387661382,True
1000,25,1.7752935824528148e-17,True,,1.9937083578750612e-05,True
1000,25,5.077761746462574e-14,True,,1.6772264815610535e-06,True
1000,25,1.9981716335444292e-13,True,,2.2815885387600914e-06,True
1000,25,5.141990032221016e-07,True,,0.0006769455671170743,True
1000,25,6.329527558938246e-14,True,,1.4920447079065552e-05,True
1000,25,2.0660329863391065e-14,True,,0.0014326024458102488,True
1000,25,1.9505334491435507e-12,True,,2.1592663510050968e-10,True
1000,25,2.6306920788317623e-14,True,,0.00015831756348575921,True
1000,25,1.443113591340697e-12,True,,3.82086682251824e-06,True
1000,25,6.704187605684748e-13,True,,2.3385495433476424e-05,True
1000,25,1.1546906201684413e-13,True,,0.0003380080392736315,True
1000,25,2.3448265580761478e-14,True,,0.0004342449311694149,True
1000,25,3.311618463590336e-10,True,,2.9953902761667632e-05,True
1000,25,1.824900823196185e-11,True,,1.797706076071245e-06,True
1000,25,3.8325391671738514e-13,True,,0.001330389268156964,True
1000,25,2.021283230892924e-11,True,,0.00022112274374853946,True
1000,25,2.193214025352028e-12,True,,0.0037097119142040003,True
1000,25,3.607395385367246e-12,True,,0.0005957981431797877,True
1000,25,1.1481693589038181e-13,True,,0.00011309983072255918,True
1000,25,2.726228158668356e-13,True,,5.864354761693791e-05,True
1000,25,1.4324573315490361e-11,True,,3.4981903386377677e-05,True
1000,25,1.1188822069039921e-11,True,,0.00048716444474558997,True
1000,25,7.204767603083891e-15,True,,0.0019225966948522035,True
1000,25,5.279237864276156e-19,True,,0.00035411185559521246,True
1000,25,2.3090133625312597e-11,True,,0.003871550848551355,True
1000,25,1.464350371596474e-13,True,,0.00659425833744788,True
1000,25,1.9175783593582672e-10,True,,9.176455865363133e-06,True
1000,25,2.3124122154226575e-15,True,,4.024797169691531e-05,True
1000,25,2.2754582868090285e-10,True,,0.0038103109902729772,True
1000,25,5.0968341133141306e-15,True,,1.805724703520416e-05,True
1000,25,6.394986297678701e-09,True,,1.2509915796474892e-06,True
1000,25,3.974674497900421e-13,True,,5.679770710484661e-09,True
1000,25,6.9463225371879385e-12,True,,5.894721425484731e-06,True
1000,25,1.7063171398362674e-14,True,,0.006836849574188637,True
1000,25,2.3143228459398387e-16,True,,0.0006335687762663964,True
1000,25,4.8392787876109154e-14,True,,1.4476425783388341e-05,True
1000,25,1.040513205938555e-09,True,,1.2090271148737211e-05,True
1000,25,6.932781582926099e-11,True,,0.00017060325791395573,True
1000,25,4.169502771795491e-15,True,,4.582836221359274e-05,True
1000,25,9.04851821367684e-16,True,,0.0024129199529884485,True
1000,25,6.044343183171506e-19,True,,1.3976000284546024e-05,True
1000,25,1.2598628117753176e-19,True,,1.3055507549217333e-05,True
1000,25,2.7704116706222307e-15,True,,7.015405861591135e-05,True
1000,25,1.9206271807548104e-17,True,,1.982523080020715e-09,True
1000,25,9.795241526409831e-15,True,,1.4030994236402158e-05,True
1000,25,1.1962293878148768e-14,True,,1.754430389265684e-05,True
1000,25,2.6130628680175094e-14,True,,1.564619623515696e-06,True
1000,25,3.581786886092299e-11,True,,8.32096856023484e-06,True
1000,25,3.376571279782683e-14,True,,1.8822287432277379e-06,True
1000,25,6.989457132666255e-11,True,,2.8420808006012588e-05,True
1000,25,1.4386932173457876e-12,True,,0.002221277438179525,True
1000,25,1.4839092136559694e-12,True,,0.00029277811770566026,True
1000,25,1.0012694388280815e-09,True,,0.06855694539815148,False
1000,25,2.4410152368820782e-21,True,,0.00014697244409134794,True
1000,25,3.816169526605651e-15,True,,8.461783681436581e-05,True
1000,25,1.0574767216030593e-09,True,,0.0001928655346884097,True
1000,25,2.2435360265385376e-10,True,,2.0687230657199453e-05,True
1000,25,1.477211359102564e-10,True,,5.516234394059923e-05,True
1000,25,1.261577915218111e-10,True,,5.544010151402201e-05,True
1000,25,1.9482309768432333e-16,True,,0.00020608632344015104,True
1000,25,1.9360116523267327e-12,True,,5.502146864642309e-06,True
1000,25,2.000767430550079e-09,True,,0.0003430721578391831,True
1000,25,4.749684024081892e-13,True,,4.169337956268764e-07,True
1000,25,5.69580974889666e-13,True,,7.2341441242854e-06,True
1000,25,1.3623188513628747e-11,True,,0.000494648499853108,True
1000,25,1.0190526765287698e-14,True,,0.0008815143931492863,True
1000,25,9.699644590069937e-19,True,,4.7352181529748085e-06,True
1000,25,1.0235776777790435e-11,True,,5.99102485588443e-05,True
1000,25,2.931345951818091e-12,True,,7.801754219674994e-06,True
1000,25,1.3851681502335866e-12,True,,0.00011811502639746313,True
1000,25,3.738460975188869e-13,True,,0.00033127241943065776,True
1000,25,1.1362023145389661e-12,True,,1.664246084979528e-06,True
1000,25,2.613465844078472e-14,True,,0.0007572221049025171,True
1000,25,8.166383613742217e-11,True,,9.30570111013813e-05,True
1000,25,1.7116928023436658e-13,True,,1.879661284829259e-05,True
1000,25,8.89458292997075e-12,True,,1.0458478450717244e-06,True
1000,25,2.0813375308252582e-15,True,,0.00020299971851400598,True
1000,25,1.1380058649684686e-14,True,,0.003211467235963924,True
1000,25,3.0766227645671335e-13,True,,0.00010471373512085103,True
1000,25,6.342259179795483e-14,True,,0.00014869551045678436,True
1000,25,6.293175513405643e-15,True,,0.0011135551946313783,True
1000,25,1.3392017808412068e-10,True,,0.029821166137176697,True
1000,25,4.621793031569458e-09,True,,0.0016364410331788839,True
1000,25,2.571411073508539e-14,True,,0.0004197680647173833,True
1000,25,1.4143938579794928e-09,True,,0.0011607759844886678,True
1000,25,1.5374875662054678e-10,True,,0.0005765884624579647,True
1000,25,3.87911287335617e-19,True,,4.5886394281897914e-07,True
1000,25,1.336959203086711e-09,True,,0.00045610635176343095,True
1000,25,9.174005689268798e-12,True,,3.191278508028475e-07,True
1000,25,1.7055940224436091e-12,True,,0.01497196726206164,True
1000,25,5.9959640505759156e-15,True,,2.1700950392947018e-05,True
1000,25,2.084573653484652e-11,True,,0.0001492857528887818,True
1000,25,8.229061196733404e-14,True,,2.285213367435676e-06,True
1000,25,1.5017236308343253e-19,True,,9.122518889975694e-06,True
1000,25,3.0362252448800107e-13,True,,7.877581489164146e-08,True
1000,25,5.226106465057641e-14,True,,4.229335620195365e-06,True
1000,25,1.991663263183242e-18,True,,1.7541092224914334e-05,True
1000,25,2.991173394767764e-10,True,,0.033625786356180076,True
1000,25,1.0351790436856632e-15,True,,9.228420238728461e-05,True
1000,25,3.6151488174592823e-12,True,,0.0009573117835020029,True
1000,25,2.0544300240399767e-12,True,,2.0147988575812003e-05,True
1000,25,6.086205747794186e-10,True,,7.277729188376389e-05,True
1000,25,1.5553620816824574e-19,True,,0.0014045612052956738,True
1000,25,2.3982927641322153e-21,True,,1.1829923387703644e-08,True
1000,25,3.856132792017445e-13,True,,7.66444067291777e-05,True
1000,25,1.7770131419701893e-13,True,,2.9564412927364744e-06,True
1000,25,1.526351998415934e-10,True,,3.440867057137468e-06,True
1000,25,4.90745931683253e-15,True,,3.826776310112327e-06,True
1000,25,6.622669035381162e-11,True,,1.834261306062732e-05,True
1000,25,1.5573425352281562e-09,True,,5.621336747347524e-07,True
1000,25,8.20246716328637e-15,True,,0.0002936246420587797,True
1000,25,2.6146318483980827e-12,True,,6.315630512420578e-05,True
1000,25,2.1928998910257526e-09,True,,1.9725945433658314e-05,True
1000,25,1.1136410433382026e-13,True,,7.440605586080724e-05,True
1000,25,2.9703212241746767e-13,True,,7.326138314093119e-05,True
1000,25,4.387620984098707e-17,True,,2.5836433733082455e-07,True
1000,25,1.0164637929398008e-08,True,,0.0003360303417038659,True
1000,25,7.762107704426462e-16,True,,2.7949084268443365e-05,True
1000,25,1.178997206169276e-11,True,,3.0301097885672343e-05,True
1000,25,9.470107674355018e-10,True,,5.724638532621109e-05,True
1000,25,2.3682293200515235e-08,True,,0.004967561252715798,True
1000,25,2.6145583467806103e-11,True,,0.0008535967029687814,True
1000,25,5.312454679548051e-10,True,,5.60918617770228e-05,True
1000,25,3.0076635539826834e-11,True,,2.2823848917921133e-06,True
1000,25,1.6758276650815192e-12,True,,1.0189223600853361e-06,True
1000,25,1.0331060932563725e-10,True,,0.0011252361613927483,True
1000,25,1.3171045187435166e-11,True,,0.0004951517551456776,True
1000,25,3.3788972232395917e-13,True,,1.9553502484227232e-05,True
1000,25,7.368116281288076e-16,True,,0.0006274186377184903,True
1000,25,5.119386719085774e-10,True,,0.0017205256374005957,True
1000,25,3.617867538790714e-10,True,,0.00036075836155395467,True
1000,25,3.1469243016599716e-13,True,,1.301974439142779e-06,True
1000,25,2.9897606839088764e-16,True,,0.00017159855024264083,True
1000,25,5.210076127129902e-11,True,,0.00018478666321935472,True
1000,25,3.7420737681480607e-13,True,,2.1181965773058058e-07,True
1000,25,1.2075805921624652e-10,True,,0.00019303780675302353,True
1000,25,1.6301864417698554e-08,True,,1.2698602937205335e-05,True
1000,25,1.462329655331924e-12,True,,0.00012169086242125905,True
1000,25,2.3920161228267076e-10,True,,0.0001034100930581336,True
1000,25,3.5765313233426623e-12,True,,1.4993075916216974e-05,True
1000,25,1.260527167193283e-13,True,,2.414630717578321e-05,True
1000,25,5.940541227499926e-11,True,,0.000116962352865188,True
1000,25,9.064173391972478e-13,True,,5.228259419106924e-07,True
1000,25,3.0877552918702006e-15,True,,5.2190745098416995e-06,True
1000,25,1.0923873864484635e-15,True,,1.8791298510789946e-05,True
1000,25,5.2141295335726276e-14,True,,0.00023918497095103404,True
1000,25,4.814594158138905e-13,True,,7.016880181192429e-05,True
1000,25,4.090354333840106e-10,True,,5.5577058013230824e-06,True
1000,25,5.69028606833187e-12,True,,0.0006066849625381828,True
1000,25,1.3163083699981335e-11,True,,7.701064077078315e-05,True
1000,25,3.63857842339188e-11,True,,8.930627832299925e-06,True
1000,25,1.933523451396945e-15,True,,0.00015644201120418988,True
1000,25,1.9426596259336968e-14,True,,3.539669731984926e-05,True
1000,25,9.123078888553758e-13,True,,0.00019559846681406798,True
1000,25,9.583737340632908e-13,True,,2.11254182368287e-07,True
1000,25,1.50616804726463e-11,True,,3.7755944366603756e-07,True
1000,25,6.001735179705129e-13,True,,0.0009265005591334245,True
1000,25,2.847107435408992e-13,True,,0.0017182715250835638,True
1000,25,1.072964821975192e-12,True,,8.643260985038553e-07,True
1000,25,1.1372322363467891e-11,True,,1.367906621429924e-06,True
1000,25,6.184977589764344e-13,True,,0.001168196558865672,True
1000,25,1.451452349263299e-12,True,,0.002324874883495372,True
1000,25,4.0553119065218103e-16,True,,1.3275252664197787e-05,True
1000,25,1.8269600627774437e-12,True,,0.0014674956043059793,True
1000,25,2.862787118079844e-16,True,,1.847893256668081e-05,True
1000,25,1.6839607538271714e-11,True,,0.00022907908053279133,True
1000,25,2.0748551083282526e-09,True,,0.0016831690556480766,True
1000,25,2.3619839874318662e-11,True,,1.4362118092912144e-06,True
1000,25,3.805833361937086e-11,True,,0.0003885893861592579,True
1000,25,1.2929729201131248e-14,True,,9.191980152076665e-05,True
1000,25,1.019607790360096e-08,True,,0.0007857151518493678,True
1000,25,2.7576838213360717e-10,True,,0.0037624240046768014,True
1000,25,2.1772856621113566e-12,True,,0.00024165724397916396,True
1000,25,1.4561663548517525e-13,True,,0.0005560908277254027,True
1000,25,2.4972291742800445e-11,True,,0.003196979880323194,True
1000,25,1.1092031831543852e-12,True,,4.623261081502899e-05,True
1000,25,2.7038376280366236e-14,True,,0.000293106442609443,True
1000,25,1.4486585369453253e-15,True,,0.00014774529788709475,True
1000,25,2.606908265216658e-11,True,,0.024475404297758015,True
1000,25,2.8357267398363023e-16,True,,8.232977972137421e-06,True
1000,25,1.900366685482176e-09,True,,0.0073782009903856,True
1000,25,8.813634638752803e-15,True,,8.637125139305006e-05,True
1000,25,3.1008566842961177e-13,True,,4.0498172655629733e-05,True
1000,25,4.5932620651150543e-10,True,,0.0019636040118955075,True
1000,25,1.7465434471229036e-14,True,,7.382301467813895e-07,True
1000,25,4.941413338003177e-16,True,,1.4547767604735584e-08,True
1000,25,3.4362509117017075e-13,True,,9.408671077312488e-05,True
1000,25,6.539628038844229e-13,True,,8.074985911583607e-07,True
1000,25,2.485702788061571e-13,True,,0.001165903088497673,True
1000,25,5.4769911307020604e-11,True,,0.0010549495700434726,True
1000,25,1.0707722346998613e-15,True,,8.22256760284255e-05,True
1000,25,2.783289250016912e-13,True,,0.00011015255149982688,True
1000,25,6.888648093143754e-08,True,,3.78426408890366e-06,True
1000,25,3.882078276260759e-15,True,,0.0055781656314373125,True
1000,25,2.759984703506653e-15,True,,4.113281866637083e-06,True
1000,25,9.041975108870938e-15,True,,4.915247495610337e-06,True
1000,25,4.11752879785123e-14,True,,0.05403767391732799,False
1000,25,1.2682123637604172e-20,True,,2.074480466565177e-06,True
1000,25,5.898007655322034e-13,True,,2.1010055440103106e-06,True
1000,25,2.7676165301581386e-15,True,,1.885166653879527e-07,True
1000,25,1.3493817050571327e-10,True,,6.268330750046664e-05,True
1000,25,1.9516874167771084e-13,True,,0.0003442460815689371,True
1000,25,2.1649800611301004e-12,True,,8.648646206731305e-05,True
1000,25,2.071242450321168e-22,True,,0.0015040712731271859,True
1000,25,4.601961126908535e-10,True,,3.999632925305093e-05,True
1000,25,2.7855603071095496e-08,True,,0.0007208616078418334,True
1000,25,6.354467826472403e-15,True,,1.4890048521108767e-05,True
1000,25,7.34447250329192e-14,True,,2.038365925477608e-05,True
1000,25,2.963013617875491e-16,True,,7.04032913486565e-05,True
1000,25,1.0050160285365406e-14,True,,0.0005128846981269033,True
1000,25,7.72384259842134e-12,True,,0.0007100914093457876,True
1000,25,3.861951106437898e-12,True,,3.508543324301754e-05,True
1000,25,2.867483172029641e-15,True,,1.2439680086783847e-06,True
1000,25,4.811402520936232e-11,True,,2.5686081487070744e-05,True
1000,25,3.4594271271086424e-10,True,,4.9502949215821756e-05,True
1000,25,4.904003559949588e-14,True,,2.5375994542923067e-05,True
1000,25,2.164530865565515e-12,True,,0.00175494253397297,True
1000,25,2.0850828942073443e-18,True,,6.485943314080111e-06,True
1000,25,1.1850323274042047e-08,True,,0.0005038730425588583,True
1000,25,7.007630828083557e-11,True,,0.0019101392994947887,True
1000,25,1.512675371711955e-15,True,,2.500022446663804e-05,True
1000,25,7.769596138045164e-14,True,,0.006149490698393581,True
1000,25,4.574420952238711e-11,True,,0.00017456901991086025,True
1000,25,4.783288137233327e-12,True,,0.0014948751494085965,True
1000,25,5.798504743473011e-09,True,,0.00010256683866693887,True
1000,25,1.4866286531068207e-15,True,,0.0016721747973227118,True
1000,25,3.750441420506696e-10,True,,9.946923908074403e-06,True
1000,25,4.045850867712887e-09,True,,3.5102252199915e-05,True
1000,25,1.766817417876743e-13,True,,2.3244755074835607e-07,True
1000,25,6.141802503049781e-20,True,,9.286351355107197e-10,True
1000,25,1.2122593298643406e-10,True,,0.00013052675025656635,True
1000,25,2.2858870372179793e-11,True,,0.00011820442861512628,True
1000,25,7.164253661806557e-13,True,,1.4867418254880503e-05,True
1000,25,3.486997784559566e-15,True,,0.00040412031114765603,True
1000,25,2.5795499605956635e-14,True,,5.664102096984954e-07,True
1000,25,1.7674338776965403e-10,True,,0.0002963710049111531,True
1000,25,3.155480198754261e-12,True,,0.001620611871148448,True
1000,25,8.607176847742514e-10,True,,0.0014651141620865692,True
1000,25,4.840007525530556e-10,True,,0.0010923353314091805,True
1000,25,2.749296271733302e-18,True,,5.320828120905141e-06,True
1000,25,7.893063522159274e-12,True,,0.0005645684013434674,True
1000,25,2.0137141688488212e-13,True,,0.001045880853321515,True
1000,25,1.0127305786033098e-11,True,,0.00022121800113560446,True
1000,25,2.0428106812324396e-08,True,,0.013595200000771237,True
1000,25,2.1191337733114916e-12,True,,0.00013319089168223688,True
1000,25,1.0138120331653751e-16,True,,1.0086716124608414e-05,True
1000,25,1.1806572763499687e-13,True,,4.3806931693098425e-05,True
1000,25,1.2033396782636154e-13,True,,0.0004359944878100645,True
1000,25,6.275311297587154e-10,True,,5.0294787319885715e-05,True
1000,25,3.856463418640312e-16,True,,2.083677289948954e-06,True
1000,25,7.374682227930178e-12,True,,0.0010736495833664527,True
1000,25,2.5107416414116292e-11,True,,3.715527464411806e-05,True
1000,25,2.5488136721241556e-12,True,,6.14591937659632e-05,True
1000,25,3.989321996870699e-14,True,,3.887329162489229e-05,True
1000,25,1.6711236446480105e-11,True,,0.0022491762153721024,True
1000,25,9.051612314217225e-12,True,,4.7731208887809625e-05,True
1000,25,7.145021035131465e-13,True,,1.1442406974484973e-07,True
1000,25,1.900007291074229e-14,True,,0.00021259184006652013,True
1000,25,3.004617773166404e-19,True,,0.001249887872107429,True
1000,25,2.1910891883018507e-12,True,,2.8964439235037226e-05,True
1000,25,1.7463237147229643e-10,True,,0.000149661213104796,True
1000,25,2.4661511759524635e-13,True,,0.00027744893155922973,True
1000,25,6.58189507118949e-15,True,,7.281016441016626e-07,True
1000,25,3.2429434066373936e-15,True,,7.101426004022154e-07,True
1000,25,5.400087764286999e-12,True,,1.934446769303863e-05,True
1000,25,4.604912979793737e-13,True,,2.798725054188903e-06,True
1000,25,3.04030706392469e-10,True,,2.3150029766390203e-05,True
1000,25,3.3951987195219346e-16,True,,5.0453777567199486e-06,True
1000,25,6.53991509142423e-13,True,,0.0007221152353544122,True
1000,25,1.9284970093996428e-15,True,,0.00022659954158301595,True
1000,25,7.31693733352972e-11,True,,0.00011176501496677031,True
1000,25,7.772230375018398e-12,True,,0.0023932065570687186,True
1000,25,4.134343042245266e-11,True,,0.0005033873789282252,True
1000,25,3.478159661687457e-11,True,,0.0004227666890221778,True
1000,25,1.8046111638301755e-17,True,,4.969075170171038e-06,True
1000,25,3.9889056305472503e-10,True,,6.621407200534255e-05,True
1000,25,4.4818158941358624e-13,True,,0.00010584178668385968,True
1000,25,1.0428955407771279e-10,True,,8.106595647757378e-05,True
1000,25,4.89625551083764e-14,True,,0.003694250912205551,True
1000,25,7.082738049982471e-14,True,,5.097084372295449e-07,True
1000,25,6.645856535044887e-13,True,,5.173274767325574e-05,True
1000,25,6.094800451107675e-13,True,,0.0005520072319798523,True
1000,25,2.217978861118807e-19,True,,0.00011521320132624528,True
1000,25,7.654001494921838e-17,True,,1.9886286476370928e-05,True
1000,25,3.70910549541615e-17,True,,0.00023628452716874455,True
1000,25,1.2206521007200676e-12,True,,8.113242161537074e-08,True
1000,25,7.626088171431647e-15,True,,1.6373940762051645e-05,True
1000,25,1.664934275763236e-13,True,,3.3500996565803206e-07,True
1000,25,4.680749172185352e-12,True,,0.000748946284050753,True
1000,25,1.658893992015128e-13,True,,1.8557553729958088e-05,True
1000,25,3.6587094329255995e-11,True,,3.248277220136932e-05,True
1000,25,3.304188449179071e-11,True,,0.0004694591392253022,True
1000,25,8.350400878881078e-12,True,,0.0005825322785250951,True
1000,25,6.294389078150051e-13,True,,1.8135786670992618e-05,True
1000,25,2.7201727861133207e-15,True,,1.1686396573143966e-05,True
1000,25,8.238659468614905e-14,True,,3.7604259777001135e-06,True
1000,25,4.290387498924928e-22,True,,1.3466601174210237e-08,True
1000,25,2.2862463638676725e-14,True,,3.954166210373183e-05,True
1000,25,3.3732807058977725e-09,True,,0.0009653321795392442,True
1000,25,3.1968894159044655e-11,True,,0.0003087711298207223,True
1000,25,1.7653976782423703e-13,True,,0.00694329187097934,True
1000,25,8.620281456947754e-14,True,,8.22292115609575e-07,True
1000,25,3.926718872207158e-13,True,,0.0003414192501180075,True
1000,25,4.689375172863354e-12,True,,0.00017582600513577103,True
1000,25,4.0680648224265185e-14,True,,0.00011570508380301129,True
1000,25,8.06673277555658e-13,True,,1.011175598477179e-05,True
1000,25,1.7443451434339756e-11,True,,4.9876689837122e-06,True
1000,25,6.086647786611509e-13,True,,1.968383960761902e-05,True
1000,25,3.4703375307094047e-12,True,,4.708218194755655e-05,True
1000,25,2.3693022835176986e-10,True,,0.004314848481729166,True
1000,25,2.047095790436134e-18,True,,4.318813914468306e-05,True
1000,25,1.7258210117406227e-12,True,,1.6661671036213515e-05,True
1000,25,3.133680556398946e-12,True,,3.854941049301926e-05,True
1000,25,4.1163615520908133e-11,True,,0.004190176570560927,True
1000,25,5.144909092162637e-14,True,,0.00015233296653266137,True
1000,25,4.58540326322179e-15,True,,2.5654134984867426e-05,True
1000,25,4.523526362131518e-18,True,,6.46576706279665e-07,True
1000,25,1.5554070430085179e-09,True,,0.0002206172035702608,True
1000,25,1.4339219688190694e-11,True,,3.0084098605756005e-05,True
1000,25,8.127028312944158e-13,True,,3.702393833124775e-07,True
1000,25,2.9356252431230615e-18,True,,6.424130804978293e-05,True
1000,25,1.9378325197282894e-10,True,,1.1351536008575878e-05,True
1000,25,2.5944497013326363e-13,True,,0.007608766383441728,True
1000,25,1.542887251806921e-14,True,,0.0014344012362659674,True
1000,25,1.0163895155591086e-12,True,,6.2290721507080935e-06,True
1000,25,1.9828340202103102e-16,True,,0.002333240925672325,True
1000,25,1.4313624742609156e-10,True,,0.001079363348092344,True
1000,25,8.111540695131762e-13,True,,5.281105482563973e-05,True
1000,25,1.412430326227749e-09,True,,0.00023428342800170375,True
1000,25,2.676433180100857e-10,True,,0.0001384814479218205,True
1000,25,3.116644838884957e-11,True,,0.0040873717021852815,True
1000,25,2.665249637712125e-13,True,,3.736779667076616e-05,True
1000,25,1.2420457923233006e-16,True,,0.00010951366323400826,True
1000,25,6.176614901112986e-16,True,,1.6867352008519704e-05,True
1000,25,5.302063814469941e-13,True,,0.0005285572072680359,True
1000,25,1.2230521724238594e-15,True,,6.428869057855732e-07,True
1000,25,1.5468914932743611e-19,True,,8.992592599085022e-07,True
1000,25,1.9164035515972373e-14,True,,0.0016728792204585283,True
1000,25,4.692437490785685e-10,True,,3.132019972122657e-05,True
1000,25,1.0790718584824007e-11,True,,0.00164263618265518,True
1000,25,5.1820921732693804e-17,True,,1.4100762742172898e-05,True
1000,25,8.605431649965755e-12,True,,0.00041714118187740875,True
1000,25,6.820229663024859e-14,True,,1.0442074187871847e-05,True
1000,25,1.1943010321329802e-15,True,,2.992836178463989e-07,True
1000,25,6.787017832560951e-16,True,,3.60126553699861e-07,True
1000,25,7.251176463180184e-13,True,,0.0007582303238652028,True
1000,25,4.7495680459182186e-11,True,,0.000270948962320287,True
1000,25,1.1190333723858395e-10,True,,0.0005730264344748476,True
1000,25,1.769547139884542e-16,True,,0.0004366872470029302,True
1000,25,1.005745252480195e-18,True,,0.00045923179062643465,True
1000,25,3.323726046852475e-13,True,,1.0534664955570334e-07,True
1000,25,8.308172391546e-11,True,,2.7670966865822773e-06,True
1000,25,5.238516165747663e-14,True,,0.0003778799166034396,True
1000,25,9.110699228774891e-13,True,,0.0007487553253707626,True
1000,25,8.838741115917366e-13,True,,0.0006411212622555361,True
1000,25,2.3665212796882487e-12,True,,0.0016652931623440984,True
1000,25,2.3634290514573725e-13,True,,4.1191372565589835e-05,True
1000,25,3.017172192431864e-09,True,,0.01923256267074859,True
1000,25,1.1683748299822627e-10,True,,0.004313228334060431,True
1000,25,1.071128780149648e-19,True,,4.831050493194012e-07,True
1000,25,1.3908802681548512e-11,True,,0.00041384334234830796,True
1000,25,9.068128729875468e-15,True,,3.515312385522932e-06,True
1000,25,2.330924366320363e-15,True,,6.345328069833177e-05,True
1000,25,8.436432646546209e-11,True,,0.000443931406746801,True
1000,25,2.0366191135211956e-10,True,,2.5802308941378476e-05,True
1000,25,6.1469946329003225e-09,True,,0.0001565491241055571,True
1000,25,4.3541615556570305e-11,True,,0.00032845102974918353,True
1000,25,1.7669669044830797e-16,True,,0.0005813022430317757,True
1000,25,6.605064158200159e-16,True,,0.0014919308292481843,True
1000,25,1.446788788748632e-11,True,,3.580518000234068e-05,True
1000,25,2.5996672331869243e-15,True,,0.0006382451140278943,True
1000,25,5.4373396270967274e-11,True,,1.4515831249080955e-06,True
1000,25,1.978047653280416e-14,True,,0.00016886386060396792,True
1000,25,3.76109739284901e-15,True,,7.346060293782599e-05,True
1000,25,2.120758356874251e-12,True,,2.087480673579682e-05,True
1000,25,4.97557681245825e-15,True,,0.00019144738795827618,True
1000,25,1.146168733297089e-11,True,,0.0026033454605591693,True
1000,25,1.775751709840449e-14,True,,5.345235245831398e-05,True
1000,25,1.3313854482815183e-10,True,,0.0019170158879440867,True
1000,25,1.734818367721793e-12,True,,0.0007903388693774002,True
1000,25,4.658165395159535e-13,True,,4.7089356911460363e-05,True
1000,25,1.3123350458632925e-11,True,,5.175279543185538e-05,True
1000,25,2.8063884491806554e-18,True,,2.3245052171510858e-07,True
1000,25,1.4889213589463617e-11,True,,0.0016112581238295267,True
1000,25,8.587496595166763e-15,True,,0.00011887381421877434,True
1000,25,1.4961953640768673e-16,True,,0.0002099300274574126,True
1000,25,5.21385316481843e-11,True,,1.530484112933824e-05,True
1000,25,7.37026633223784e-13,True,,3.167710163831942e-05,True
1000,25,2.1368461165916122e-18,True,,6.605322121745078e-05,True
1000,25,4.988879225516578e-11,True,,0.003038248268896942,True
1000,25,8.797885278940908e-11,True,,0.0004259060975578172,True
1000,25,8.087207828202426e-16,True,,0.0007460903728535305,True
1000,25,4.84503077201927e-12,True,,0.0013039539342846664,True
1000,25,1.5044736753943937e-10,True,,8.236457320067548e-06,True
1000,25,2.4618361779431713e-14,True,,0.00029576911946305976,True
1000,25,1.977956383447993e-11,True,,0.0027917127198971367,True
1000,25,3.3581579078072504e-14,True,,0.00031233942734178774,True
1000,25,2.9038689311743816e-11,True,,6.951443084193842e-05,True
1000,25,4.576514347339165e-14,True,,0.004734577291421325,True
1000,25,1.3864786664321352e-14,True,,0.00021655306444078065,True
1000,25,9.680196661305097e-14,True,,0.0011958711990746774,True
1000,25,8.935691204303598e-14,True,,0.00032432774979074237,True
1000,25,7.073471371580569e-12,True,,1.691858378535325e-05,True
1000,25,9.278040267995976e-18,True,,0.0011371495532025082,True
1000,25,3.8711532578071064e-09,True,,2.0139851886643148e-05,True
1000,25,7.835154664892904e-12,True,,0.0005191109745733264,True
1000,25,1.2272396776164951e-11,True,,1.024355447143563e-05,True
1000,25,3.808894641952686e-15,True,,3.539830489826597e-05,True
1000,25,2.7931379376326835e-10,True,,0.001233652696715855,True
1000,25,9.974394015428295e-18,True,,2.685954914717205e-06,True
1000,25,2.6555733454869286e-17,True,,0.0011900872404111197,True
1000,25,8.13516676981145e-15,True,,0.00020645919624376964,True
1000,25,2.1351574632539945e-11,True,,1.440625366287547e-07,True
1000,25,4.991863551048217e-10,True,,0.00027726753716266216,True
1000,25,2.901918121302644e-13,True,,1.144210414462746e-05,True
1000,25,1.5148270981787333e-15,True,,0.0020888008717689457,True
1000,25,1.6933368863056725e-14,True,,2.1476289819434496e-08,True
1000,25,1.4787198130259882e-11,True,,4.166315740189536e-06,True
1000,25,2.9284987890435624e-17,True,,2.0896814092919526e-05,True
1000,25,1.468309250594224e-11,True,,0.0007509163095835,True
1000,25,8.581111455148766e-12,True,,2.28258122490993e-05,True
1000,25,7.978069950333036e-11,True,,0.0017474020580867929,True
1000,25,5.677336842482777e-12,True,,0.00014783600697274255,True
1000,25,7.904396378331873e-12,True,,1.0350008891982398e-06,True
1000,25,1.2738458795865382e-15,True,,1.8115444757541137e-06,True
1000,25,9.419145930857642e-14,True,,0.00021833732910504823,True
1000,25,3.873069666536574e-14,True,,0.00013306173641709372,True
1000,25,1.3014340269048055e-11,True,,8.997328528293882e-05,True
1000,25,1.533951182412287e-11,True,,1.7805012456596874e-06,True
1000,25,4.444090305358118e-13,True,,0.000487149140528324,True
1000,25,2.153566196817773e-12,True,,0.00025977280243561564,True
1000,25,5.861560504025163e-14,True,,0.00013750868241356869,True
1000,25,3.4304087835174636e-15,True,,9.364323810061947e-06,True
1000,25,1.0725745042266328e-10,True,,6.251595132999792e-06,True
1000,25,7.0287760906257875e-12,True,,0.0005075225623476769,True
1000,25,1.6633055297218797e-17,True,,0.0002096337334176856,True
1000,25,1.386088756900068e-20,True,,2.488350966575275e-05,True
1000,25,1.1490991004492104e-09,True,,6.814236106612341e-05,True
1000,25,2.1689934244969427e-10,True,,2.5943960164101505e-05,True
1000,25,5.013255652671269e-14,True,,8.319443925303965e-06,True
1000,25,1.1786207109782123e-09,True,,0.0024699717014514664,True
1000,25,5.0798916334693363e-11,True,,3.083506420199499e-05,True
1000,25,3.9895532558973156e-15,True,,2.0986731138337914e-05,True
1000,25,4.2976636578036763e-16,True,,6.827257105453969e-07,True
1000,25,8.231935189073425e-15,True,,0.0002488635526740967,True
1000,25,1.479292839869737e-20,True,,1.5787981319336663e-05,True
1000,25,2.186298648749345e-15,True,,1.045194033447477e-07,True
1000,25,2.2564742139921817e-10,True,,9.55491871345655e-05,True
1000,25,2.206259063777926e-11,True,,6.992504388225563e-07,True
1000,25,1.5154651088720136e-09,True,,0.0030168564540200026,True
1000,25,1.1959567171019747e-19,True,,2.872155863106066e-05,True
1000,25,9.85602692986968e-19,True,,3.511439556186551e-07,True
1000,25,1.9515849849401718e-14,True,,2.327686292330552e-05,True
1000,25,1.4536488792499763e-17,True,,0.00015807947536057319,True
1000,25,2.0841510695206465e-09,True,,0.0005978273135440451,True
1000,25,2.6841998649390994e-14,True,,6.136756538983425e-05,True
1000,25,7.556620482624604e-12,True,,6.173753186243531e-08,True
1000,25,1.3153210076007898e-10,True,,0.0008497691459603768,True
1000,25,1.424562117384752e-13,True,,0.002612695386248965,True
1000,25,4.50901705311539e-16,True,,1.7722092049482336e-05,True
1000,25,4.151747446683143e-12,True,,7.513531172843353e-05,True
1000,25,9.141671957320017e-14,True,,3.3231261932239245e-07,True
1000,25,8.468337242294088e-12,True,,0.0005776450372547497,True
1000,25,1.3007884615671105e-13,True,,4.0782069281922196e-05,True
1000,25,1.2830455995752548e-11,True,,0.00011877745750574639,True
1000,25,1.2838658095442164e-09,True,,0.0002895183245440905,True
1000,25,4.843251277632604e-12,True,,1.0676044407938624e-05,True
1000,25,6.8344988678411135e-12,True,,1.903089992231365e-05,True
1000,25,1.1942781370903834e-11,True,,0.0007733383933349391,True
1000,25,3.162589323158825e-10,True,,6.862112243090505e-05,True
1000,25,2.7035107168668005e-14,True,,7.739974118633524e-07,True
1000,25,4.4191244514585747e-13,True,,0.00014454115834671498,True
1000,25,1.2351722883501849e-15,True,,2.4194657219546034e-07,True
1000,25,1.773709456888497e-13,True,,0.0004586143426196356,True
1000,25,4.206169034504939e-10,True,,0.00018865832901252525,True
1000,25,1.1591326057763595e-08,True,,0.0028691945801315997,True
1000,25,5.443619288033081e-11,True,,0.0013457522265401583,True
1000,25,2.3382954730290372e-11,True,,1.5434311305175507e-05,True
1000,25,2.0199031408637953e-10,True,,3.3899283136127325e-05,True
1000,25,1.9293462936472213e-11,True,,0.0006028816353666396,True
1000,25,2.768723466948377e-12,True,,1.6655617341711275e-05,True
1000,25,1.706948461271877e-11,True,,0.00013616788503465976,True
1000,25,1.659895875889285e-13,True,,0.00011031839071829852,True
1000,25,1.7853588556594602e-10,True,,0.0003294451029689373,True
1000,25,2.466532030776119e-15,True,,0.00015444443247250106,True
1000,25,7.236656871425702e-15,True,,0.0005249525127750995,True
1000,25,2.854091165758933e-15,True,,0.00010831266875364895,True
1000,25,3.8208054150776005e-11,True,,0.00429658131103317,True
1000,25,4.79374971624904e-15,True,,0.001400556047607592,True
1000,25,1.486950395807364e-10,True,,0.000208874780687897,True
1000,25,8.849692498227182e-15,True,,0.005704783010252431,True
1000,25,5.878010388601364e-14,True,,0.00011665258421748077,True
1000,25,5.4415670542987875e-11,True,,0.0001360871806999208,True
1000,25,9.584093726267647e-08,True,,0.003544260045047686,True
1000,25,7.2391726806903415e-12,True,,0.00010404581667958066,True
1000,25,1.2851991850657366e-20,True,,0.003776763696155841,True
1000,25,4.900715191034662e-16,True,,8.58512000363548e-05,True
1000,25,5.001038061680439e-11,True,,0.0023721854682228647,True
1000,25,2.8987537366295116e-12,True,,4.314086960655952e-06,True
1000,25,1.252440163053176e-11,True,,0.0038220143426310623,True
1000,25,1.260044765586853e-11,True,,6.264578970568236e-07,True
1000,25,4.2405838651988166e-11,True,,0.0019676001140725677,True
1000,25,1.8618106564403217e-12,True,,0.0005527202808436328,True
1000,25,1.1997206224733563e-10,True,,0.0050191757277622895,True
1000,25,2.345461735280923e-12,True,,5.996755772479937e-06,True
1000,25,1.860107220484137e-11,True,,0.00030495295589716816,True
1000,25,2.396993735471175e-23,True,,5.4814727440913734e-05,True
1000,25,1.287634213219018e-08,True,,0.0004892533960248939,True
1000,25,1.0875020857224409e-16,True,,3.1915762742758687e-07,True
1000,25,6.38158488186118e-13,True,,0.00012826312190834942,True
1000,25,1.219830963114184e-11,True,,0.0011131557202998365,True
1000,25,2.727600611624131e-12,True,,1.4718997401132055e-05,True
1000,25,1.3576434492116118e-10,True,,0.001041595105581547,True
1000,25,1.196506025413751e-10,True,,0.001365751923257483,True
1000,25,1.7566461679547324e-16,True,,5.736552796724417e-06,True
1000,25,7.790076927939881e-14,True,,7.043095006609428e-06,True
1000,25,1.9102640222472287e-11,True,,0.00015639194855400918,True
1000,25,2.919116291252855e-10,True,,7.143018559667296e-05,True
1000,25,1.7230904034294027e-13,True,,0.004937534743684054,True
1000,25,2.80398159268182e-13,True,,0.002868191721522392,True
1000,25,7.083011635376908e-10,True,,0.002482399712717193,True
1000,25,2.2621074669574345e-12,True,,2.0995994720150746e-06,True
1000,25,1.8745940205126451e-10,True,,1.7151888310823224e-05,True
1000,25,1.5900180155533958e-13,True,,0.00016799304781029234,True
1000,25,2.819860601858171e-13,True,,3.052064285606325e-05,True
1000,25,1.3791655475917619e-14,True,,0.00023644692493623532,True
1000,25,1.0752070725546223e-11,True,,2.914391310039473e-05,True
1000,25,6.371852316213068e-09,True,,0.0031003666752325203,True
1000,25,7.417210647243465e-13,True,,0.0003109506325025745,True
1000,25,6.032888196107379e-10,True,,4.03456880102055e-05,True
1000,25,1.1944096431917054e-09,True,,0.0003997917892564969,True
1000,25,3.3333616137855956e-13,True,,0.003972104537392224,True
1000,25,1.1127678438318575e-11,True,,0.003844521235062168,True
1000,25,4.7587469139299916e-11,True,,0.002321467513466313,True
1000,25,3.252488150728274e-13,True,,5.3603198150698766e-06,True
1000,25,2.1357243847283551e-16,True,,0.00025868194039062504,True
1000,25,6.9978090739320875e-12,True,,4.3531620596694375e-05,True
1000,25,3.863767248355229e-17,True,,1.6204152078553412e-07,True
1000,25,6.616903587529626e-13,True,,0.000259775075894975,True
1000,25,4.4500945464682593e-10,True,,5.356464866888286e-05,True
1000,25,6.583987376278413e-15,True,,3.78156016917893e-05,True
1000,25,3.9381104405394214e-13,True,,3.519584191717599e-05,True
1000,25,1.2644888967421563e-14,True,,1.9082547537681855e-05,True
1000,25,1.311418224403513e-13,True,,0.0004926055584160527,True
1000,25,6.540115260570445e-11,True,,0.0020079776756997594,True
1000,25,4.596457885801253e-11,True,,0.005008367348820186,True
1000,25,7.554275069611036e-14,True,,5.4648433513409e-08,True
1000,25,1.97858955311091e-18,True,,0.0004056701313436391,True
1000,25,3.376581985363774e-12,True,,3.811561056488622e-05,True
1000,25,4.2321582279134823e-10,True,,1.829664547655461e-05,True
1000,25,9.54252554884362e-12,True,,1.0243130860686256e-08,True
1000,25,6.696232672215007e-12,True,,1.8328529384164605e-06,True
1000,25,5.073325692668759e-14,True,,0.00016844632975330172,True
1000,25,3.005161320662494e-12,True,,0.0005798803925732562,True
1000,25,2.0037028687380375e-20,True,,2.9100703535789168e-06,True
1000,25,1.354644382516671e-19,True,,4.17252416007878e-06,True
1000,25,2.0546306546532013e-10,True,,1.3972459531678242e-05,True
1000,25,1.360527357424413e-12,True,,0.0003518653539097368,True
1000,25,2.524949211027177e-13,True,,4.787214778041995e-06,True
1000,25,1.55693898222482e-16,True,,1.8999988314966384e-05,True
1000,25,8.798864248240493e-13,True,,0.00012382094594925127,True
1000,25,2.1100229084773652e-13,True,,0.00027111209304517335,True
1000,25,1.9230489813238748e-16,True,,6.088772076010047e-05,True
1000,25,1.7212991641102898e-13,True,,3.975897661274619e-05,True
1000,25,1.550770326776087e-17,True,,3.165454155184761e-05,True
1000,25,1.8351430775494615e-16,True,,2.418601648909898e-08,True
1000,25,7.581754091684064e-17,True,,0.001121752017902769,True
1000,25,3.6362838164405095e-11,True,,0.00046950112142277905,True
1000,25,4.3618571397053165e-10,True,,4.918568076333015e-06,True
1000,25,3.6809331088937774e-17,True,,1.9392332928442124e-06,True
1000,25,2.3831489814522634e-12,True,,0.0006426331354906982,True
1000,25,5.239017758691648e-13,True,,2.991099442284564e-05,True
1000,25,1.259014595593467e-11,True,,0.0007525834885114801,True
1000,25,8.954880525754798e-12,True,,0.0015429550422996383,True
1000,25,7.842763444066876e-10,True,,1.1040381572435728e-05,True
1000,25,7.298338784302791e-11,True,,7.097902529214416e-06,True
1000,25,2.9307866800030355e-12,True,,0.0008676706658129442,True
1000,25,1.3948336892110906e-17,True,,8.332344370430995e-06,True
1000,25,4.472559047400156e-13,True,,0.00016078160056920318,True
1000,25,3.080073835841551e-12,True,,2.7302048225828117e-06,True
1000,25,9.230397056989913e-16,True,,0.00027058984144487966,True
1000,25,1.4648037831300263e-11,True,,8.242179692271272e-05,True
1000,25,1.7388097339702212e-12,True,,0.00079978610786809,True
1000,25,2.071083901510832e-12,True,,1.3305994047397314e-05,True
1000,25,3.1059378860036383e-12,True,,0.005420395594693729,True
1000,25,1.4954131758014653e-15,True,,0.0001333903226287057,True
1000,25,2.284852168762492e-16,True,,3.1200557297013312e-06,True
1000,25,1.0832910967771113e-13,True,,1.3484414801232613e-05,True
1000,25,1.0380940245795754e-13,True,,0.005021916229885378,True
1000,25,1.1304932175042334e-16,True,,0.00011853651670215147,True
1000,25,1.1192573139493653e-12,True,,1.1602335029576647e-05,True
1000,25,1.1112956591566591e-14,True,,0.0021353726060408342,True
1000,25,4.43825457125794e-13,True,,8.041090075742175e-06,True
1000,25,6.401934030011718e-10,True,,0.0005950952034537509,True
1000,25,1.6631713145997467e-11,True,,4.822819023891407e-06,True
1000,25,1.6651619465224184e-15,True,,0.0001397969888149888,True
1000,25,1.0536695121274401e-10,True,,0.0009047241031449159,True
1000,25,7.452452515920659e-16,True,,0.00030120987622293376,True
1000,25,7.438348419159123e-16,True,,0.00048010181925078156,True
1000,25,9.837339118127692e-15,True,,1.169528577387712e-06,True
1000,25,7.825368477141805e-10,True,,0.007826129967039071,True
1000,25,2.830605707823167e-20,True,,0.0006271573038321139,True
1000,25,1.1708473866903653e-09,True,,0.00021626396614351522,True
1000,25,2.92032723766802e-16,True,,3.161741599115963e-05,True
1000,25,2.1096874594348633e-14,True,,1.1809643186090537e-05,True
1000,25,5.6925508038909236e-12,True,,1.5397067162894226e-05,True
1000,25,7.432217738172324e-17,True,,3.3970714026018394e-05,True
1000,25,2.7535804817182504e-10,True,,0.0031677376644684728,True
1000,25,4.295621905261346e-09,True,,0.0009054002286003179,True
1000,25,1.426091347924669e-14,True,,3.4674143538948305e-06,True
1000,25,2.296134887035787e-15,True,,0.00676108503245882,True
1000,25,5.123576946259369e-10,True,,0.0014792590071043136,True
1000,25,1.3103346861985393e-15,True,,5.957597023523261e-06,True
1000,25,8.861331637903222e-10,True,,3.722299149122984e-05,True
1000,25,1.2827605826058344e-17,True,,1.0552242858721394e-06,True
1000,25,5.056286890620192e-10,True,,5.563348836463183e-05,True
1000,25,2.596758482702307e-11,True,,2.733130345920187e-05,True
1000,25,1.8223526634822715e-12,True,,0.0004355773166524969,True
1000,25,7.689481604441417e-24,True,,4.9922605122065466e-05,True
1000,25,1.327226363107439e-08,True,,6.29462225627993e-05,True
1000,25,1.210333854644504e-14,True,,0.00011880214218642403,True
1000,25,5.68152644735482e-15,True,,0.00047739455686998563,True
1000,25,2.2254868302210415e-10,True,,0.0022392940805347336,True
1000,25,1.7506720733661559e-10,True,,0.00010016175362909018,True
1000,25,2.83109649470519e-17,True,,4.4327382910834976e-08,True
1000,25,8.006202302358191e-13,True,,0.0002578552527946026,True
1000,25,6.50604063487255e-17,True,,2.2417755947307002e-05,True
1000,25,9.608870200814166e-10,True,,0.0002612476409583766,True
1000,25,1.5618884693390696e-12,True,,0.00011407175837561774,True
1000,25,7.737464234681793e-13,True,,0.0007709687651980241,True
1000,25,4.602632873154861e-12,True,,0.003042433267552655,True
1000,25,1.9521448602633274e-16,True,,5.867406200321968e-08,True
1000,25,1.0992759345342607e-11,True,,3.122359375136349e-05,True
1000,25,7.71644470579356e-14,True,,1.2049525401873796e-05,True
1000,25,2.1594156170415597e-15,True,,0.005911109180562279,True
1000,25,6.852446798994039e-16,True,,0.0007751816282426371,True
1000,25,1.6922295407683061e-15,True,,0.0010299285062204259,True
1000,25,1.9701693731241078e-12,True,,7.28076724219438e-06,True
1000,25,2.709676132499099e-13,True,,1.0306788002487925e-05,True
1000,25,6.221963163434556e-12,True,,0.00029314165366120027,True
1000,25,2.198390026163233e-12,True,,0.00020679734729407793,True
1000,25,1.7718347619356883e-15,True,,5.434811288966782e-05,True
1000,25,6.43338073385069e-12,True,,7.720085329324878e-08,True
1000,25,3.6428749714829115e-12,True,,0.0015987051198426121,True
1000,25,4.926367458884239e-19,True,,5.03660648601869e-05,True
1000,25,5.1476240361040375e-15,True,,0.004120442179652309,True
1000,25,3.275763372287846e-09,True,,8.158494181478225e-05,True
1000,25,6.382175020222172e-12,True,,0.00031735432034543464,True
1000,25,9.075522822557054e-11,True,,0.007281846119647205,True
1000,25,1.319341935606223e-09,True,,4.890900733605446e-05,True
1000,25,1.8702096282369085e-09,True,,0.0009574533527504564,True
1000,25,2.596742068614634e-11,True,,0.00026670497460856246,True
1000,25,2.5164016301765534e-14,True,,5.220167347176605e-05,True
1000,25,1.5824651768613204e-15,True,,0.00013390368082255114,True
1000,25,2.8294882565358413e-12,True,,0.0002958670157252223,True
1000,25,5.4036742572063505e-18,True,,4.070363946040361e-05,True
1000,25,9.906335677141734e-13,True,,1.1806279527625864e-07,True
1000,25,1.975103494862556e-18,True,,6.244483460630137e-06,True
1000,25,6.147326620974486e-14,True,,0.0028215915876345864,True
1000,25,6.980112363133795e-13,True,,0.0006686766617564624,True
1000,25,5.056153706677155e-14,True,,0.0018337075834643432,True
1000,25,2.2253899195205365e-21,True,,2.767374168018708e-07,True
1000,25,8.209994685352488e-14,True,,2.9166629085614173e-06,True
1000,25,1.0167719633740148e-09,True,,0.0063053144432694205,True
1000,25,2.0001723527463742e-12,True,,0.0021006579000818065,True
1000,25,1.510525978450565e-11,True,,0.0003531938037726166,True
1000,25,1.5266834242565676e-08,True,,1.1129911651899648e-05,True
1000,25,8.965029642740192e-14,True,,7.2388546506601435e-06,True
1000,25,3.0615208434234485e-14,True,,0.00013073900973637422,True
1000,25,6.152062537195614e-13,True,,0.0006085207562776118,True
1000,25,1.8525389175184426e-07,True,,0.0005663651695301616,True
1000,25,1.8233195778439688e-10,True,,4.836319225054287e-06,True
1000,25,6.070715665740786e-12,True,,0.00037116458282220575,True
