1000,30,6.363683916799621e-27,True,77.39511720171154,4.230575243101232e-06,True
1000,30,2.4510190609478736e-28,True,83.91463916782736,1.2037930503545318e-05,True
1000,30,1.980532730105071e-34,True,63.83967548998559,2.060682007468978e-07,True
1000,30,3.6104734417431916e-30,True,90.62781030125355,3.508892721172881e-06,True
1000,30,3.562076454294287e-33,True,79.33160887481526,5.2929610918422906e-05,True
1000,30,1.6881246918667373e-28,True,61.25768659251398,3.308585418777967e-05,True
1000,30,5.834863899255893e-25,True,74.49037969205598,6.80956419363735e-05,True
1000,30,5.089437258630326e-28,True,64.61427215922707,2.3420984386953404e-06,True
1000,30,4.058496933152008e-28,True,86.23842917555181,0.0011057717321005637,True
1000,30,1.433465022600269e-54,True,79.84800665430957,2.633972815092559e-08,True
1000,30,3.392913013373544e-27,True,65.7116174406525,5.916728664849557e-05,True
1000,30,2.4164119139865066e-29,True,61.967733539318665,5.8197255635002186e-05,True
1000,30,2.796693123082957e-31,True,77.13691831196438,6.26585923579763e-07,True
1000,30,8.387455493507783e-27,True,79.52525804212563,8.922008918384769e-06,True
1000,30,1.2037465676151913e-30,True,79.718907209436,0.00021817801204941311,True
1000,30,6.460356764563711e-44,True,65.45341855090534,1.4708840437245052e-06,True
1000,30,9.135826994477719e-40,True,93.20979919872516,6.719602838011622e-07,True
1000,30,3.189907291729636e-58,True,66.4216643874572,0.00029113550088031074,True
1000,30,1.7874894768569082e-27,True,78.4279127607002,0.0016137390972310913,True
1000,30,2.260375159005502e-37,True,68.22905661568733,7.66398829928461e-06,True
1000,30,1.0546720082519512e-31,True,77.33056747927475,0.00021891565336713692,True
1000,30,6.396435526413063e-35,True,76.55597081003327,6.290402517491713e-06,True
1000,30,5.783279445142346e-29,True,66.03436605283646,2.6808386088722585e-06,True
1000,30,5.770474404381526e-30,True,73.45758413306734,2.0405505490192712e-05,True
1000,30,1.9046840918516982e-28,True,86.04478000824145,0.00041881983148390307,True
1000,30,1.4875797485280014e-27,True,77.97606470364266,1.2627176830578906e-05,True
1000,30,2.072225395294284e-60,True,67.45445994644584,1.0251806362128234e-06,True
1000,30,2.0158024004417946e-28,True,81.59084916010292,1.7838727061816996e-05,True
1000,30,2.971935079370877e-28,True,70.16554828879103,2.2185609239170403e-05,True
1000,30,3.335787199289447e-26,True,71.19834384777968,0.0007957469373174095,True
1000,30,9.914617016777636e-31,True,73.07028579844659,0.00025121478228538457,True
1000,30,1.4183680241204253e-25,True,71.84384107214758,0.00019307854401397009,True
1000,30,4.053952331169434e-34,True,67.45445994644584,2.672507873418534e-08,True
1000,30,1.0521036706555734e-36,True,83.97918889026415,3.134033961896268e-05,True
1000,30,5.794422960962255e-32,True,70.3591974561014,9.843480537922684e-05,True
1000,30,1.842459833426088e-23,True,68.87455384005523,1.0108857836094186e-05,True
1000,30,9.696842429620594e-46,True,73.19938524332018,6.17777364130874e-07,True
1000,30,9.068431395223541e-29,True,74.29673052474561,0.000553207441172044,True
1000,30,6.555599857672231e-31,True,83.85008944539057,5.7862658158021395e-06,True
1000,30,1.2629959871212445e-32,True,67.0671616118251,8.692418615053884e-05,True
1000,30,4.683317778985357e-42,True,70.16554828879103,1.1727408358247962e-06,True
1000,30,1.223361402651574e-27,True,81.33265027035576,0.0003746018570595997,True
1000,30,4.0169768231246574e-28,True,66.80896272207794,0.00468135175565373,True
1000,30,3.853771764911949e-37,True,76.10412275297574,2.5140578431094353e-05,True
1000,30,1.128515626347064e-54,True,65.84071688552608,2.9998390720108746e-05,True
1000,30,7.142547779295033e-42,True,69.97189912148066,0.00012082797584887789,True
1000,30,1.0237411957879338e-26,True,81.91359777228686,0.00015402975950094588,True
1000,30,1.0819697563043713e-27,True,65.84071688552608,0.00012120484290065223,True
1000,30,3.117725515426029e-32,True,75.58772497348141,0.00021826319353373275,True
1000,30,6.838996996288323e-26,True,89.27226613008095,7.18197950964741e-06,True
1000,30,1.5880143647610084e-33,True,74.87767802667672,0.00042365179529439966,True
1000,30,6.45491688907793e-32,True,76.29777192028611,5.504295760555442e-07,True
1000,30,1.4513837126675296e-28,True,67.0026118893883,1.9600303081206583e-06,True
1000,30,4.169285062611413e-26,True,66.22801522014683,0.00012061891378137738,True
1000,30,1.617610621692289e-35,True,75.20042663886068,3.6789570948604818e-09,True
1000,30,2.4531308284466146e-28,True,81.0744513806086,5.7804942080759875e-06,True
1000,30,4.6981057350980154e-29,True,83.72099000051699,0.00017283607905759489,True
1000,30,1.720780912456549e-23,True,76.49142108759648,7.452312670331187e-05,True
1000,30,4.2091835596268786e-34,True,64.87247104897423,7.319352541509411e-05,True
1000,30,8.681335439672471e-43,True,72.55388801895228,6.231581294901468e-05,True
1000,30,1.587022741165644e-34,True,67.32536050157226,0.0011545365359031045,True
1000,30,4.951188904117574e-31,True,69.58460078685992,4.1318416723999736e-05,True
1000,30,4.552880061472194e-33,True,79.718907209436,1.5891936918966092e-06,True
1000,30,1.770002384047892e-30,True,75.84592386322858,1.1033673280139178e-05,True
1000,30,1.6927704606191718e-44,True,64.80792132653744,1.852536947896611e-05,True
1000,30,2.1301383411789085e-41,True,75.52317525104462,6.295125878221851e-05,True
1000,30,4.142473736029625e-29,True,75.39407580617105,1.206264240256044e-06,True
1000,30,9.30660271282651e-44,True,60.03124186621496,5.102133627901925e-06,True
1000,30,8.84381548275708e-29,True,56.67465629950186,4.443553355930763e-05,True
1000,30,1.1570166643072252e-25,True,71.19834384777968,0.00010052498324872577,True
1000,30,7.381705548900274e-24,True,64.87247104897423,4.494099833478685e-06,True
1000,30,1.307709605311258e-36,True,71.19834384777968,6.579324786177512e-05,True
1000,30,2.6300261755109968e-27,True,73.26393496575697,2.154275572245184e-06,True
1000,30,8.547852470075752e-23,True,79.0088602626313,3.188765787885634e-07,True
1000,30,1.6524187311141194e-27,True,80.04165582161994,3.281924591490161e-07,True
1000,30,2.2056158685602977e-28,True,75.45862552860784,7.506836251915694e-05,True
1000,30,3.029021559929692e-39,True,82.81729388640193,3.138127626571686e-05,True
1000,30,8.888926836668188e-31,True,76.94326914465401,1.2570163088115184e-06,True
1000,30,3.8293642867952287e-38,True,73.52213385550412,3.8646767734515596e-08,True
1000,30,4.1544194903472755e-31,True,74.94222774911351,4.716581601551817e-05,True
1000,30,1.0696922284808582e-32,True,76.81416969978044,3.5751035580909093e-08,True
1000,30,8.239270806711916e-49,True,62.80687993099694,3.4760522900586647e-06,True
1000,30,1.3484978208372246e-39,True,72.03749023945795,8.975376670754182e-05,True
1000,30,1.922954452454426e-29,True,71.19834384777968,1.2057364987877366e-06,True
1000,30,8.105569800710327e-28,True,72.29568912920512,2.8566840834287377e-06,True
1000,30,3.383799448811588e-42,True,75.91047358566537,1.4702162981820235e-06,True
1000,30,1.173418383846002e-28,True,73.71578302281449,1.8754851026837755e-07,True
1000,30,9.583132457510227e-43,True,53.38262045522556,1.8453613185437526e-05,True
1000,30,8.380795676482718e-41,True,68.03540744837696,0.0005747591436891719,True
1000,30,2.2455758931171436e-26,True,75.45862552860784,0.00023625568838900416,True
1000,30,1.6416012521855158e-28,True,88.69131862814984,1.2142040341365777e-06,True
1000,30,2.4642065172824523e-33,True,58.93389658478952,3.071953619881497e-07,True
1000,30,1.4007894949799737e-26,True,81.6553988825397,2.8684425410723074e-06,True
1000,30,4.357370395870959e-36,True,87.46487390185082,0.0001792722187087737,True
1000,30,4.60043161342093e-27,True,90.69236002369034,7.618333989830082e-07,True
1000,30,3.574862489026866e-26,True,70.16554828879103,4.776045749403101e-05,True
1000,30,6.3283514482471216e-27,True,65.58251799577893,4.026764558032322e-05,True
1000,30,3.9161523904904576e-26,True,80.04165582161994,4.4547119349592833e-07,True
1000,30,6.491377973246208e-26,True,61.70953464957151,4.17259262035303e-06,True
1000,30,3.1231887218980026e-30,True,83.46279111076983,4.625395463905187e-06,True
1000,30,4.0104579004257315e-27,True,81.59084916010292,3.629011465996898e-08,True
1000,30,3.9478278815874576e-37,True,81.78449832741329,9.337564674658695e-06,True
1000,30,4.8231232063342614e-39,True,75.91047358566537,1.5795973828824727e-07,True
1000,30,1.54872315151688e-25,True,87.98127168134515,4.01283202701371e-06,True
1000,30,7.600798689891365e-27,True,70.61739634584856,5.722170468582775e-07,True
1000,30,1.0957030049425874e-38,True,66.09891577527324,5.683961300134393e-05,True
1000,30,2.4920785658819694e-28,True,96.88913337762222,1.9449977797641798e-07,True
1000,30,3.035685445294006e-27,True,70.29464773366462,8.25375332144808e-05,True
1000,30,4.950675152827668e-27,True,70.68194606828536,0.0003301066148888582,True
1000,30,3.365314145926085e-45,True,72.68298746382585,5.692629200176701e-05,True
1000,30,4.5950185566862156e-29,True,65.64706771821571,2.3441392695981562e-06,True
1000,30,1.9131498401429522e-30,True,78.2988133158266,3.5109777088304646e-05,True
1000,30,1.0242267451998963e-27,True,81.13900110304539,3.9391058978711186e-05,True
1000,30,2.1788675808931415e-27,True,84.94743472681601,3.9702713788053546e-08,True
1000,30,6.124129487290602e-33,True,82.55909499665476,7.260665839700385e-07,True
1000,30,1.4705829947898867e-29,True,68.16450689325053,1.6250182953544304e-05,True
1000,30,1.6984889650955046e-35,True,68.81000411761843,5.958261502163204e-06,True
1000,30,5.372740507209765e-25,True,70.29464773366462,0.0004982968246574838,True
1000,30,1.0217501465601606e-30,True,71.84384107214758,8.236517929138762e-05,True
1000,30,1.6939186839168803e-32,True,78.87976081775773,2.2910758127907888e-07,True
1000,30,3.1038323083502033e-26,True,69.77824995417029,9.079538552617635e-06,True
1000,30,1.1634594599232672e-27,True,66.61531355476757,0.0001039340886333575,True
1000,30,6.278253125330738e-30,True,54.60906518152458,8.440786221281371e-06,True
1000,30,9.86931904733569e-29,True,70.68194606828536,7.663455758784937e-06,True
1000,30,3.8038963344538096e-30,True,92.49975225192047,0.00023587360333003694,True
1000,30,7.330607473556927e-29,True,56.48100713219149,5.132610639261465e-05,True
1000,30,1.7024105096512807e-26,True,67.90630800350337,2.0416194592353772e-05,True
1000,30,1.4690687156446015e-23,True,79.84800665430957,8.543397929360774e-06,True
1000,30,1.0798605815864708e-28,True,76.23322219784932,2.526843867654658e-05,True
1000,30,3.6594032542412334e-33,True,76.49142108759648,6.480671431993327e-06,True
1000,30,1.2813094400655799e-38,True,74.23218080230882,0.00013632178188788024,True
1000,30,3.354207584949296e-27,True,60.483089923272495,2.0965095084779555e-05,True
1000,30,5.374221351605979e-29,True,72.81208690869944,9.662349047626214e-06,True
1000,30,1.0081627398309192e-26,True,66.03436605283646,4.847660145889395e-05,True
1000,30,7.970553004127272e-28,True,70.55284662341178,0.0004584417109916863,True
1000,30,1.1368571583826458e-29,True,69.97189912148066,5.254310578565343e-06,True
1000,30,2.0855646590528862e-31,True,70.42374717853819,0.0002738359961659923,True
1000,30,1.4526538365782022e-32,True,82.49454527421797,5.8442451927114804e-05,True
1000,30,5.329646017298344e-26,True,75.97502330810215,1.0752687029731389e-06,True
1000,30,4.273474443243189e-24,True,70.94014495803252,0.0004838989445062894,True
1000,30,9.345054045966605e-31,True,74.16763107987202,1.1343209368750865e-05,True
1000,30,2.0994074883009795e-30,True,68.87455384005523,2.6148301344490967e-05,True
1000,30,1.2268289257017982e-24,True,79.0734099850681,1.424761745484331e-07,True
1000,30,5.56623226799719e-31,True,80.62260332355106,2.666307845370118e-06,True
1000,30,6.1304900912277904e-24,True,81.6553988825397,1.1482356805601837e-06,True
1000,30,8.206050921728882e-27,True,78.23426359338981,9.656433233110956e-06,True
1000,30,2.6747096737289243e-30,True,77.91151498120587,4.190010963439965e-06,True
1000,30,7.89016796525719e-27,True,73.45758413306734,5.252551795131936e-07,True
1000,30,1.354945880560107e-44,True,73.71578302281449,1.832807457291368e-05,True
1000,30,1.1516491428759889e-27,True,75.58772497348141,0.0009629497229688938,True
1000,30,8.974615086285676e-41,True,71.77929134971079,3.938667358897092e-08,True
1000,30,4.316446974495913e-40,True,67.6481091137562,6.4447013833169326e-06,True
1000,30,1.683708164609492e-25,True,71.714741627274,0.0014172374138438845,True
1000,30,2.622527973853241e-27,True,62.48413131881299,1.6567826532741937e-06,True
1000,30,6.751565897156933e-27,True,79.46070831968883,0.0002860597696206823,True
1000,30,1.3170671865657677e-28,True,82.68819444152835,0.00013671418384811378,True
1000,30,2.8276100923627693e-42,True,63.96877493485917,0.00030331405890034695,True
1000,30,1.4490575601988856e-24,True,79.20250942994167,5.1613402121972495e-05,True
1000,30,5.4004805493385e-29,True,72.42478857407869,0.0004274821112702834,True
1000,30,9.63200165200016e-29,True,78.94431054019451,4.207613647081028e-07,True
1000,30,8.243998095777049e-26,True,94.9526417045185,1.08054013820009e-05,True
1000,30,6.652979072626086e-30,True,63.19417826561768,1.798454492700548e-05,True
1000,30,1.0137634213159795e-39,True,76.3623216427229,2.610192663682567e-07,True
1000,30,2.3612407964317768e-30,True,74.55492941449278,0.0002724542078328778,True
1000,30,1.4337963670657184e-31,True,61.322236314950764,6.405261068445575e-05,True
1000,30,1.446859099438363e-29,True,73.19938524332018,0.00014354610269274676,True
1000,30,2.254737260685757e-30,True,81.46174971522933,3.7502384879376185e-06,True
1000,30,7.663210276892758e-31,True,67.0026118893883,3.21532893435219e-07,True
1000,30,1.4290839279956558e-41,True,70.03644884391746,2.9291307729977796e-05,True
1000,30,3.8785920962063547e-25,True,85.39928278387355,1.907683533053617e-07,True
1000,30,6.715772301459633e-34,True,71.90839079458438,6.885691040371543e-05,True
1000,30,3.2112038778239877e-31,True,79.13795970750488,0.00021848910391054847,True
1000,30,8.143481472645729e-32,True,77.58876636902191,3.2358507641051764e-06,True
1000,30,4.515065784223112e-26,True,72.16658968433153,5.4059509897857005e-06,True
1000,30,2.626444081194146e-27,True,68.81000411761843,0.0010642433898120423,True
1000,30,2.0342381916973798e-31,True,78.55701220557377,3.614232905362166e-06,True
1000,30,8.06225631731618e-28,True,90.62781030125355,7.157747549708801e-07,True
1000,30,1.8742717107565945e-26,True,68.4227057829977,4.044030500838949e-06,True
1000,30,3.5588544372712537e-32,True,82.55909499665476,2.562210932539519e-06,True
1000,30,9.760382166867478e-34,True,77.13691831196438,7.457103789940106e-07,True
1000,30,1.925738199928954e-27,True,76.42687136515968,6.161661318569198e-07,True
1000,30,8.758175742808352e-25,True,76.3623216427229,4.473688944458419e-05,True
1000,30,5.127788288748918e-53,True,75.52317525104462,5.864356364356396e-07,True
1000,30,2.231407501211027e-33,True,53.64081934497272,6.655963632968012e-05,True
1000,30,1.1347326113666399e-41,True,78.68611165044734,8.278795830656355e-06,True
1000,30,8.211084260216131e-38,True,74.10308135743524,0.0006179180387892309,True
1000,30,4.6572874267707135e-30,True,65.19521966115818,4.840611927845329e-05,True
1000,30,9.919027191879746e-32,True,83.0109430537123,3.0506076942007845e-05,True
1000,30,6.618637875582404e-28,True,67.97085772594016,0.00028729918222766257,True
1000,30,6.979007259357812e-29,True,78.49246248313698,2.9799959070065143e-05,True
1000,30,4.42477572666675e-50,True,60.54763964570928,1.6166817054123305e-06,True
1000,30,3.0487951012908795e-30,True,78.16971387095303,2.8184543204960107e-06,True
1000,30,4.964157495234505e-31,True,63.19417826561768,0.00012494432991141024,True
1000,30,8.44125025663183e-34,True,61.25768659251398,2.9819823698480426e-05,True
1000,30,4.150607150316661e-29,True,87.33577445697725,4.83277150670951e-07,True
1000,30,6.9135673116603216e-34,True,76.16867247541254,0.0018412287306732824,True
1000,30,1.8181136927073672e-27,True,98.37377699366839,8.996701082424976e-07,True
1000,30,6.1310714989375156e-27,True,62.29048215150262,2.6154551931862685e-05,True
1000,30,3.315708313367767e-39,True,71.58564218240042,1.4855087330677282e-05,True
1000,30,2.73317003609647e-36,True,83.0109430537123,1.6871511225899017e-07,True
1000,30,2.3676987593773165e-26,True,81.6553988825397,5.569862331518542e-06,True
1000,30,2.6353133675151034e-28,True,82.75274416396513,5.817549390219656e-06,True
1000,30,3.6216837755527215e-29,True,64.80792132653744,1.4315165077231089e-06,True
1000,30,6.0625153277662556e-27,True,74.16763107987202,2.2138294013277165e-05,True
1000,30,1.134786496463215e-25,True,76.68507025490685,0.0002067619296852164,True
1000,30,2.659781584466359e-26,True,84.62468611463206,1.0935957204846411e-05,True
1000,30,5.103604987241839e-40,True,73.78033274525129,1.5620428543112427e-05,True
1000,30,1.0570159527792284e-32,True,75.84592386322858,2.3604251292873808e-07,True
1000,30,3.5570676236083406e-34,True,83.91463916782736,1.1725874166640777e-06,True
1000,30,4.008664097234519e-27,True,71.58564218240042,1.7384708707796629e-06,True
1000,30,1.479975808350071e-29,True,75.45862552860784,0.00010753314902649243,True
1000,30,5.4353344481633574e-39,True,64.80792132653744,2.138485452763403e-05,True
1000,30,7.87064362629487e-37,True,71.58564218240042,6.594962795249658e-05,True
1000,30,5.139788970832045e-27,True,65.51796827334213,6.991038624869415e-05,True
1000,30,9.832599228744335e-27,True,79.13795970750488,5.4924477558893505e-06,True
1000,30,1.1387867450509503e-27,True,81.78449832741329,1.1029992250617755e-05,True
1000,30,9.301179921202358e-31,True,71.65019190483721,1.0442302129667272e-06,True
1000,30,3.4041911056407155e-32,True,71.45654273752685,0.000273443482754567,True
1000,30,1.5082370768234623e-24,True,92.62885169679404,2.0631901569086806e-07,True
1000,30,3.252720901519827e-39,True,81.91359777228686,2.9231247041540682e-05,True
1000,30,3.6316682351525186e-31,True,63.96877493485917,4.567551507025969e-05,True
1000,30,1.1711640512153725e-32,True,83.20459222102266,7.815273113272673e-06,True
1000,30,1.587325016055857e-31,True,58.4174988052952,0.0003621169020591976,True
1000,30,3.432142593411947e-27,True,86.43207834286218,4.1217309531492047e-07,True
1000,30,4.418763762493369e-28,True,85.72203139605749,1.7026549076125827e-05,True
1000,30,1.190616635846429e-31,True,64.74337160410064,2.9144057073626936e-06,True
1000,30,1.3734739165536983e-29,True,79.39615859725204,3.2309028279989846e-05,True
1000,30,4.339080550625119e-30,True,82.10724693959723,3.2518941667631903e-07,True
1000,30,2.5945581783285696e-26,True,80.81625249086143,8.643149526389046e-09,True
1000,30,1.8044870353760507e-33,True,64.35607326947991,8.934341263934503e-05,True
1000,30,3.753915029865198e-41,True,71.00469468046931,1.549814563221077e-05,True
1000,30,4.1771307208837383e-29,True,71.65019190483721,0.00047958375485632367,True
1000,30,3.718682402797228e-26,True,83.14004249858588,3.992465650276876e-05,True
1000,30,1.1906430549301452e-24,True,80.81625249086143,0.00010925238279899512,True
1000,30,6.902895623911777e-31,True,74.68402885936635,6.874663525632154e-05,True
1000,30,3.787246850050501e-24,True,80.945351935735,1.4359850086178248e-05,True
1000,30,2.0038102195799262e-39,True,88.69131862814984,1.3006709178008628e-07,True
1000,30,3.7544118757519544e-31,True,72.55388801895228,8.310608113607818e-05,True
1000,30,4.812400193622932e-32,True,51.38157905968506,1.8509010793259622e-05,True
1000,30,1.6370119064076554e-32,True,71.0692444029061,0.00040855942605510717,True
1000,30,1.6635849555210042e-28,True,66.74441299964114,5.921810454198325e-06,True
1000,30,9.093686978060463e-26,True,72.48933829651548,2.101392900907216e-05,True
1000,30,5.961937848671038e-26,True,70.23009801122782,3.318533748453252e-05,True
1000,30,5.78070606079977e-27,True,102.18221061743901,1.7240237543910612e-10,True
1000,30,3.3569553730165254e-27,True,76.3623216427229,1.9995346714720942e-07,True
1000,30,1.2385527281536798e-30,True,86.30297889798861,2.6431703772669553e-07,True
1000,30,2.773903860803102e-26,True,81.59084916010292,1.2127548672597812e-08,True
1000,30,1.9235931915298654e-30,True,83.6564402780802,0.0007438988388555906,True
1000,30,1.0961330738371967e-34,True,77.0723685895276,5.304404602333167e-05,True
1000,30,1.9927242207764866e-27,True,81.20355082548217,0.00010025325983305126,True
1000,30,3.267675784808278e-42,True,72.03749023945795,0.00022835881897659445,True
1000,30,4.981523947386293e-37,True,78.75066137288414,0.0004312601870302795,True
1000,30,1.0951496758628437e-36,True,81.52629943766613,9.627470736842444e-05,True
1000,30,6.825555949802312e-32,True,80.17075526649353,1.3324847362510515e-07,True
1000,30,3.2960325776554797e-37,True,79.0088602626313,8.929983366192768e-05,True
1000,30,8.746608391628853e-64,True,75.07132719398709,4.260502977400643e-08,True
1000,30,3.8025678117399765e-24,True,76.68507025490685,5.682296171633308e-06,True
1000,30,1.3963994240255884e-25,True,91.53150641536861,6.063923800740176e-07,True
1000,30,1.203927726757201e-27,True,81.91359777228686,0.00032682326664830674,True
1000,30,9.401342917228515e-41,True,67.26081077913547,0.00011696879949189526,True
1000,30,1.2219434509424304e-24,True,71.0692444029061,2.015941350131873e-06,True
1000,30,1.772308813177466e-33,True,69.26185217467597,0.00034814348758281454,True
1000,30,4.6705375863652907e-29,True,74.10308135743524,4.224172962530052e-06,True
1000,30,1.4567648197073402e-28,True,86.88392639991972,2.165635711282476e-07,True
1000,30,3.438747153203628e-29,True,82.23634638447082,0.0001223850549333127,True
1000,30,5.957565436949561e-27,True,55.7709601853868,3.1831224471502727e-05,True
1000,30,4.047700212008178e-28,True,88.17492084865552,2.050119665570017e-06,True
1000,30,2.646546722762505e-25,True,67.58355939131943,0.00010275976422825892,True
1000,30,9.537781573163195e-31,True,60.805838535456445,9.00403798869315e-05,True
1000,30,1.5462194809280887e-24,True,77.91151498120587,4.344137844726971e-05,True
1000,30,3.018717336704524e-26,True,74.03853163499845,0.001472505742356788,True
1000,30,4.0558043112556824e-27,True,76.87871942221722,0.00017650035313405716,True
1000,30,1.2863654337064576e-27,True,76.55597081003327,0.00026883724227888035,True
1000,30,7.505714692175886e-31,True,65.00157049384781,5.8594693936370526e-05,True
1000,30,2.6372323738535087e-27,True,78.87976081775773,5.642525226761115e-07,True
1000,30,4.439580517539041e-25,True,79.58980776456241,6.754462347086618e-05,True
1000,30,1.7284134101242262e-21,True,79.0088602626313,1.2415375553210159e-05,True
1000,30,4.631381457299124e-33,True,78.75066137288414,0.0005869265566939195,True
1000,30,1.9231678365475007e-30,True,75.52317525104462,7.803432492315114e-07,True
1000,30,7.851565095484184e-31,True,79.84800665430957,4.549024428987573e-06,True
1000,30,1.0077648896337705e-25,True,63.96877493485917,9.211102441128494e-08,True
1000,30,5.3051147661456536e-30,True,93.20979919872516,3.179038779378455e-05,True
1000,30,4.181439868266738e-60,True,72.42478857407869,5.281215615002584e-06,True
1000,30,1.3334644461654017e-33,True,76.03957303053895,0.0006176003391014522,True
1000,30,2.072636179900768e-23,True,77.52421664658513,0.0007163383363564461,True
1000,30,1.6612134339443821e-34,True,73.39303441063055,0.0003756019383121518,True
1000,30,1.026462266986612e-33,True,79.13795970750488,2.632502853627739e-05,True
1000,30,1.1932094971111907e-26,True,65.58251799577893,0.0003304794101526439,True
1000,30,9.485015437761655e-31,True,70.61739634584856,0.000516996381579426,True
1000,30,7.302710579846074e-28,True,74.23218080230882,1.8295678963851114e-06,True
1000,30,3.715904435829865e-36,True,48.79959016221345,3.290492894002525e-05,True
1000,30,9.64239347434586e-36,True,66.80896272207794,8.754387640574772e-05,True
1000,30,3.2170784159440724e-25,True,77.33056747927475,2.6236790111445925e-06,True
1000,30,1.9926812939499887e-32,True,62.4195815963762,1.0835946436522743e-06,True
1000,30,1.3503777102973825e-40,True,76.87871942221722,1.5329491446835428e-05,True
1000,30,9.407604407228687e-32,True,83.72099000051699,1.1468150162203909e-05,True
1000,30,2.6164826368354302e-33,True,75.07132719398709,0.000203250720219904,True
1000,30,1.0119957911922703e-34,True,75.97502330810215,0.0012162944332987176,True
1000,30,3.6735837705641496e-59,True,73.58668357794092,1.7801610145539542e-05,True
1000,30,7.232773866470537e-28,True,64.09787437973274,3.352521154283486e-05,True
1000,30,3.305385271755691e-30,True,81.97814749472366,2.1083644000130504e-07,True
1000,30,6.4564177628776186e-27,True,66.16346549771004,9.984294189020255e-08,True
1000,30,1.1696785565875485e-33,True,69.64915050929672,8.304724764835152e-06,True
1000,30,7.110152580553811e-57,True,70.29464773366462,8.906704404358023e-05,True
1000,30,2.1284220216316854e-29,True,69.7137002317335,0.00044611347780429525,True
1000,30,4.5793847926283537e-26,True,70.48829690097499,2.4591596053440724e-06,True
1000,30,1.3294948190770964e-25,True,70.29464773366462,5.166642731755904e-05,True
1000,30,3.6620499504565425e-34,True,73.58668357794092,4.0268107215250275e-07,True
1000,30,1.3242710222743284e-30,True,89.91776335444887,4.072157945125397e-06,True
1000,30,1.6038536944384643e-55,True,72.94118635357302,2.5860859083750928e-05,True
1000,30,2.1747676351714087e-32,True,76.68507025490685,1.2624344993128525e-05,True
1000,30,3.755164744978862e-30,True,80.49350387867747,3.717476528273604e-06,True
1000,30,2.2632039095270456e-38,True,73.78033274525129,2.5541712353469133e-06,True
1000,30,3.1394662607862804e-41,True,60.09579158865175,7.109395606703382e-05,True
1000,30,3.8646395273403414e-44,True,70.16554828879103,8.714506887598105e-08,True
1000,30,2.0068524544453701e-53,True,74.55492941449278,1.4267637291236263e-05,True
1000,30,4.9282433201329563e-32,True,50.09058461094926,0.00036195525939068294,True
1000,30,4.108509705657213e-31,True,81.46174971522933,4.379811605108251e-06,True
1000,30,3.708228857380018e-25,True,66.486214109894,6.440251548083646e-07,True
1000,30,1.6492151309912042e-32,True,75.13587691642388,2.5979672459781947e-05,True
1000,30,3.1542735520434334e-33,True,77.91151498120587,0.0004341546171129048,True
1000,30,2.715513943126637e-34,True,71.19834384777968,5.464748111900698e-08,True
1000,30,8.321778605363886e-41,True,60.54763964570928,5.184303791028387e-05,True
1000,30,6.2932232773430996e-30,True,55.19001268345569,0.0003442772304756918,True
1000,30,3.280287075608807e-31,True,65.51796827334213,1.4420606887534963e-05,True
1000,30,1.3794158321727704e-24,True,83.52734083320662,2.1775714894515566e-06,True
1000,30,6.532365596274756e-30,True,77.91151498120587,0.000494784408755091,True
1000,30,6.360172661926941e-28,True,59.64394353159422,2.5732991818731396e-05,True
1000,30,2.222731939025589e-27,True,74.61947913692956,0.00018317157076035465,True
1000,30,3.0197525414348284e-26,True,75.00677747155031,0.00010217914718171576,True
1000,30,2.629819965275833e-33,True,84.3019375024481,1.0340016328060017e-05,True
1000,30,1.1904018147954236e-27,True,55.64186074051322,1.0556465481094898e-06,True
1000,30,3.447994507674019e-32,True,67.712658836193,3.7691673619575414e-06,True
1000,30,2.7356626762443396e-36,True,80.68715304598786,2.394756626843207e-05,True
1000,30,5.200964529478504e-26,True,72.68298746382585,3.446832457993142e-05,True
1000,30,6.855551853743573e-28,True,72.36023885164191,2.4238982093138595e-06,True
1000,30,3.5917831844022433e-28,True,88.82041807302342,0.00020594939594815564,True
1000,30,9.998564901778677e-27,True,80.945351935735,1.535971132722881e-05,True
1000,30,6.6434755853421965e-31,True,71.714741627274,1.1613662836346585e-06,True
1000,30,7.770125949243498e-27,True,94.69444281477134,3.06237836972355e-07,True
1000,30,1.9343197269359873e-27,True,83.78553972295379,6.796478004392111e-05,True
1000,30,5.133772613984738e-27,True,91.0151086358743,5.88064131271243e-07,True
1000,30,1.2651010415928431e-26,True,67.6481091137562,0.00018582943142507038,True
1000,30,4.404949084758776e-28,True,70.16554828879103,0.000303008129519112,True
1000,30,5.215820442023745e-26,True,79.0088602626313,3.9378885597132216e-05,True
1000,30,1.2054244087259149e-42,True,65.84071688552608,0.00015215002315623806,True
1000,30,1.7210714724106335e-32,True,84.75378555950563,1.2585792838990103e-06,True
1000,30,6.916300260604614e-25,True,81.46174971522933,3.8715163433136095e-05,True
1000,30,1.2882175660748214e-30,True,73.13483552088339,1.4241639994465843e-05,True
1000,30,9.450463949742781e-28,True,80.04165582161994,1.2795232227649799e-11,True
1000,30,8.353352056433156e-25,True,52.80167295329445,4.403277773092911e-05,True
1000,30,1.762658443684766e-27,True,60.999487702766814,5.8296957828733136e-05,True
1000,30,1.8148177732368603e-29,True,82.3654458293444,1.1228027979657446e-06,True
1000,30,1.0148261900077997e-27,True,98.37377699366839,2.946709299650096e-08,True
1000,30,6.112628187770722e-27,True,77.39511720171154,0.001513952304617104,True
1000,30,1.125709366134579e-25,True,95.33994003913924,2.2168676064416833e-05,True
1000,30,9.201514688361139e-31,True,81.97814749472366,6.579736525409014e-05,True
1000,30,2.876120798636288e-30,True,62.16138270662904,9.556222496176436e-06,True
1000,30,4.47284697254776e-29,True,69.39095161954955,9.984364522965367e-06,True
1000,30,9.636728535273213e-27,True,61.58043520469793,0.00079789237104136,True
1000,30,1.416373093437052e-38,True,79.33160887481526,1.1653748371118578e-05,True
1000,30,2.5773325697983892e-26,True,74.03853163499845,1.3216359126766987e-05,True
1000,30,5.22835735129979e-32,True,75.00677747155031,8.115938171133623e-08,True
1000,30,1.1600074136747943e-28,True,79.718907209436,0.0003433777647389954,True
1000,30,7.51304660052485e-26,True,84.62468611463206,3.5566625807272016e-05,True
1000,30,2.5988460727117246e-24,True,67.58355939131943,0.0007143743289556965,True
1000,30,1.5782350944688522e-31,True,56.73920602193866,4.712630765276336e-05,True
1000,30,7.836872114886842e-33,True,76.42687136515968,3.873195989796228e-07,True
1000,30,6.602224180921555e-26,True,82.81729388640193,2.778287311146701e-07,True
1000,30,7.660747459578802e-27,True,81.46174971522933,2.0322897481439704e-05,True
1000,30,2.095278341234386e-36,True,94.04894559040343,4.139733217273548e-06,True
1000,30,1.0421061483766728e-26,True,84.3019375024481,5.137598138161824e-06,True
1000,30,4.5206028016100534e-33,True,73.13483552088339,5.241026162599561e-07,True
1000,30,1.0422363593908527e-39,True,79.718907209436,0.00040818999541866925,True
1000,30,7.579340936035787e-23,True,76.3623216427229,4.7499365676342833e-07,True
1000,30,7.104138638994271e-41,True,73.84488246768808,3.839784604676288e-05,True
1000,30,4.1490868921019486e-24,True,55.64186074051322,1.8186703547691302e-05,True
1000,30,5.9506354912593975e-34,True,74.87767802667672,6.4651168728062665e-06,True
1000,30,3.3096216929558742e-37,True,73.13483552088339,4.649346178209821e-05,True
1000,30,4.4438245480573936e-29,True,78.87976081775773,1.1144989500884439e-07,True
1000,30,3.351721498639161e-27,True,70.29464773366462,6.431717115351106e-05,True
1000,30,2.7607691715602628e-27,True,79.6543574869992,0.00016927491351407644,True
1000,30,5.900680195846527e-32,True,71.65019190483721,0.000812129152791289,True
1000,30,2.769619799193139e-26,True,72.10203996189475,1.3633248362981632e-06,True
1000,30,7.176112766277139e-24,True,67.90630800350337,7.082864134024969e-05,True
1000,30,4.147592186951477e-32,True,78.4279127607002,3.155501949581908e-05,True
1000,30,1.4220700845940296e-39,True,60.483089923272495,5.4029960985537535e-06,True
1000,30,1.0695773109238305e-24,True,71.58564218240042,0.0026067188006583435,True
1000,30,2.4703325474373237e-29,True,66.09891577527324,2.3199726800364073e-05,True
1000,30,1.952259621130854e-40,True,70.29464773366462,4.873888107772605e-06,True
1000,30,1.0716651960372333e-26,True,66.3571146650204,3.190053091571246e-07,True
1000,30,1.571945366175802e-25,True,76.16867247541254,7.322543103505676e-05,True
1000,30,4.217390475417518e-30,True,92.8870505865412,7.249137563460627e-05,True
1000,30,4.596512928373289e-42,True,57.126504356559394,5.810773817409721e-06,True
1000,30,4.458112613767907e-30,True,72.81208690869944,3.6433349796415075e-06,True
1000,30,1.9686216785804096e-40,True,68.16450689325053,1.653290321789152e-05,True
1000,30,1.9533879642753511e-28,True,73.78033274525129,0.0005559149796320873,True
1000,30,1.4836987398371978e-28,True,76.42687136515968,4.574110964975965e-06,True
1000,30,7.646108267364779e-25,True,83.33369166589625,1.292171561853793e-05,True
1000,30,4.196669859935394e-43,True,64.35607326947991,1.0891868661354403e-05,True
1000,30,1.2738371711044763e-26,True,80.49350387867747,5.726700011233989e-06,True
1000,30,3.7023082259220533e-28,True,58.869346862352735,0.00045866401585132813,True
1000,30,1.4501419804305425e-30,True,68.93910356249202,4.58739241497657e-06,True
1000,30,6.69940871619426e-45,True,63.51692687780164,5.18222693698201e-07,True
1000,30,6.2023579898686486e-27,True,75.716824418355,1.7647220403223066e-05,True
1000,30,3.2454681916768667e-31,True,79.718907209436,0.00033209861719904514,True
1000,30,7.013493198357145e-31,True,81.84904804985007,0.0007841996397585467,True
1000,30,2.4473075314004564e-36,True,65.64706771821571,5.476434144205767e-06,True
1000,30,3.3612650305052728e-28,True,73.90943219012487,7.608407729536065e-05,True
1000,30,1.911912201252311e-25,True,91.5960561378054,0.0003958392091961766,True
1000,30,3.888976566482161e-39,True,75.13587691642388,4.2792691309837216e-08,True
1000,30,5.2173696501781644e-31,True,65.19521966115818,8.38834464940592e-07,True
1000,30,1.2180844261109468e-26,True,80.49350387867747,0.0010262789863111224,True
1000,30,2.772960959624972e-32,True,84.75378555950563,2.725508791983314e-06,True
1000,30,2.382138938480011e-39,True,87.40032417941404,4.880490129042556e-05,True
1000,30,1.1414853623690482e-31,True,63.51692687780164,4.5239362947587356e-07,True
1000,30,6.086414193818995e-23,True,73.07028579844659,5.9191122275999e-07,True
1000,30,1.0757765563664246e-31,True,81.0744513806086,4.881639302750297e-06,True
1000,30,2.0826971120697003e-32,True,62.09683298419225,3.7658354495976992e-06,True
1000,30,1.202684158618091e-40,True,59.514844086720636,0.0004480397197541792,True
1000,30,7.59940537790407e-31,True,52.86622267573124,0.0001407193453932476,True
1000,30,3.4232569739274418e-31,True,58.15929991554804,0.0016005480495482598,True
1000,30,1.160526658735593e-31,True,74.49037969205598,1.378157565555854e-07,True
1000,30,1.914509442417969e-26,True,84.43103694732169,1.9606490482070316e-07,True
1000,30,2.217527765447164e-30,True,63.710576045112006,7.270569152882918e-05,True
1000,30,4.596018103752357e-29,True,80.55805360111427,7.283924033776919e-05,True
1000,30,3.2322294465893787e-28,True,59.385744641847054,0.00034328799587432247,True
1000,30,6.432345419017378e-29,True,89.85321363201207,7.486692529606509e-07,True
1000,30,1.918638692500784e-43,True,74.94222774911351,0.0002775379740466196,True
1000,30,2.0878971193574415e-42,True,64.4206229919167,7.321239498371771e-10,True
1000,30,4.285894790781606e-42,True,73.45758413306734,0.0007701503484091013,True
1000,30,1.1806645590514055e-26,True,82.3008961069076,3.3716827627013807e-06,True
1000,30,6.188753008860766e-42,True,53.25352101035198,7.618874061618012e-05,True
1000,30,1.132020612649901e-28,True,80.3644044338039,6.895355992094669e-06,True
1000,30,8.081094029981572e-24,True,76.03957303053895,0.0006406759105047835,True
1000,30,2.0810537206346654e-24,True,67.0026118893883,8.780633685149279e-05,True
1000,30,2.1481418816007836e-26,True,95.72723837375999,1.3531042357051424e-05,True
1000,30,2.6011695060276066e-28,True,63.12962854318089,0.0015688217315216733,True
1000,30,2.612756076706467e-30,True,67.58355939131943,5.991149608196852e-05,True
1000,30,1.0803867975362046e-24,True,60.87038825789323,1.176170740475969e-05,True
1000,30,9.303374108370454e-31,True,82.62364471909156,0.00033988813766332225,True
1000,30,2.9428888910933355e-46,True,66.55076383233077,4.046295664852956e-05,True
1000,30,7.951232100307418e-30,True,89.98231307688565,1.6053609426910578e-05,True
1000,30,1.9274059962970454e-26,True,73.39303441063055,0.00010842697975049216,True
1000,30,4.378812332703295e-26,True,80.55805360111427,2.3131973448738575e-06,True
1000,30,4.318600993394187e-26,True,94.04894559040343,2.317861947171449e-07,True
1000,30,1.7804296468190049e-32,True,80.17075526649353,1.8575030257032293e-05,True
1000,30,4.4860505298864505e-25,True,76.03957303053895,3.3430888476760476e-06,True
1000,30,6.1629891760798285e-31,True,74.94222774911351,4.499902540381694e-07,True
1000,30,2.5732441157403173e-35,True,69.13275272980239,0.0004754783027269744,True
1000,30,2.2878513177338283e-29,True,76.16867247541254,4.530331362981754e-06,True
1000,30,2.5908185912049125e-26,True,85.20563361656316,0.00030524962438489026,True
1000,30,7.445769734432078e-32,True,82.75274416396513,6.185446104646617e-06,True
1000,30,9.43258439712816e-27,True,92.49975225192047,3.1226305597347337e-06,True
1000,30,3.5461171123284e-32,True,85.46383250631033,2.6509417480152665e-05,True
1000,30,8.519207190512281e-33,True,58.546598250168785,0.0002058990115900492,True
1000,30,4.447407572624849e-27,True,74.3612802471824,1.6514644176329485e-06,True
1000,30,1.5171421300668386e-25,True,67.6481091137562,1.22647793114086e-06,True
1000,30,5.707594761529429e-27,True,78.04061442607944,1.0308088094697371e-05,True
1000,30,6.800523229248706e-32,True,71.45654273752685,4.157114149087821e-06,True
1000,30,1.4348452785824726e-23,True,70.16554828879103,0.0009462628978021017,True
1000,30,5.1266555951127006e-27,True,65.19521966115818,4.0936722761293336e-06,True
1000,30,2.395271405682259e-26,True,70.10099856635425,4.391199818184872e-07,True
1000,30,2.396282815647067e-28,True,60.35399047839891,3.628859501532312e-05,True
1000,30,2.4991134840373445e-26,True,74.42582996961919,2.990261562049402e-05,True
1000,30,8.98758757378837e-32,True,69.19730245223919,4.2753309076226856e-07,True
1000,30,7.656071405446441e-40,True,63.45237715536484,2.6011412999700694e-05,True
1000,30,2.723196879411915e-40,True,58.546598250168785,5.185705058940311e-06,True
1000,30,2.227956793612321e-25,True,81.33265027035576,4.596831786921608e-06,True
1000,30,3.018004420531047e-31,True,77.91151498120587,9.043293287627679e-05,True
1000,30,2.2631134888029374e-26,True,71.97294051702116,2.596483346989884e-06,True
1000,30,4.649199108696429e-28,True,71.26289357021646,7.554589668060751e-05,True
1000,30,6.120082482728879e-29,True,82.3008961069076,1.644751391432693e-05,True
1000,30,3.889013237445098e-28,True,77.58876636902191,3.307102012301255e-05,True
1000,30,7.334790072894658e-27,True,81.13900110304539,6.340746108351592e-05,True
1000,30,1.8149927952872155e-24,True,61.19313687007718,0.0002217231339437303,True
1000,30,8.760501527429457e-37,True,76.42687136515968,3.3863234134991944e-06,True
1000,30,5.942227682544213e-32,True,81.7199486049765,7.4778792692211875e-06,True
1000,30,2.8705231506067314e-29,True,69.90734939904387,1.899236469592526e-06,True
1000,30,4.1457312644876085e-29,True,70.03644884391746,1.7764619487102016e-06,True
1000,30,2.466257757747618e-26,True,72.55388801895228,2.0989601685545966e-05,True
1000,30,3.398713816459605e-26,True,63.00052909830731,4.0210208046462534e-05,True
1000,30,1.1021293839287711e-26,True,63.258727988054474,8.161759994013647e-05,True
1000,30,4.07527689284247e-27,True,73.39303441063055,7.951750366773932e-06,True
1000,30,3.247878288871524e-29,True,84.10828833513773,7.105981350873819e-09,True
1000,30,4.8715464599829636e-26,True,73.07028579844659,5.9844015751563856e-05,True
1000,30,9.397874226108717e-53,True,67.26081077913547,0.00013938052258310907,True
1000,30,4.955953300915496e-45,True,62.742330208560155,5.787056136257285e-06,True
1000,30,1.267589823938692e-33,True,71.90839079458438,2.693871831123611e-07,True
1000,30,9.500424682579723e-41,True,62.742330208560155,9.563518892468196e-06,True
1000,30,2.645782036684113e-35,True,71.45654273752685,9.508600648284279e-07,True
1000,30,4.584558583083885e-26,True,75.13587691642388,0.00012044469477919216,True
1000,30,2.516706260655029e-26,True,84.68923583706885,7.357051793263092e-06,True
1000,30,1.9753637734499983e-25,True,74.68402885936635,8.560997781913083e-05,True
1000,30,5.2637837937048454e-27,True,83.33369166589625,4.489938872154094e-05,True
1000,30,3.6538950850802447e-28,True,78.16971387095303,2.2008927495078054e-06,True
1000,30,4.648019906200888e-47,True,55.70641046295001,0.00039839687914211677,True
1000,30,4.697560981276801e-42,True,60.03124186621496,1.4387473163009477e-05,True
1000,30,3.169914309636895e-26,True,75.97502330810215,0.00042779869313312946,True
1000,30,2.2855487388618663e-41,True,65.64706771821571,9.919772176213034e-06,True
1000,30,6.34320146964564e-30,True,75.97502330810215,2.147114066759189e-05,True
1000,30,5.162909854320988e-28,True,90.24051196663281,0.00045724109571338133,True
1000,30,5.5731040127501654e-27,True,78.3633630382634,2.6099597883121476e-07,True
1000,30,1.5602316262187013e-32,True,76.55597081003327,2.7100935012228134e-06,True
1000,30,1.0684609628498628e-28,True,61.90318381688188,3.3290229818300974e-05,True
1000,30,2.0784940651352268e-30,True,80.88080221329822,2.27018051139341e-06,True
1000,30,5.220286052740043e-29,True,78.4279127607002,4.887674859560751e-05,True
1000,30,3.5437634131049305e-32,True,65.51796827334213,0.0003776385601506854,True
1000,30,4.289927604121479e-30,True,66.03436605283646,1.1713495580544324e-06,True
1000,30,1.1773824099693843e-36,True,77.7178658138955,2.4475436374270195e-06,True
1000,30,1.0774399318840431e-27,True,89.20771640764417,5.40903578796229e-06,True
1000,30,1.0059254625411208e-29,True,77.91151498120587,0.001461099754013509,True
1000,30,2.5544911498825266e-30,True,78.55701220557377,6.335159088872353e-05,True
1000,30,1.241246050625795e-24,True,80.81625249086143,3.11665316028024e-05,True
1000,30,6.907532307044864e-27,True,78.3633630382634,7.45284998929076e-06,True
1000,30,1.7359209436905997e-37,True,75.52317525104462,1.5044715760209556e-05,True
1000,30,1.7920014605061548e-31,True,71.52109245996363,1.2806013450372536e-07,True
1000,30,5.52443864136585e-27,True,82.23634638447082,3.691810813971146e-07,True
1000,30,9.113932895139517e-29,True,92.56430197435726,2.5765378507983918e-06,True
1000,30,7.056383548408424e-28,True,73.26393496575697,0.00041007519591922516,True
1000,30,3.0667119741563064e-26,True,85.46383250631033,2.0055721181619673e-06,True
1000,30,7.1114469983742195e-31,True,55.19001268345569,1.9809979779178755e-05,True
1000,30,8.645896159391382e-27,True,83.72099000051699,0.00043770268492063496,True
1000,30,2.2265644604700857e-27,True,59.708493254031005,2.5390701544822935e-05,True
1000,30,1.2364804314378634e-29,True,75.07132719398709,1.4420122946914955e-05,True
1000,30,4.342132882316342e-24,True,76.42687136515968,3.895364199734944e-08,True
1000,30,2.7597481787016314e-33,True,81.33265027035576,7.99299035892423e-06,True
1000,30,4.233601100460461e-36,True,60.483089923272495,6.229277499615572e-05,True
1000,30,1.7773986598422752e-27,True,79.84800665430957,1.6642926175593913e-06,True
1000,30,1.3886797317103022e-26,True,69.26185217467597,0.00027906889143759805,True
1000,30,1.590500910670577e-30,True,72.94118635357302,1.36755937635425e-06,True
1000,30,1.1029514358376742e-26,True,72.16658968433153,0.00011266671194447516,True
1000,30,1.0973305069126628e-29,True,72.36023885164191,7.42621505123114e-05,True
1000,30,1.3241991001288904e-28,True,69.58460078685992,1.0216921544247516e-05,True
1000,30,2.8397982600252326e-29,True,73.97398191256165,0.0003219490690172629,True
1000,30,2.7203082526560925e-27,True,66.22801522014683,2.653725783696093e-06,True
1000,30,1.4295412647573468e-26,True,86.23842917555181,2.1630752507109067e-08,True
1000,30,4.354122497549223e-38,True,81.39719999279254,1.9313247181311424e-06,True
1000,30,2.3903152430512817e-25,True,67.90630800350337,0.00018286775824326328,True
1000,30,6.074537024946736e-56,True,69.7137002317335,1.2399714596058158e-05,True
1000,30,1.690502076105273e-30,True,57.64290213605372,1.0734689495623522e-05,True
1000,30,7.966977998124414e-38,True,85.27018333899996,3.2852174254378576e-05,True
1000,30,3.602290254684456e-24,True,87.27122473454045,7.537966013964049e-07,True
1000,30,2.235439051302067e-37,True,75.84592386322858,3.7753325329118004e-05,True
1000,30,1.3535891754370956e-27,True,79.718907209436,1.3731574791727738e-07,True
1000,30,1.0410276698017453e-29,True,67.51900966888263,0.00428208273751912,True
1000,30,9.907929243629962e-40,True,65.00157049384781,1.88938801652838e-07,True
1000,30,7.317978135296949e-26,True,79.46070831968883,0.00015023560556693826,True
1000,30,3.0386432562282247e-27,True,73.39303441063055,0.00010017637149066761,True
1000,30,9.762584324567096e-36,True,80.23530498893032,1.4091206278060793e-06,True
1000,30,5.854736430215164e-34,True,81.59084916010292,5.912613001913155e-07,True
1000,30,3.8971239900554025e-25,True,60.35399047839891,1.097829183570679e-05,True
1000,30,6.724353835983478e-58,True,74.68402885936635,1.1321221076909722e-06,True
1000,30,7.11033069686593e-34,True,75.20042663886068,0.0002770215293288587,True
1000,30,3.1349614300828198e-34,True,68.3581560605609,0.00039241428391958413,True
1000,30,3.3481752396260776e-27,True,78.81521109532093,5.432455885927638e-05,True
1000,30,8.102268487967259e-35,True,70.42374717853819,0.0004245159148908346,True
1000,30,9.43014883798218e-25,True,77.84696525876907,2.1794251117719235e-05,True
1000,30,7.118099999375997e-34,True,82.23634638447082,1.0538005308408305e-05,True
1000,30,2.6048416075096236e-39,True,86.81937667748292,7.433782081595237e-07,True
1000,30,1.1106113231255703e-28,True,65.38886882846855,7.738611888445187e-06,True
1000,30,7.560362098371748e-24,True,80.2998547113671,0.00023131397278560147,True
1000,30,1.2891706873087818e-27,True,60.74128881301965,0.00012152026062416311,True
1000,30,9.580410957268872e-28,True,73.13483552088339,1.0916336327937121e-05,True
1000,30,2.747064351587979e-25,True,84.62468611463206,5.880419850739799e-05,True
1000,30,1.2854388389192265e-29,True,81.91359777228686,1.6046585354550755e-08,True
1000,30,1.3453769391880493e-27,True,84.88288500437922,6.507092904298258e-11,True
1000,30,4.8116929254588935e-30,True,82.75274416396513,1.2460834521326081e-08,True
1000,30,2.0224658520596833e-32,True,68.74545439518165,0.00038111512927019845,True
1000,30,1.6092184624095691e-31,True,63.00052909830731,2.3475322188315413e-06,True
1000,30,9.569666304646423e-32,True,63.581476600238425,3.912919791197422e-06,True
1000,30,3.3965641123905617e-22,True,88.36857001596589,1.2216483906238816e-05,True
1000,30,6.647971431179436e-42,True,67.97085772594016,1.9993879144857614e-05,True
1000,30,1.1516829545517526e-26,True,76.03957303053895,2.177693660056627e-06,True
1000,30,1.039339820996342e-32,True,68.16450689325053,0.00025537220675047955,True
1000,30,8.683252227493574e-31,True,69.19730245223919,1.2166409288381847e-05,True
1000,30,7.051817955168163e-31,True,72.94118635357302,3.80200874042266e-08,True
1000,30,1.2949056810697195e-22,True,62.67778048612336,0.0003399414573042603,True
1000,30,8.471656665238153e-34,True,72.87663663113622,7.836975672811268e-07,True
1000,30,3.721496181646508e-32,True,91.20875780318467,3.5887184913682415e-06,True
1000,30,1.3715171555570372e-37,True,86.69027723260935,9.401112766981546e-08,True
1000,30,4.0012790427472915e-32,True,63.00052909830731,9.361845880734712e-05,True
1000,30,8.032202559699862e-29,True,66.87351244451473,4.8244401796500084e-05,True
1000,30,2.419313836313176e-42,True,61.38678603738756,1.0696858471262944e-05,True
1000,30,3.043760719320935e-29,True,84.10828833513773,1.3771529690213622e-10,True
1000,30,1.4783623760000108e-28,True,75.20042663886068,7.044317336764649e-06,True
1000,30,6.580839202479372e-26,True,77.0078188670908,5.3014015273227335e-05,True
1000,30,7.231211560683208e-26,True,74.94222774911351,3.0394639276732468e-06,True
1000,30,8.796055589981382e-31,True,71.39199301509005,6.770975719286733e-06,True
1000,30,7.077760126337798e-40,True,62.61323076368657,5.030910489758473e-06,True
1000,30,5.099703586684561e-25,True,67.7772085586298,2.7763414780371835e-05,True
1000,30,1.2263937129843278e-40,True,74.81312830423994,7.993391833816336e-07,True
1000,30,4.405963523316513e-37,True,85.0119844492528,3.978629706769134e-06,True
1000,30,7.258815486906084e-32,True,56.15825852000754,1.6451218320545357e-05,True
1000,30,2.3329340620254773e-29,True,67.26081077913547,0.00017326348226637015,True
1000,30,1.7777806531708113e-38,True,77.6533160914587,0.0003977777532541168,True
1000,30,7.14099560065955e-33,True,70.74649579072215,0.00042251714070206124,True
1000,30,5.987712238264965e-39,True,79.0088602626313,5.975387878708377e-05,True
1000,30,1.5961980519245427e-30,True,59.57939380915743,6.965340759805133e-08,True
1000,30,1.5743219812842726e-27,True,77.7178658138955,2.7995666693250508e-05,True
1000,30,1.9907400087317345e-26,True,78.49246248313698,1.868083310870921e-05,True
1000,30,1.7053071237088536e-26,True,75.20042663886068,1.6610751564622106e-07,True
1000,30,3.281660030337995e-33,True,65.58251799577893,7.957967783072392e-07,True
1000,30,4.079651606848768e-27,True,73.84488246768808,8.554591748667218e-07,True
1000,30,8.608255573062607e-30,True,71.90839079458438,5.9192976038995176e-05,True
1000,30,3.3771807167791004e-34,True,76.10412275297574,1.798766218393631e-06,True
1000,30,3.343299345307946e-33,True,60.999487702766814,0.0006850000612025124,True
1000,30,1.313637974268057e-30,True,73.26393496575697,1.1712901039431995e-08,True
1000,30,1.1623082667009993e-26,True,73.26393496575697,2.5118087487036502e-09,True
1000,30,2.817256591663995e-35,True,69.19730245223919,0.0001399525876224399,True
1000,30,4.56620706043013e-34,True,58.223849637984834,2.0476210821347525e-06,True
1000,30,7.288865714996463e-28,True,88.49766946083948,1.0314329053859347e-06,True
1000,30,4.345145866554203e-27,True,71.0692444029061,0.0003308904452390218,True
1000,30,2.3998342712381762e-34,True,71.32744329265326,0.00017780847581195676,True
1000,30,5.278932837509337e-26,True,76.94326914465401,0.0005273849908995833,True
1000,30,1.1670244508594925e-32,True,66.09891577527324,6.430192004195772e-05,True
1000,30,3.6370464505034036e-37,True,74.81312830423994,3.657923462556429e-06,True
1000,30,2.8890342932664835e-25,True,86.88392639991972,6.189454926261642e-06,True
1000,30,5.47637478569356e-27,True,63.77512576754879,2.6661555155793034e-05,True
1000,30,1.2712773196408305e-38,True,68.74545439518165,8.147232435191035e-06,True
1000,30,8.094370689814089e-35,True,72.16658968433153,9.572219359355758e-05,True
1000,30,4.6609567462505375e-32,True,76.10412275297574,0.0002048946060348967,True
1000,30,1.9504837843315808e-26,True,74.42582996961919,1.661104981156318e-05,True
1000,30,1.046489698017445e-24,True,73.39303441063055,2.100066837629192e-05,True
1000,30,4.0733801938935595e-26,True,82.81729388640193,1.3794493330416e-06,True
1000,30,9.429226283141102e-30,True,69.64915050929672,1.8916583608003395e-05,True
1000,30,5.99686012092224e-39,True,76.10412275297574,2.2878509446603202e-10,True
1000,30,2.9036754192280357e-38,True,73.52213385550412,4.178918215714537e-06,True
1000,30,1.0833801774357247e-27,True,71.39199301509005,0.0004192272189200405,True
1000,30,1.7132646029923296e-24,True,78.55701220557377,9.758043994751498e-06,True
1000,30,4.584467511114461e-34,True,75.00677747155031,0.0008767831672514125,True
1000,30,1.268826759822425e-25,True,73.26393496575697,7.513689136495467e-05,True
1000,30,8.710422345359002e-38,True,59.192095474536686,0.0010383808325608317,True
1000,30,1.3528774867018255e-35,True,72.94118635357302,5.070099899709309e-06,True
1000,30,2.1235381284933958e-32,True,68.09995717081374,0.001957112778722431,True
1000,30,2.850065572839529e-32,True,66.16346549771004,4.1835349475449595e-06,True
1000,30,7.875699198506777e-34,True,67.0671616118251,2.4883874825669895e-05,True
1000,30,3.738918893502621e-32,True,84.81833528194242,1.6733630847186224e-05,True
1000,30,2.721449506214818e-27,True,83.59189055564342,8.335272393370482e-05,True
1000,30,1.7803322903861391e-31,True,63.32327771049126,2.7202466480052173e-06,True
1000,30,2.8821011029454726e-34,True,75.58772497348141,1.2827059501885412e-07,True
1000,30,5.656820133172747e-30,True,62.48413131881299,0.00012551205929506591,True
1000,30,1.1013324840376773e-30,True,69.84279967660709,4.27440000899307e-06,True
1000,30,1.1806096736303043e-24,True,59.45029436428385,6.026773362542555e-07,True
1000,30,3.2566423222896847e-25,True,68.81000411761843,2.1531052535265896e-05,True
1000,30,2.7007844987260615e-31,True,82.42999555178119,4.568274717068135e-05,True
1000,30,4.582648972192229e-32,True,66.61531355476757,7.977314771860515e-06,True
1000,30,3.1474839337693093e-31,True,70.74649579072215,1.1536715127617094e-05,True
1000,30,1.0231318312034289e-42,True,56.35190768731791,0.001129843512492698,True
1000,30,1.0913820247276164e-31,True,50.80063155775395,0.0006546420587851724,True
1000,30,7.851690916787288e-29,True,78.04061442607944,0.0010201486769180596,True
1000,30,8.942353029950654e-35,True,70.10099856635425,4.4298000091183586e-05,True
1000,30,3.5348530830862315e-32,True,53.57626962253593,0.0013027331371769217,True
1000,30,3.4710362744536256e-30,True,78.2988133158266,8.033436606315423e-07,True
1000,30,7.168690577316658e-45,True,51.83342711674259,0.0004225480990393685,True
1000,30,1.8320718246452918e-31,True,70.87559523559572,1.073289151457583e-05,True
1000,30,2.0660684603084646e-41,True,56.287357964881124,6.367692233730754e-05,True
1000,30,2.4303139239505365e-29,True,75.39407580617105,0.00022073964865221076,True
1000,30,3.6304551002969683e-38,True,60.805838535456445,0.0004843052751916509,True
1000,30,5.176877654544156e-28,True,79.26705915237847,1.7879114033147823e-05,True
1000,30,3.490853970214191e-24,True,83.59189055564342,2.168037022712505e-06,True
1000,30,7.334900498820126e-45,True,66.87351244451473,4.3592247853870495e-08,True
1000,30,9.311558330198683e-26,True,69.13275272980239,1.0550476615891062e-05,True
1000,30,2.0530032023913818e-33,True,62.935979375870524,5.730078886181974e-06,True
1000,30,7.67313446224846e-29,True,78.94431054019451,0.002394672906293284,True
1000,30,2.40196137268644e-33,True,71.19834384777968,6.368010877653825e-07,True
1000,30,4.1428392998009343e-26,True,82.49454527421797,2.354650072288509e-06,True
1000,30,8.453634303035843e-30,True,61.322236314950764,1.1299190546842036e-06,True
1000,30,7.383394500838763e-38,True,66.03436605283646,6.363340337430771e-07,True
1000,30,2.1769850719131194e-33,True,62.16138270662904,2.3002168088135324e-05,True
1000,30,5.174786160651411e-29,True,68.81000411761843,1.8155369790460546e-05,True
1000,30,4.766225697789927e-37,True,67.1317113342619,6.510417332047666e-05,True
1000,30,1.6593514315306164e-33,True,74.55492941449278,5.0952625277103975e-06,True
1000,30,6.400704613314901e-27,True,82.55909499665476,1.745757396421578e-08,True
1000,30,4.362524324444117e-27,True,69.84279967660709,1.3793267263635337e-06,True
1000,30,2.3641942974722594e-27,True,66.3571146650204,0.00039826074851652665,True
1000,30,3.0518496343597264e-32,True,82.49454527421797,0.0002101141400753936,True
1000,30,7.1139156671224456e-37,True,69.84279967660709,7.008997229607642e-06,True
1000,30,1.9727717092703006e-25,True,72.36023885164191,1.1075513329153825e-05,True
1000,30,2.504609738306326e-24,True,78.87976081775773,3.3890820224113667e-06,True
1000,30,4.101334363195116e-36,True,80.42895415624069,1.8515575001184995e-07,True
1000,30,2.4427652639783046e-33,True,81.6553988825397,3.6627819472046683e-06,True
1000,30,1.1307480106145783e-28,True,73.32848468819375,3.891283033747425e-07,True
1000,30,8.278509994437187e-26,True,69.7137002317335,0.000248263434552425,True
1000,30,1.7357661077997783e-24,True,91.72515558267898,1.259747940863821e-06,True
1000,30,3.5821064164850726e-26,True,64.80792132653744,0.00041480639911959516,True
1000,30,8.23377072617827e-28,True,60.16034131108854,5.221283234955319e-05,True
1000,30,2.8274321643363915e-31,True,74.61947913692956,4.3662492815250755e-05,True
1000,30,4.42619723259333e-24,True,86.10932973067823,2.753310375303447e-05,True
1000,30,7.114749061589845e-37,True,79.46070831968883,1.638181956770885e-05,True
1000,30,7.502390616707763e-27,True,73.65123330037771,5.00263635679236e-05,True
1000,30,6.91762313166705e-29,True,71.39199301509005,1.3386256760186428e-08,True
1000,30,4.754241482882384e-41,True,73.00573607600981,4.897699801944709e-07,True
1000,30,2.9341173517851844e-29,True,82.49454527421797,9.467184159676789e-07,True
1000,30,1.2196675069700972e-30,True,61.25768659251398,1.3203984260627949e-06,True
1000,30,4.3212078725759645e-27,True,71.90839079458438,4.120681277496526e-08,True
1000,30,1.6985877540160073e-28,True,84.17283805757452,7.194080566117194e-05,True
1000,30,1.0345258542627964e-24,True,81.6553988825397,5.076273032072592e-09,True
1000,30,1.3735044276658119e-33,True,87.07757556723008,1.3938247025393945e-06,True
1000,30,5.255027830359458e-34,True,75.13587691642388,0.00039367448945646977,True
1000,30,3.438878741918709e-31,True,71.84384107214758,0.0002443929773318597,True
1000,30,5.267082377130654e-25,True,93.0161500314148,2.3973853513485694e-07,True
1000,30,8.461415902388555e-44,True,85.33473306143675,5.292363582902166e-06,True
1000,30,5.1264357032598244e-27,True,70.94014495803252,5.509551420413596e-05,True
1000,30,2.8886302124141286e-39,True,83.72099000051699,0.00010837123080313838,True
1000,30,6.518171848293595e-29,True,83.07549277614909,0.0001868725850988699,True
1000,30,1.5692933210752594e-23,True,84.3019375024481,5.701779950019154e-06,True
1000,30,2.8704271548619464e-25,True,76.49142108759648,3.264043783860571e-07,True
1000,30,4.430791874206e-27,True,87.6585230691612,1.4501233490960855e-05,True
1000,30,2.493764181684584e-35,True,90.11141252175923,1.0016194044278366e-07,True
1000,30,1.0067049508572836e-30,True,49.25143821927098,0.0003749292994626069,True
1000,30,5.312554074595558e-31,True,73.71578302281449,5.480886566634702e-05,True
1000,30,1.9019659551891952e-28,True,81.97814749472366,3.6468812848553295e-07,True
1000,30,9.924283516951885e-28,True,79.33160887481526,9.806534509536989e-06,True
1000,30,1.6011518596629477e-24,True,74.74857858180314,2.2275197172806715e-07,True
1000,30,1.7649608953966e-33,True,73.97398191256165,1.957762940566713e-05,True
1000,30,9.755267158548584e-29,True,96.43728532056468,3.7607653062954135e-06,True
1000,30,1.7873839744721483e-25,True,81.97814749472366,9.574242323142158e-05,True
1000,30,8.74566886775906e-30,True,83.14004249858588,7.10338195666724e-05,True
1000,30,4.492076328683399e-31,True,78.23426359338981,2.9619449473517405e-05,True
1000,30,2.382353388900854e-33,True,86.49662806529898,0.00021553255971399384,True
1000,30,6.438256711926921e-28,True,70.3591974561014,2.138065086765505e-06,True
1000,30,2.5150387535145497e-29,True,80.945351935735,3.853224759894585e-06,True
1000,30,8.309731895243156e-25,True,64.4851727143535,0.00021105369100386513,True
1000,30,8.071501508058033e-23,True,82.04269721716045,3.831074594176752e-07,True
1000,30,3.879637196608959e-37,True,82.23634638447082,5.299839307093814e-07,True
1000,30,1.2706417731052481e-27,True,63.32327771049126,0.0011566922390715492,True
1000,30,1.4179139366034165e-31,True,75.58772497348141,2.3796148292946543e-06,True
1000,30,1.64546325718118e-26,True,60.4185402008357,0.0007318000291082166,True
1000,30,2.274909042304208e-30,True,78.94431054019451,4.0057117807241955e-05,True
1000,30,6.49017728533347e-38,True,85.27018333899996,0.0011896032374028695,True
1000,30,6.608092072287858e-27,True,64.74337160410064,1.9000659249989384e-05,True
1000,30,2.1781020138674032e-26,True,71.714741627274,0.00024504031401897735,True
1000,30,9.560712109736478e-31,True,70.48829690097499,3.4858881525843726e-05,True
1000,30,1.198107293781013e-24,True,65.32431910603177,5.508249564549604e-05,True
1000,30,8.68057605188003e-34,True,89.0140672403338,5.367343865214233e-07,True
1000,30,7.8059063422999595e-28,True,69.84279967660709,1.3953320308495571e-05,True
1000,30,4.346517159309327e-25,True,75.13587691642388,0.0001945268423654994,True
1000,30,6.039976684580072e-24,True,77.6533160914587,0.0006311620865664641,True
1000,30,4.6039426760158e-28,True,88.62676890571305,2.763538546969407e-06,True
1000,30,6.734303746619661e-29,True,86.75482695504614,7.265518682553066e-05,True
1000,30,1.161386771897195e-29,True,77.0723685895276,0.0010681787598087226,True
1000,30,6.115407109595832e-23,True,85.98023028580465,1.0663325128354617e-06,True
1000,30,5.303662532703886e-35,True,79.78345693187279,6.850221765971652e-07,True
1000,30,2.608176651894477e-30,True,74.74857858180314,1.0663368880364456e-07,True
1000,30,2.4852114656597593e-32,True,72.16658968433153,2.713938281036177e-06,True
1000,30,8.176802738855888e-37,True,67.7772085586298,3.9291433292338194e-05,True
1000,30,2.433255575496969e-30,True,78.23426359338981,6.367308113151065e-06,True
1000,30,4.0594603828017683e-26,True,62.61323076368657,5.506638094845188e-06,True
1000,30,8.353569362526943e-28,True,61.322236314950764,0.0003612394191776871,True
1000,30,3.5754965872263145e-24,True,79.13795970750488,3.843509509232915e-07,True
1000,30,1.6437883055803567e-25,True,79.91255637674637,7.453840380034532e-05,True
1000,30,3.0384736884830133e-24,True,67.7772085586298,1.93797524904032e-05,True
1000,30,2.823840829941366e-28,True,73.52213385550412,4.787514057078298e-06,True
1000,30,1.5311487867017328e-30,True,61.322236314950764,0.0001260301919632679,True
1000,30,5.680754622171759e-28,True,54.479965736650996,0.00012932865590191525,True
1000,30,4.043932528189146e-32,True,70.55284662341178,1.4035867520439925e-07,True
1000,30,1.6267851357222832e-27,True,73.07028579844659,2.6471449240308586e-05,True
1000,30,2.5666325088338416e-28,True,70.68194606828536,0.0011568615185354725,True
1000,30,3.5565918858302694e-31,True,82.9463933312755,1.7969096298827992e-05,True
1000,30,7.71729935584148e-28,True,78.68611165044734,5.675784786813294e-07,True
1000,30,1.3824618051893905e-30,True,63.45237715536484,0.00011777071944250375,True
1000,30,1.1983920590968034e-32,True,65.90526660796287,8.491410893902644e-07,True
1000,30,4.141408410956541e-31,True,83.97918889026415,5.932206597920102e-10,True
1000,30,5.0292493254802915e-39,True,63.77512576754879,0.0003671872878734594,True
1000,30,3.641858657238664e-31,True,71.58564218240042,9.598059048062774e-05,True
1000,30,3.211368069273134e-39,True,67.6481091137562,0.00015620184398111586,True
1000,30,3.313020869228885e-28,True,89.78866390957528,2.6606887055158957e-05,True
1000,30,1.7300776590570585e-26,True,83.26914194345946,5.653209163000774e-07,True
1000,30,4.254075172335604e-44,True,65.51796827334213,0.0002944572669441467,True
1000,30,2.217466028550432e-29,True,69.39095161954955,2.4526597428211787e-06,True
1000,30,1.378626358499261e-24,True,70.42374717853819,7.390253545835982e-05,True
1000,30,4.455446358414644e-37,True,80.42895415624069,7.705261449551433e-05,True
1000,30,6.057269281558475e-25,True,72.81208690869944,8.979107355649443e-05,True
1000,30,3.166935100864128e-29,True,93.79074670065627,0.0009195127297499,True
1000,30,3.6727813939503726e-28,True,82.68819444152835,6.650489772946164e-05,True
1000,30,2.0830140519913336e-25,True,83.14004249858588,0.0002156324533071493,True
1000,30,9.082495345190909e-31,True,75.39407580617105,9.241613970220388e-06,True
1000,30,3.0994680007078883e-29,True,76.49142108759648,4.797335754574517e-05,True
1000,30,5.7349123797781294e-33,True,72.42478857407869,0.00016209813610909687,True
1000,30,1.9143927070604699e-31,True,73.26393496575697,3.707158874217137e-05,True
1000,30,1.023257074176544e-42,True,74.42582996961919,2.9062250288821323e-05,True
1000,30,1.9728202503457103e-29,True,81.97814749472366,1.436083723275135e-05,True
1000,30,2.2794825713917836e-29,True,78.94431054019451,3.7836324868133454e-05,True
1000,30,1.9753677657833683e-31,True,69.64915050929672,0.0006144482248949682,True
1000,30,3.89040649415643e-37,True,69.19730245223919,1.7817254886990866e-05,True
1000,30,2.075960856814329e-25,True,73.00573607600981,2.1088933585696772e-05,True
1000,30,1.011049345426033e-28,True,64.93702077141103,6.887775165624148e-05,True
1000,30,1.9106689994445088e-28,True,59.83759269890459,1.3880793165416951e-05,True
1000,30,5.761484929802469e-32,True,69.19730245223919,4.89038718288666e-06,True
1000,30,9.410929000187789e-32,True,59.514844086720636,8.159110818067165e-05,True
1000,30,1.2189904342604933e-40,True,53.7699187898463,3.261467240304426e-05,True
1000,30,4.660397220199696e-25,True,65.58251799577893,1.2483074836658821e-05,True
1000,30,6.961015840038008e-24,True,93.85529642309307,8.639386584735822e-07,True
1000,30,1.4411628105361833e-29,True,82.04269721716045,1.297223559132579e-07,True
1000,30,7.6101728093125e-27,True,73.97398191256165,0.00011202787901275227,True
1000,30,3.604623207588887e-29,True,86.30297889798861,5.7567517972685366e-05,True
1000,30,1.6617996536633538e-26,True,90.3696114115064,6.978981994299514e-05,True
1000,30,1.7130053114064013e-34,True,80.04165582161994,7.610505124724912e-06,True
1000,30,8.548749680442039e-26,True,75.58772497348141,0.00026301198134405626,True
1000,30,1.0279469855789885e-33,True,82.17179666203403,1.8579849277736085e-05,True
1000,30,3.4299407940101695e-28,True,68.22905661568733,1.6559345577549607e-05,True
1000,30,4.181955581892583e-28,True,60.54763964570928,1.553923882102816e-05,True
1000,30,1.8507479648114935e-24,True,66.4216643874572,9.802412621314117e-05,True
1000,30,1.9931761933072418e-25,True,71.84384107214758,9.452885013714505e-05,True
1000,30,3.529470121635238e-33,True,84.62468611463206,9.904581275246685e-09,True
1000,30,1.8814616769177456e-26,True,70.61739634584856,1.7960382838187432e-05,True
1000,30,8.667238599195653e-30,True,72.48933829651548,1.2112563847454984e-06,True
1000,30,7.013581689850792e-41,True,65.45341855090534,0.00011306570039466547,True
1000,30,2.1696568405835247e-25,True,70.23009801122782,0.0003529409098388267,True
1000,30,2.793652906197234e-26,True,90.82145946856393,6.209431005051698e-05,True
1000,30,1.974392154419296e-29,True,76.10412275297574,0.0009630240426818579,True
1000,30,1.5240753579862154e-46,True,86.23842917555181,1.5152115673244086e-07,True
1000,30,3.94254190385556e-28,True,75.58772497348141,4.8921698712940276e-08,True
1000,30,4.376772813417473e-31,True,73.58668357794092,1.687350050411679e-05,True
1000,30,5.152613333196085e-30,True,75.84592386322858,8.696642229772017e-07,True
1000,30,2.0677185995239373e-31,True,76.3623216427229,0.004160518228997084,True
1000,30,4.053077300651522e-31,True,65.32431910603177,3.1523216711398975e-06,True
1000,30,1.6748337399102916e-44,True,67.712658836193,8.483409314635163e-06,True
1000,30,1.543845881131829e-33,True,71.714741627274,4.690169429177288e-06,True
1000,30,1.9375431997505076e-26,True,78.68611165044734,9.80124686846725e-06,True
1000,30,2.444730311117232e-30,True,72.29568912920512,5.926234238998408e-06,True
1000,30,3.657126779800703e-33,True,69.84279967660709,0.0006310793182380854,True
1000,30,4.413294905781689e-31,True,66.87351244451473,3.0391572038446235e-06,True
1000,30,6.793150380585902e-31,True,78.3633630382634,9.857954955195953e-05,True
1000,30,3.4905635552091156e-32,True,75.716824418355,2.8531089574692253e-05,True
1000,30,6.244949175971636e-26,True,75.84592386322858,8.07039667164468e-06,True
1000,30,1.2277844960943334e-32,True,78.23426359338981,7.97397749282573e-10,True
1000,30,7.133844153441848e-35,True,77.0078188670908,4.104765437798972e-06,True
1000,30,8.715721582331769e-25,True,88.62676890571305,1.873643606983714e-07,True
1000,30,1.9559313430285624e-31,True,92.3061030846101,4.258561307894749e-05,True
1000,30,9.010914374817171e-28,True,86.94847612235651,8.043723493070179e-07,True
1000,30,1.5032127720990765e-23,True,91.0151086358743,3.539595511075937e-05,True
1000,30,2.511033820412037e-32,True,58.03020047067446,8.296661824297892e-05,True
1000,30,9.926459846401461e-33,True,60.54763964570928,4.0599369596505414e-05,True
1000,30,9.647655255563232e-27,True,71.84384107214758,8.435102233550589e-05,True
1000,30,1.3121457476852115e-34,True,58.675697695042366,4.2685734704810197e-08,True
1000,30,3.0914689702215756e-30,True,67.90630800350337,0.0007458834820012452,True
1000,30,9.101816466613086e-38,True,79.46070831968883,3.5306966770089646e-06,True
1000,30,3.473765653547369e-30,True,60.09579158865175,1.213736030504043e-05,True
1000,30,3.2181788694962755e-29,True,73.13483552088339,4.465011674025554e-07,True
1000,30,1.3629680323301914e-27,True,75.65227469591821,1.909223106145502e-06,True
1000,30,5.715728908172202e-29,True,59.45029436428385,0.0014974115080874809,True
1000,30,1.562507284697856e-28,True,88.04582140378194,5.534339551775314e-07,True
1000,30,2.7030838902092714e-32,True,86.17387945311502,0.00020332961135571635,True
1000,30,1.0304727930718412e-37,True,85.14108389412638,2.2044437791253157e-06,True
1000,30,1.879553535870433e-58,True,53.18897128791519,0.00011476721329940111,True
1000,30,3.851830760173064e-26,True,86.10932973067823,3.088680320398209e-05,True
1000,30,2.0307204960615735e-31,True,79.52525804212563,1.2300943839985454e-05,True
1000,30,7.863030314351344e-38,True,70.10099856635425,3.893733933003776e-06,True
1000,30,2.7796210896903544e-26,True,71.84384107214758,4.402385975460911e-05,True
1000,30,6.23857999076619e-26,True,75.45862552860784,4.647997557179703e-06,True
1000,30,6.053470009511855e-31,True,95.85633781863356,7.192821462032814e-06,True
1000,30,2.0299854368593984e-29,True,73.07028579844659,0.00020487172173484048,True
1000,30,9.742934496623069e-28,True,85.78658111849428,4.181208172771884e-05,True
1000,30,5.988135342243318e-47,True,66.29256494258361,1.5036271356594534e-06,True
1000,30,1.290665398045539e-32,True,87.46487390185082,2.7021262150266065e-07,True
1000,30,3.9409297302619046e-32,True,83.07549277614909,3.351994589154391e-05,True
1000,30,9.333615441247665e-32,True,78.10516414851624,3.9255883803441316e-05,True
1000,30,5.755614586150341e-26,True,83.39824138833303,3.5272684406782705e-06,True
1000,30,2.1387232683645924e-30,True,77.13691831196438,8.519676430931928e-09,True
1000,30,4.2453747782995546e-35,True,85.6574816736207,1.058772420911208e-05,True
1000,30,2.6825631745991134e-36,True,85.98023028580465,2.2742110806140028e-07,True
1000,30,5.213318673856391e-28,True,62.80687993099694,8.131674671432258e-05,True
1000,30,5.892142661047104e-25,True,56.15825852000754,0.0001341617643667965,True
1000,30,1.1833970783786052e-29,True,81.20355082548217,0.00010241023613538599,True
1000,30,4.127794597292113e-24,True,86.30297889798861,5.260289839696519e-06,True
1000,30,3.2718437135743225e-29,True,65.96981633039967,1.9626339519200168e-06,True
1000,30,9.621676731510866e-28,True,88.36857001596589,4.560182069153862e-07,True
1000,30,4.620601395842502e-30,True,77.33056747927475,6.321862796517734e-07,True
1000,30,8.664107869325512e-47,True,75.32952608373425,9.69398079720489e-07,True
1000,30,2.5535885918396685e-29,True,73.65123330037771,2.029507626130345e-06,True
1000,30,3.0674691486210147e-27,True,72.61843774138906,0.0008243012921883601,True
1000,30,1.1222147429243576e-28,True,71.00469468046931,4.142424944963002e-05,True
1000,30,9.272651684944663e-30,True,74.16763107987202,9.859524528292822e-05,True
1000,30,6.5068454509772185e-47,True,62.09683298419225,1.7421414754758656e-05,True
1000,30,5.770351904644355e-31,True,59.45029436428385,0.0013769532338114084,True
1000,30,8.728345347761384e-33,True,82.3654458293444,5.015216636942077e-05,True
1000,30,1.8283027453005577e-27,True,80.62260332355106,4.13246969399256e-06,True
1000,30,7.9982185021999775e-28,True,74.81312830423994,3.3284269403116286e-05,True
1000,30,7.511130662182577e-40,True,71.84384107214758,1.7872924126665192e-06,True
1000,30,2.1975486978347825e-26,True,72.36023885164191,1.2362365280166396e-05,True
1000,30,8.297784342976455e-29,True,58.675697695042366,0.00028836619907476543,True
1000,30,4.4641120206913795e-28,True,65.45341855090534,0.00013810765240194187,True
1000,30,1.5207674297889964e-32,True,80.68715304598786,6.151793629986171e-07,True
1000,30,9.392595796683477e-50,True,71.58564218240042,2.1494664839066746e-05,True
1000,30,2.6868678458727695e-44,True,77.0723685895276,1.969250345440851e-06,True
1000,30,4.694128314958037e-26,True,73.13483552088339,4.5836065030343875e-05,True
1000,30,2.6420684748283512e-31,True,85.59293195118391,4.5396881791917054e-07,True
1000,30,4.596681781736934e-25,True,93.79074670065627,4.964154560756073e-08,True
1000,30,4.161687167168871e-28,True,67.38991022400906,3.3309397270374694e-05,True
1000,30,1.5407917375189448e-27,True,81.52629943766613,7.734136821136792e-05,True
1000,30,8.397823652541497e-44,True,63.51692687780164,3.4802026999842056e-06,True
1000,30,4.154593981932541e-26,True,71.65019190483721,2.1251273334542716e-07,True
1000,30,2.017890816359385e-56,True,83.46279111076983,0.00020605323143640955,True
1000,30,7.878007623823343e-28,True,65.58251799577893,1.1604642197205432e-05,True
1000,30,1.6663553250761453e-31,True,70.55284662341178,8.787776817255076e-08,True
1000,30,1.0060119530811792e-25,True,72.61843774138906,5.82797797659597e-07,True
1000,30,2.3156615788495233e-26,True,69.39095161954955,0.0001524545506899016,True
1000,30,5.079633688290766e-25,True,65.0661202162846,8.798216672314969e-06,True
1000,30,1.6973105021817393e-27,True,61.83863409444509,0.002014622723193858,True
1000,30,1.0850494796461562e-28,True,71.32744329265326,0.001374779964905722,True
1000,30,1.3493179861889535e-28,True,81.84904804985007,3.474527544718519e-05,True
1000,30,6.157342483575232e-26,True,68.81000411761843,4.836188528458627e-05,True
1000,30,1.3655552992204499e-31,True,70.55284662341178,6.021850761843228e-05,True
1000,30,4.8711252194702937e-32,True,59.25664519697347,4.6158761231060636e-05,True
1000,30,1.8473538548422777e-29,True,73.52213385550412,6.8999820581798335e-06,True
1000,30,2.8399687423674406e-55,True,71.714741627274,0.00017318497627011477,True
1000,30,9.373625487057984e-27,True,67.90630800350337,6.704262645505833e-05,True
1000,30,8.440118962036754e-31,True,75.716824418355,0.0002508383748810146,True
1000,30,1.2161892025337315e-24,True,74.23218080230882,1.0686153808554454e-07,True
1000,30,5.774139835212134e-28,True,63.258727988054474,2.6758624394795954e-06,True
1000,30,2.928124897055522e-34,True,76.42687136515968,3.9079087119679366e-05,True
1000,30,4.417914318848504e-27,True,74.16763107987202,1.522064666766544e-06,True
1000,30,2.223684385261348e-27,True,78.87976081775773,1.9995190477918707e-05,True
1000,30,2.5058291991108257e-26,True,69.26185217467597,4.941310605845623e-05,True
1000,30,9.186096140026756e-30,True,74.23218080230882,8.874413445957938e-05,True
1000,30,1.6965634476675999e-29,True,75.65227469591821,0.0002890662621513529,True
1000,30,3.9704683160007805e-29,True,68.48725550543449,0.0004691415503311028,True
1000,30,2.132453567159228e-29,True,67.38991022400906,0.00021651674375085646,True
1000,30,4.930146196978715e-26,True,85.72203139605749,0.00039673635604423947,True
1000,30,6.041569944244446e-28,True,91.14420808074787,8.473763344621288e-07,True
1000,30,1.118481332848352e-31,True,83.46279111076983,2.6014715659342795e-06,True
1000,30,2.760075726979524e-31,True,80.2998547113671,0.0001954589115491103,True
1000,30,3.622346337235864e-30,True,74.68402885936635,5.014795089973776e-06,True
1000,30,6.9479261002292e-31,True,87.91672195890835,9.510020615333195e-08,True
1000,30,2.5843745052900106e-25,True,66.03436605283646,1.6004499789610286e-05,True
1000,30,2.1275514303875554e-31,True,66.29256494258361,4.709983673371635e-05,True
1000,30,6.340179455821839e-26,True,57.44925296874335,2.647214395699004e-06,True
1000,30,1.1341029413477322e-28,True,80.42895415624069,1.2975550067450822e-05,True
1000,30,5.843724466741604e-26,True,68.3581560605609,8.352775971782844e-05,True
1000,30,7.73111599841574e-28,True,76.3623216427229,0.0007413368699759008,True
1000,30,4.2678560847139955e-28,True,81.46174971522933,1.146275281723921e-07,True
1000,30,3.582913249798783e-33,True,76.49142108759648,2.437634987437745e-07,True
1000,30,5.713900822043289e-29,True,61.774084372008296,8.903321042862704e-06,True
1000,30,3.5735928738870313e-31,True,75.07132719398709,3.722209100783906e-05,True
1000,30,2.7993605445026106e-36,True,67.45445994644584,6.860830142320254e-05,True
1000,30,1.008635688095707e-37,True,71.65019190483721,4.554075745713854e-06,True
1000,30,4.525328983787574e-27,True,68.48725550543449,0.00017414074009276673,True
1000,30,1.1006844876274825e-28,True,63.581476600238425,9.358485090937282e-07,True
1000,30,3.164287392962807e-25,True,75.716824418355,0.00011176691925990576,True
1000,30,5.8779295823019615e-30,True,80.42895415624069,3.11117490846081e-05,True
1000,30,6.0025211182380154e-27,True,80.17075526649353,3.0134725498133925e-06,True
1000,30,7.707962492293447e-28,True,74.49037969205598,2.70653269646359e-05,True
1000,30,1.8080845890282677e-26,True,87.20667501210367,4.456968159276329e-06,True
1000,30,9.60066286947907e-27,True,80.2998547113671,1.5190718473484942e-06,True
1000,30,4.141398057580505e-30,True,79.20250942994167,0.00013690103642560267,True
1000,30,2.956443820769926e-26,True,67.0671616118251,0.0006280951071064248,True
1000,30,6.086806678321368e-33,True,78.68611165044734,2.413442316496802e-05,True
1000,30,3.9321560780607227e-25,True,66.16346549771004,5.986220325603664e-05,True
1000,30,4.660018026972577e-24,True,68.61635495030806,2.6948778719049516e-05,True
1000,30,6.932399157505977e-30,True,64.74337160410064,3.177400217720932e-05,True
1000,30,3.799831850708686e-41,True,66.74441299964114,3.8694120641044795e-05,True
1000,30,2.2558118567107437e-25,True,61.322236314950764,2.6610130356328082e-05,True
1000,30,6.953009722459846e-29,True,77.84696525876907,5.279866248125455e-07,True
1000,30,1.3710400438899187e-37,True,54.479965736650996,6.8523928776603385e-06,True
1000,30,1.2117055057001986e-30,True,77.20146803440117,0.0001635924147409382,True
1000,30,8.615877483409555e-41,True,68.29360633812412,0.0005975171778447961,True
1000,30,3.584628889489863e-32,True,78.04061442607944,2.9340085167469733e-05,True
1000,30,6.033653386792544e-26,True,78.16971387095303,0.00028561022174027707,True
1000,30,1.4927638437329293e-31,True,77.58876636902191,1.098046311971494e-06,True
1000,30,2.2937220892294954e-29,True,65.84071688552608,3.881567684120951e-05,True
1000,30,4.544791425634282e-39,True,55.64186074051322,1.581379732373137e-05,True
1000,30,8.482644332144631e-32,True,76.10412275297574,5.584815054071796e-07,True
1000,30,1.5635008470798926e-44,True,68.09995717081374,8.664152893725602e-06,True
1000,30,3.6716935241152615e-26,True,70.87559523559572,1.1247762632898093e-06,True
1000,30,2.0526110298470128e-32,True,69.52005106442313,0.000787766118348517,True
1000,30,1.4147271388519291e-31,True,78.62156192801056,4.6851778126161835e-06,True
1000,30,1.3969970237161528e-30,True,71.58564218240042,7.509958930536016e-05,True
1000,30,3.123516376634933e-40,True,63.387827432928056,6.78170629990959e-05,True
1000,30,3.3453693518194795e-27,True,76.81416969978044,1.207879146546733e-07,True
1000,30,7.346800770948882e-28,True,66.93806216695153,0.00026804126053449416,True
1000,30,1.2004066282656676e-24,True,70.10099856635425,1.869689327283928e-05,True
1000,30,1.6504613374783946e-34,True,83.0109430537123,2.535966272006988e-06,True
1000,30,1.3823393342973158e-30,True,77.45966692414834,1.514022678063295e-05,True
1000,30,4.7733618786871066e-27,True,83.07549277614909,4.475700716834002e-05,True
1000,30,8.425700314769658e-28,True,75.45862552860784,0.00037749754669905616,True
1000,30,2.0019090902984353e-35,True,81.91359777228686,4.902526301131988e-07,True
1000,30,1.0034773834609883e-25,True,86.56117778773576,3.829887490146175e-06,True
1000,30,3.976145481506041e-39,True,75.00677747155031,2.850916126163433e-06,True
1000,30,1.460863490483039e-25,True,69.26185217467597,0.00043669608137683163,True
1000,30,4.897162169865457e-33,True,81.84904804985007,4.51084522478801e-05,True
1000,30,7.071147393947783e-29,True,79.0088602626313,4.901526691695037e-05,True
1000,30,5.82991831673437e-33,True,77.13691831196438,6.53331159868923e-07,True
1000,30,1.461259664515109e-29,True,71.45654273752685,2.214300133765607e-06,True
1000,30,3.4312380012034917e-25,True,74.29673052474561,9.64293369324069e-05,True
1000,30,2.0422345389782556e-31,True,77.97606470364266,0.00017641829482820988,True
1000,30,1.5040027853610308e-28,True,69.45550134198633,2.0836974984647804e-05,True
1000,30,5.195088295168622e-36,True,73.52213385550412,8.030514959004086e-07,True
1000,30,2.599792604243013e-28,True,78.81521109532093,8.00829754243021e-06,True
1000,30,5.427210196581531e-32,True,76.3623216427229,4.0767534290371756e-05,True
1000,30,2.7679218066592917e-24,True,59.385744641847054,0.0004953083339819196,True
1000,30,3.489897240433588e-24,True,59.514844086720636,5.122171236996227e-05,True
1000,30,3.1250218255067216e-32,True,77.58876636902191,2.1463091621427904e-06,True
1000,30,3.916316894919781e-28,True,83.59189055564342,7.93521077298349e-07,True
1000,30,4.786682715605887e-26,True,71.65019190483721,2.553392296337405e-05,True
1000,30,1.6934577341749737e-43,True,69.97189912148066,4.1508969339706426e-05,True
1000,30,6.380235472812179e-24,True,68.22905661568733,7.483787809856833e-06,True
1000,30,1.951800703738002e-34,True,69.84279967660709,9.907437580616823e-05,True
