1000,10,2.562709255582179e-07,True,,0.12305370586074639,False
1000,10,1.5787940024225872e-05,True,,0.06713600179683075,False
1000,10,0.03589027221763632,True,,0.9160392525633071,False
1000,10,1.7581224862707423e-07,True,,0.1824817797648427,False
1000,10,8.241619969278063e-06,True,,0.650359047512073,False
1000,10,0.03770969983786596,True,,0.19025386864804136,False
1000,10,5.4357966519706215e-08,True,,0.39541909378809725,False
1000,10,9.312323117603275e-05,True,,0.8177427391527451,False
1000,10,0.0007800792787976778,True,,0.132031996591357,False
1000,10,2.0476092245045785e-05,True,,0.07744889265165641,False
1000,10,0.000260866417829779,True,,0.5968589530727546,False
1000,10,0.0018774343802977678,True,,0.43752554290995727,False
1000,10,2.9481928954776684e-07,True,,0.013491384684338376,True
1000,10,5.860888374691961e-05,True,,0.5262195909515509,False
1000,10,0.007407539786255786,True,,0.4445280997758132,False
1000,10,0.0006518310150069114,True,,0.18874218589940409,False
1000,10,0.0008987430914808237,True,,0.7078030647692102,False
1000,10,1.437950747353872e-07,True,,0.03717197904774012,True
1000,10,0.04824554142042737,True,,0.23679646772902405,False
1000,10,0.02583206746808938,True,,0.1140924459419527,False
1000,10,0.00018158963359806704,True,,0.16988049671874395,False
1000,10,1.8379068971873922e-05,True,,0.873596621246657,False
1000,10,9.676635497648305e-16,True,,0.62097149654021,False
1000,10,0.0035686452103339513,True,,0.9479572321375731,False
1000,10,0.00023351094832732677,True,,0.42199692697746183,False
1000,10,0.00012220397922458234,True,,0.5343006382339183,False
1000,10,0.02444015291512815,True,,0.3773757743053633,False
1000,10,2.7819449021113784e-09,True,,0.6625619842956252,False
1000,10,5.586199926939995e-05,True,,0.3419375884118236,False
1000,10,0.0002746020386906619,True,,0.4221247926872179,False
1000,10,1.9287950241401465e-06,True,,0.8979522476243587,False
1000,10,0.014318971305886203,True,,0.906147278937702,False
1000,10,4.785128351812783e-07,True,,0.5374542763099797,False
1000,10,0.0015658800192818415,True,,0.2437652783436966,False
1000,10,0.021481159787825062,True,,0.2859979272623263,False
1000,10,0.013079674173901075,True,,0.9499311348733125,False
1000,10,0.014970122656324318,True,,0.6837529043309772,False
1000,10,0.00024009504067823916,True,,0.05399787090975841,False
1000,10,2.9236263813885854e-08,True,,0.12959814665173508,False
1000,10,6.397637395515472e-05,True,,0.916978744948595,False
1000,10,0.00985967845201729,True,,0.682145304142199,False
1000,10,8.595775780467036e-05,True,,0.9999999999999997,False
1000,10,8.614541395377498e-10,True,,0.4054168684707743,False
1000,10,0.0018006701489184614,True,,0.11684830098261312,False
1000,10,0.004067554063918839,True,,0.9813461242746884,False
1000,10,0.0012052046697925845,True,,0.4886498402777455,False
1000,10,0.000608319091618772,True,,0.9371484537969015,False
1000,10,4.741288972021307e-05,True,,0.17005834803487307,False
1000,10,0.004040665768776879,True,,0.916843884027895,False
1000,10,7.996279715651227e-09,True,,0.18051208261432963,False
1000,10,0.044241687724537945,True,,0.27685281789790034,False
1000,10,1.8663645849028769e-06,True,,0.11669642814104092,False
1000,10,0.00034435907377371476,True,,0.12027530285939853,False
1000,10,0.00019735017408911145,True,,0.6596994938025121,False
1000,10,0.001560667651832162,True,,0.33235018795324744,False
1000,10,1.48374710528214e-06,True,,0.18911168610326692,False
1000,10,4.637549542270394e-06,True,,0.8783417853650548,False
1000,10,0.00412877183431692,True,,0.9091384737409279,False
1000,10,5.924897178750736e-07,True,,0.1499243522879212,False
1000,10,0.0013968815350827056,True,,0.23843464730721906,False
1000,10,0.008123214614125839,True,,0.36654478246988736,False
1000,10,2.5528046925107677e-06,True,,0.691979131927665,False
1000,10,0.0002816225941949365,True,,0.7467160528397483,False
1000,10,8.349049224929047e-09,True,,0.26905383226304896,False
1000,10,6.599344434310223e-05,True,,0.38821345298964516,False
1000,10,0.00014887442981900394,True,,0.24224533808222223,False
1000,10,3.372619972060601e-08,True,,0.5103062464629755,False
1000,10,0.0008029120099129298,True,,0.561974297981116,False
1000,10,0.0007193977296838737,True,,0.21655654562944454,False
1000,10,7.92251082876217e-05,True,,0.11029983167180363,False
1000,10,2.1007652877931623e-06,True,,0.1491411808478749,False
1000,10,1.758626692270705e-05,True,,0.4098335228699167,False
1000,10,8.454958851012995e-13,True,,0.9203932445803135,False
1000,10,0.014682312653671288,True,,0.4195266628107477,False
1000,10,0.002877571124376456,True,,0.9147549296988096,False
1000,10,0.0005267105174573367,True,,0.328365426979912,False
1000,10,0.001994134304619764,True,,0.013373718359323675,True
1000,10,8.957200468777111e-06,True,,0.12789462644891983,False
1000,10,0.034791773338009556,True,,0.8937568627008764,False
1000,10,4.961433403805317e-07,True,,0.46157927297073265,False
1000,10,0.2693178331577244,False,,0.7176806876145072,False
1000,10,9.797920277217158e-11,True,,0.2273063430560636,False
1000,10,0.0003180012299148359,True,,0.5108133781320481,False
1000,10,0.009156546887656727,True,,0.22650235842204422,False
1000,10,0.053224539418929934,False,,0.6671689657497537,False
1000,10,0.004170733528555711,True,,0.2090228903849254,False
1000,10,0.030908397977086846,True,,0.1967717943123245,False
1000,10,0.00014666168400465847,True,,0.34755465626399773,False
1000,10,8.349118379959743e-07,True,,0.15456173160963196,False
1000,10,3.399536669469603e-08,True,,0.17245537903395652,False
1000,10,7.924120308953774e-09,True,,1.0,False
1000,10,6.294939963896716e-08,True,,0.31241678146043467,False
1000,10,0.0013838893664064277,True,,0.5724560193065091,False
1000,10,0.04910452209280201,True,,0.48163051501626886,False
1000,10,0.0030995281590342583,True,,0.10014424872322857,False
1000,10,0.0015513576280227405,True,,0.1020936185410725,False
1000,10,0.005408065917260452,True,,0.46618527868703696,False
1000,10,0.00017180654549722125,True,,0.6141121475889932,False
1000,10,7.419176667287412e-07,True,,0.3658225867992878,False
1000,10,4.976458585967542e-07,True,,0.2464378092900772,False
1000,10,9.043406323471137e-08,True,,0.003320688149681585,True
1000,10,3.137102303697689e-06,True,,0.6951028861992519,False
1000,10,4.0844824844629947e-05,True,,0.1358109188829301,False
1000,10,0.06651296168951012,False,,0.46635668319756063,False
1000,10,1.1403725976387476e-05,True,,0.05314238809448159,False
1000,10,0.001087838485655636,True,,0.28893572713093646,False
1000,10,2.823863308738821e-11,True,,0.5097699631872654,False
1000,10,1.6671495452991696e-05,True,,0.07636348126201234,False
1000,10,0.0006360614440115856,True,,0.5556910765116518,False
1000,10,0.0013425474931304463,True,,0.09517475808744931,False
1000,10,2.166423639385757e-06,True,,0.46223337461136127,False
1000,10,4.115827189158236e-09,True,,0.5980780457918884,False
1000,10,0.00025827116041061764,True,,0.44040393000446887,False
1000,10,0.0014822820189632974,True,,0.4682653495480241,False
1000,10,0.00012484143967412991,True,,0.350844602931858,False
1000,10,2.160692410575651e-05,True,,0.9131120457229707,False
1000,10,0.00012528649066305338,True,,0.5176113851305836,False
1000,10,4.385631379819038e-07,True,,0.9314142591273928,False
1000,10,0.00017073972110077964,True,,0.7772457655235601,False
1000,10,3.492190854621565e-06,True,,0.33773866286373155,False
1000,10,2.1962371735986578e-08,True,,0.8798687673738642,False
1000,10,0.0035753012215108838,True,,0.7663475887891689,False
1000,10,0.002574553082918869,True,,0.4757453845787608,False
1000,10,1.6676741345126967e-05,True,,0.18378338632579413,False
1000,10,0.0013804570544521163,True,,0.37297669274190454,False
1000,10,6.724776618772489e-08,True,,0.6179181313846465,False
1000,10,3.879922071256277e-11,True,,0.5887463057178417,False
1000,10,2.525011054221568e-07,True,,0.7776400337576622,False
1000,10,3.4819147030951906e-06,True,,0.5483377932388516,False
1000,10,2.6295949605183856e-06,True,,0.4451932527743986,False
1000,10,0.0026157255239239044,True,,0.06907352604713225,False
1000,10,0.06515701706125482,False,,0.4348165605301221,False
1000,10,0.0003692767468855361,True,,0.03950523280281671,True
1000,10,0.008076869916327644,True,,0.07106444365794644,False
1000,10,2.9404350020585742e-05,True,,0.7248695078877203,False
1000,10,1.3729504551704651e-06,True,,0.5165326549884233,False
1000,10,0.0018173988839975915,True,,0.28788021593320795,False
1000,10,1.6407059911174777e-05,True,,0.44106865758956415,False
1000,10,3.3658740505312505e-06,True,,0.010823372828080342,True
1000,10,4.394041463460065e-08,True,,0.6166863189870977,False
1000,10,0.0008982403563660107,True,,0.9545832867005827,False
1000,10,2.1259411263266753e-05,True,,0.9330636399628959,False
1000,10,1.969554578757201e-07,True,,0.29036034822268003,False
1000,10,0.03243730353595255,True,,0.836875568532083,False
1000,10,2.1807218750248773e-06,True,,0.30062850695780935,False
1000,10,0.0012315497135456709,True,,0.2526105842727659,False
1000,10,1.9359098219279432e-07,True,,0.36520032684565845,False
1000,10,1.5581739187514375e-05,True,,0.124975521849582,False
1000,10,0.0009308498598866812,True,,0.6114334964183545,False
1000,10,0.01186167423592332,True,,0.09533832048443593,False
1000,10,4.9552853766509946e-05,True,,0.3578414148150588,False
1000,10,6.145590710510606e-05,True,,0.18490853083007414,False
1000,10,0.00462620040943585,True,,0.39264925942269324,False
1000,10,6.202489437886145e-05,True,,0.15729177866758987,False
1000,10,0.005536527338539672,True,,0.5132186515618,False
1000,10,5.356011771076954e-10,True,,0.4824892042684462,False
1000,10,4.763945129699691e-05,True,,0.23375665991338684,False
1000,10,0.003202049622365181,True,,0.7297704098024496,False
1000,10,0.00264611906315252,True,,0.2389693709024914,False
1000,10,0.03763091156484368,True,,0.1862875092534761,False
1000,10,0.08633638728716483,False,,0.8066613105664008,False
1000,10,5.667288850894391e-09,True,,0.9999999999999994,False
1000,10,0.017308228178651817,True,,0.11119069579946923,False
1000,10,6.767442514080794e-12,True,,0.5509697985728459,False
1000,10,3.8808106028197275e-06,True,,0.34256632342225535,False
1000,10,8.577552606977732e-09,True,,0.023701524641650127,True
1000,10,1.909380831338037e-08,True,,0.44539881781440305,False
1000,10,1.0080202697266354e-05,True,,0.8464323901025423,False
1000,10,2.3045309878353115e-09,True,,0.721385428039844,False
1000,10,0.004025640739913349,True,,0.8726131624578464,False
1000,10,0.0002779063829859416,True,,0.6544200752484614,False
1000,10,1.2128829510072465e-06,True,,0.24440822175689636,False
1000,10,0.00028610785870767866,True,,0.31002381761911685,False
1000,10,0.00016307546943625839,True,,0.9999999999999993,False
1000,10,0.0011757760259889832,True,,0.6057592108653003,False
1000,10,5.711711368680161e-05,True,,0.12070338520286951,False
1000,10,1.872558704779184e-06,True,,0.7432389194096486,False
1000,10,6.507441863167746e-07,True,,0.8878317497406067,False
1000,10,3.719359732477041e-12,True,,0.2901013470248364,False
1000,10,0.021763871636898472,True,,0.38275278726250994,False
1000,10,0.0012645387488779748,True,,0.6343687680219363,False
1000,10,0.01272154354702487,True,,0.18264130392989195,False
1000,10,1.2115422521628985e-05,True,,0.7692997243619201,False
1000,10,0.023111166147351918,True,,0.9682370025045958,False
1000,10,0.0008376287976811172,True,,0.059792579946700446,False
1000,10,0.00012768573704006003,True,,0.11269386487626022,False
1000,10,2.2872842620849764e-05,True,,0.9437668699638118,False
1000,10,1.3361320716958293e-12,True,,0.5164709934247766,False
1000,10,0.009190081056469894,True,,0.4290374606006655,False
1000,10,0.001118768323652446,True,,0.11707973183851059,False
1000,10,2.8082468173000594e-11,True,,0.10346907603910398,False
1000,10,0.022360688823126612,True,,0.3203804517677244,False
1000,10,7.174483036167107e-05,True,,0.8217322101325941,False
1000,10,0.011637117767002807,True,,0.6700198756002136,False
1000,10,0.0006433246569941908,True,,0.5014973374997224,False
1000,10,4.23481076894884e-05,True,,0.5271397118743215,False
1000,10,1.4963709162670413e-05,True,,0.37106471782834227,False
1000,10,3.2010000525289604e-09,True,,0.48721030883955385,False
1000,10,0.0013238172360067497,True,,0.9422137146385046,False
1000,10,0.018804280424333932,True,,0.11238058276571954,False
1000,10,0.030373311703364343,True,,0.08657750485938322,False
1000,10,5.837383147984852e-06,True,,0.5309939205989065,False
1000,10,0.00943220847457271,True,,0.029691826705981306,True
1000,10,2.0792503207254335e-05,True,,0.0550353286260255,False
1000,10,0.0016004831926931607,True,,0.7876737383255674,False
1000,10,0.0007000282851523801,True,,0.6681815051901918,False
1000,10,0.0033375653476190904,True,,0.47598690375300556,False
1000,10,0.002100573719973114,True,,0.08665852276165686,False
1000,10,0.00013035904983906316,True,,0.9725714768909086,False
1000,10,2.3318201525621843e-06,True,,0.4874729852949681,False
1000,10,1.541640677277878e-05,True,,0.2160386590619826,False
1000,10,4.716736613000441e-05,True,,0.19730096920965975,False
1000,10,0.01149982504470955,True,,0.5311054230961357,False
1000,10,3.582327919916916e-17,True,,0.5732848587284373,False
1000,10,0.0009988796806043314,True,,0.9065549121933545,False
1000,10,2.8629162245927115e-05,True,,0.030739684698377113,True
1000,10,1.4905028724272322e-05,True,,0.05016598720711063,False
1000,10,0.006766765562668617,True,,0.8704651027487447,False
1000,10,0.0023178593811225526,True,,0.6694228311605752,False
1000,10,1.1207341801534705e-06,True,,0.37122102237290333,False
1000,10,0.004854820022894089,True,,0.8788483352997015,False
1000,10,0.04288234588238891,True,,0.5988560948132725,False
1000,10,0.039844865300994514,True,,0.6394855470017022,False
1000,10,0.001613580713955027,True,,0.36625549643114746,False
1000,10,0.04588488353553332,True,,0.23986603359728406,False
1000,10,0.0030271609761722542,True,,0.646404361767865,False
1000,10,0.0016405893390428398,True,,0.4228808504246967,False
1000,10,1.5249815184024027e-08,True,,0.05667604339549302,False
1000,10,0.00017606452975092038,True,,0.9167536124451293,False
1000,10,3.5466541544855673e-06,True,,0.6679694443966983,False
1000,10,0.000886407552893969,True,,0.0746236331509071,False
1000,10,1.2947594143069977e-08,True,,0.15267787753590664,False
1000,10,0.0031097477765259485,True,,0.5432424227062587,False
1000,10,0.008568469792394619,True,,0.5798814282818073,False
1000,10,3.8394956860246824e-07,True,,0.31925604421300546,False
1000,10,2.4061754126121578e-05,True,,0.07294786759836372,False
1000,10,3.612718333741149e-23,True,,0.4646225082801565,False
1000,10,4.823159110077299e-06,True,,0.7568282094516192,False
1000,10,0.00021357652925226657,True,,0.6899490123490601,False
1000,10,8.4099530027775e-05,True,,0.5956707375988509,False
1000,10,0.0002347129445100839,True,,0.6110436464472071,False
1000,10,0.0647776987402405,False,,0.3665929580309167,False
1000,10,0.03727653314171824,True,,0.08539416903074352,False
1000,10,1.4248294790589296e-06,True,,0.17423470676841152,False
1000,10,2.8217192556601446e-05,True,,0.14730147655103906,False
1000,10,0.030545123821737335,True,,0.37516846130858406,False
1000,10,0.0015399964695065227,True,,0.9999999999999992,False
1000,10,0.004512526229790391,True,,0.36410284791653824,False
1000,10,0.05411757922459128,False,,0.035205353542953136,True
1000,10,0.0011480162566392346,True,,0.3710777290572475,False
1000,10,0.0008589292966238556,True,,0.5772080031759881,False
1000,10,2.135862468607799e-06,True,,0.47378470201904355,False
1000,10,0.0006828984174244278,True,,0.3439891557697579,False
1000,10,2.882521931445913e-11,True,,0.9542805101478335,False
1000,10,0.00038430412805362155,True,,0.7264666787386915,False
1000,10,7.025779231244979e-06,True,,0.9776482957810078,False
1000,10,4.902736996593641e-06,True,,0.11568470125033044,False
1000,10,0.11672999461722952,False,,0.15996134222896446,False
1000,10,0.0010156103589634986,True,,0.1613655018451887,False
1000,10,2.999561884050213e-08,True,,0.9359726049700228,False
1000,10,0.0032948966302375382,True,,0.018997516487425457,True
1000,10,0.21272593967253173,False,,0.5588248925645182,False
1000,10,1.352407818165363e-06,True,,0.9162211009771234,False
1000,10,0.001287610001840519,True,,0.49542989178181596,False
1000,10,0.0012871084546574295,True,,0.3149165384976522,False
1000,10,0.005685581892941378,True,,0.18445649375670536,False
1000,10,0.03840122028035974,True,,0.3623418668686208,False
1000,10,0.003276512978556314,True,,0.0026011013234035606,True
1000,10,0.008437474251740917,True,,0.3716988637586035,False
1000,10,2.0091199125627945e-13,True,,0.6158644480048125,False
1000,10,0.0022781636085253795,True,,0.9540161099015321,False
1000,10,0.0003080311308406404,True,,0.3798646340510887,False
1000,10,7.815026504174151e-05,True,,0.3619818260341375,False
1000,10,0.00019623644421127477,True,,0.2500976493974093,False
1000,10,0.00011761558302336874,True,,0.6431931429865906,False
1000,10,0.00046181730320152183,True,,0.23573366620361738,False
1000,10,0.000448870113784794,True,,0.41624330770687024,False
1000,10,0.0002398746075022591,True,,0.23484452646833104,False
1000,10,0.002554200064162734,True,,0.29677819738828104,False
1000,10,3.89395024677046e-11,True,,0.28024095839372964,False
1000,10,0.00023540800702063827,True,,0.07895329058151944,False
1000,10,0.0035492533806619326,True,,0.21702875499197882,False
1000,10,7.350972285450965e-06,True,,0.9847308657709783,False
1000,10,4.972257502664131e-09,True,,0.9132328870927622,False
1000,10,4.633091418654257e-06,True,,0.32333245397011656,False
1000,10,0.00019024140993120957,True,,0.3460331694267778,False
1000,10,1.735785850605319e-09,True,,0.5014973398997453,False
1000,10,0.0003353545067313729,True,,0.2591396208118234,False
1000,10,0.0015046060931616257,True,,0.22370285087715913,False
1000,10,0.00015632764936302006,True,,0.35466699457299217,False
1000,10,2.8828182464766413e-05,True,,0.7209402660948903,False
1000,10,1.7527982872036418e-05,True,,0.5972151121206758,False
1000,10,0.0016316235435580632,True,,0.25174879693683866,False
1000,10,0.0008222748442484442,True,,0.13587422816628072,False
1000,10,0.0009226591657029542,True,,0.47769911717985813,False
1000,10,0.014161006636223036,True,,0.26538360670426026,False
1000,10,0.08948064541293865,False,,0.9246026729593967,False
1000,10,3.9173992158106675e-05,True,,0.5855699860291286,False
1000,10,1.8388888814777983e-05,True,,0.9678708115954207,False
1000,10,0.0026049045678129164,True,,0.6709416307345849,False
1000,10,1.2062239555643584e-05,True,,0.7860767149133157,False
1000,10,2.8242057990215394e-05,True,,0.26142539744032284,False
1000,10,2.615088629582607e-13,True,,0.2831455656761174,False
1000,10,8.206231140624717e-05,True,,0.6531138706937771,False
1000,10,0.004362387055445843,True,,0.6140427735024689,False
1000,10,0.021438082288612433,True,,0.7393550025751555,False
1000,10,3.2021575309998944e-05,True,,0.5678339208864779,False
1000,10,0.0013944162447373967,True,,0.524275160270959,False
1000,10,9.73188798738172e-10,True,,0.9297817703101688,False
1000,10,0.005752415073596144,True,,0.36562135245093275,False
1000,10,7.772212139708422e-05,True,,0.7331962010784544,False
1000,10,4.104263873231302e-14,True,,0.19192622265023557,False
1000,10,3.405713090294627e-05,True,,0.5894379534470101,False
1000,10,0.0007029261736188705,True,,0.6324170569148255,False
1000,10,0.06504137673936085,False,,0.8514200852792597,False
1000,10,1.8537605490494024e-06,True,,0.24470114228254783,False
1000,10,6.040369932952676e-09,True,,0.8649771629804281,False
1000,10,4.935999427311809e-08,True,,0.9816802829708622,False
1000,10,5.561119310905066e-05,True,,0.2415039698213745,False
1000,10,0.044904365426558936,True,,0.33939320377469495,False
1000,10,0.007105965341468772,True,,0.8357024753898236,False
1000,10,1.8153525138371072e-05,True,,0.30045861909428573,False
1000,10,5.114902520824783e-05,True,,0.8473884629540063,False
1000,10,0.00011774128743764229,True,,0.05967437881165314,False
1000,10,0.0020641439484365854,True,,0.5274041765703108,False
1000,10,0.004368922689348188,True,,0.16338171573108468,False
1000,10,0.00022473262449240674,True,,0.33915797600515263,False
1000,10,1.0810988288372832e-05,True,,0.1723003281476105,False
1000,10,0.010478267663628957,True,,0.6603196074624272,False
1000,10,2.7674555291017584e-06,True,,0.887274646675832,False
1000,10,0.013499220551566332,True,,0.7400963024199052,False
1000,10,2.1440435809413905e-05,True,,0.0002327523729158751,True
1000,10,0.02129322086322748,True,,0.06123688920521171,False
1000,10,8.633853667037054e-07,True,,0.20823878291894482,False
1000,10,3.103372456796823e-05,True,,0.4367896120550926,False
1000,10,1.3995959011654288e-09,True,,0.2503800441606044,False
1000,10,0.122075114761206,False,,0.19640396260641924,False
1000,10,0.0039638879083197295,True,,0.1834103615714133,False
1000,10,0.06322634593962727,False,,0.7638401611181065,False
1000,10,0.00035879940086341275,True,,0.5314544313407166,False
1000,10,1.3817745547434863e-07,True,,0.3235462314011215,False
1000,10,0.0012604903889572128,True,,0.10659604095050082,False
1000,10,0.0009584019071058084,True,,0.4116580798518722,False
1000,10,0.001961117898636015,True,,0.7249840703373464,False
1000,10,6.30952743692422e-05,True,,0.5043750351600613,False
1000,10,0.00024214084533584888,True,,0.11248741460610413,False
1000,10,0.05028648676903869,False,,0.44390125812480097,False
1000,10,0.0025209100458353853,True,,0.3324134069771982,False
1000,10,1.0414958984740023e-05,True,,0.3049698516836988,False
1000,10,0.014883930933692167,True,,0.1867285575408384,False
1000,10,1.9221200944969488e-06,True,,0.08503658460638917,False
1000,10,0.0012344721294845996,True,,0.592512411181708,False
1000,10,0.0011583889985169102,True,,0.2415039715416251,False
1000,10,0.00211762622946253,True,,0.9030053670009291,False
1000,10,8.169300546940195e-06,True,,0.3607180892874521,False
1000,10,0.003074235420327021,True,,0.3624005901855872,False
1000,10,3.362784469574503e-05,True,,0.9399217856944291,False
1000,10,0.00016590275215621565,True,,0.21633905374328105,False
1000,10,0.004545633073041431,True,,0.8962641684753487,False
1000,10,0.0016692580736351735,True,,0.7067783387536536,False
1000,10,0.005346049454911199,True,,0.17380089637856427,False
1000,10,1.601393908583893e-05,True,,0.5499959653859156,False
1000,10,3.537320810906275e-05,True,,0.7445024749586932,False
1000,10,7.422327590472513e-05,True,,0.8256330479291862,False
1000,10,0.15041312339199706,False,,0.6517446147202026,False
1000,10,0.23415969315780383,False,,0.5757870684804348,False
1000,10,1.2334501793657449e-05,True,,0.3889561820852334,False
1000,10,0.07066647414550421,False,,0.7349419265298325,False
1000,10,0.0023032841778463284,True,,0.032228033342432565,True
1000,10,1.111997788936678e-05,True,,0.052027345047347955,False
1000,10,3.959229104981559e-06,True,,0.9129171974474566,False
1000,10,5.982844412936135e-08,True,,0.7257699651954714,False
1000,10,0.019314047239933352,True,,0.4803829885367876,False
1000,10,2.335248961383947e-06,True,,0.6265805740382123,False
1000,10,0.014290890469305768,True,,0.8830183495312013,False
1000,10,0.00013661333417628406,True,,0.8334919135193857,False
1000,10,0.00011098853533173404,True,,0.20168198695123896,False
1000,10,0.011401482412519905,True,,0.7449850277826413,False
1000,10,0.03318180738707632,True,,0.4920065328190616,False
1000,10,0.07356514908706795,False,,0.2285935633862507,False
1000,10,9.07938658891082e-05,True,,0.4263954763825064,False
1000,10,1.6444564419803562e-09,True,,0.5226256626774151,False
1000,10,0.00022462952735935349,True,,0.26820702749335235,False
1000,10,5.0544351326019986e-09,True,,0.05313566360464412,False
1000,10,0.0004116753769508963,True,,0.4891347766992207,False
1000,10,4.6099073043825804e-08,True,,0.40235511419591974,False
1000,10,0.0060087029871928235,True,,0.8458794081203268,False
1000,10,8.117028611872907e-06,True,,0.4657958519605646,False
1000,10,4.134548219810897e-06,True,,0.7527039840676047,False
1000,10,2.061227682992058e-10,True,,0.5926802050342369,False
1000,10,0.00020593005122602145,True,,0.15348984565914506,False
1000,10,0.0004291696372068536,True,,0.7601901989192837,False
1000,10,0.0047078610945139425,True,,0.30038698475869924,False
1000,10,3.6807326556803946e-06,True,,0.296166865175204,False
1000,10,1.5486621398971317e-09,True,,0.21028768016839267,False
1000,10,0.1391731774387316,False,,0.26993550215066275,False
1000,10,0.00046927505194763956,True,,0.2439910979807806,False
1000,10,5.16660428220701e-12,True,,0.9342978027041275,False
1000,10,0.0005172515784022686,True,,0.4745896436118834,False
1000,10,0.08915452220557567,False,,0.1479782003204884,False
1000,10,6.53080284522792e-16,True,,0.35955070967010744,False
1000,10,0.0004962140806186837,True,,0.7099010126063544,False
1000,10,0.002294274111070367,True,,0.7622964073493266,False
1000,10,0.02837669842943695,True,,0.6117229950804993,False
1000,10,0.031423074652754575,True,,0.9551574883672979,False
1000,10,0.0053775020697317665,True,,0.18785262237712944,False
1000,10,0.022687041112432624,True,,0.3824416806823018,False
1000,10,1.7345719948063446e-06,True,,0.11354478025436171,False
1000,10,0.017163269761246797,True,,0.21834127872421327,False
1000,10,1.9287983290666554e-06,True,,0.31119413866991463,False
1000,10,0.0002520130832055707,True,,0.5721233805111379,False
1000,10,3.077986113970035e-05,True,,0.22145175033241704,False
1000,10,0.0015737039345461996,True,,0.7191607103183119,False
1000,10,0.006386750666718874,True,,0.3619879739122016,False
1000,10,0.00012383814427712673,True,,0.5777137016161151,False
1000,10,5.725046577085718e-07,True,,0.08148735477231334,False
1000,10,2.1302322197755533e-08,True,,0.2734211505968687,False
1000,10,0.013524270083391327,True,,0.10430344261558665,False
1000,10,0.023732564861877886,True,,0.8853839839387192,False
1000,10,0.03874030117537488,True,,0.3817630448727706,False
1000,10,0.040813257809092604,True,,0.771262222033333,False
1000,10,0.0010982325796536287,True,,0.34939770970193795,False
1000,10,0.012484064026129924,True,,0.012771922281724135,True
1000,10,2.1719743072065432e-07,True,,0.559191108111621,False
1000,10,0.0007620953509517599,True,,0.8267983079805299,False
1000,10,0.014512038431334888,True,,0.30267910205078363,False
1000,10,0.0016363902303941818,True,,0.2987814606609516,False
1000,10,0.00016606462016275256,True,,0.19353034269432115,False
1000,10,0.0001480103589270896,True,,0.3529754002627348,False
1000,10,0.03359707322547264,True,,0.3719983367898944,False
1000,10,0.000940312558815845,True,,0.45439714163752165,False
1000,10,0.0001507313623590123,True,,0.49185872952071596,False
1000,10,3.034872903532887e-06,True,,0.8020733684178263,False
1000,10,0.00018206751117509924,True,,0.8227957342966894,False
1000,10,3.0725809317037737e-07,True,,1.0,False
1000,10,0.0478261196950975,True,,0.6658046542617111,False
1000,10,0.002194612752908413,True,,0.664592845332109,False
1000,10,0.00024876382619310096,True,,0.9169038917803192,False
1000,10,0.0005852425452560607,True,,0.43066439822142366,False
1000,10,0.002219721168294122,True,,0.8548330689505562,False
1000,10,1.934890569051514e-05,True,,0.7445629434787839,False
1000,10,0.0007160343869767784,True,,0.7475035445864829,False
1000,10,0.005603240764244533,True,,0.21375830523866987,False
1000,10,0.003784587591834228,True,,0.5590634366268777,False
1000,10,1.6312957703837142e-06,True,,0.9407569103057387,False
1000,10,1.0262995670884527e-06,True,,0.5942278820998164,False
1000,10,7.069652391008797e-17,True,,0.5555341277899803,False
1000,10,0.005237090331925644,True,,0.6491917050624689,False
1000,10,0.000619454236812327,True,,0.3865023048769344,False
1000,10,2.8670299848531945e-07,True,,0.9397596877263554,False
1000,10,0.0029013036096138143,True,,0.12430910200101204,False
1000,10,0.003678487750017205,True,,0.1485591942719686,False
1000,10,0.004196988596510141,True,,0.883149163627307,False
1000,10,9.735535078123536e-07,True,,0.018329750369084435,True
1000,10,0.002125903383429029,True,,0.16145698529470273,False
1000,10,0.000339941107877293,True,,0.860833299789929,False
1000,10,0.005879025390505734,True,,0.4147719198108609,False
1000,10,5.5048204284619965e-06,True,,0.266031365074717,False
1000,10,0.0009414136087930699,True,,0.0442921811284923,True
1000,10,6.528468649626936e-05,True,,0.2434088601636509,False
1000,10,2.9391884100105872e-05,True,,0.4773506553562774,False
1000,10,0.0003804490282531933,True,,0.11813484383639744,False
1000,10,0.00019260790576160574,True,,0.08136634346752514,False
1000,10,4.252443326552509e-16,True,,0.010364675447073599,True
1000,10,0.07794385430229227,False,,0.285880949813426,False
1000,10,0.0006156094718889236,True,,0.9999999999999992,False
1000,10,0.009127539345615195,True,,0.055624032629849975,False
1000,10,0.0019602846055126236,True,,0.0004305371900171395,True
1000,10,1.4933370954254638e-05,True,,0.6984810159098631,False
1000,10,1.4551091982485446e-19,True,,0.9175556414091984,False
1000,10,0.022667099013705817,True,,0.8650345389584121,False
1000,10,0.0009187592134964454,True,,0.8953821164231703,False
1000,10,0.020961681966448657,True,,0.6660224814239533,False
1000,10,1.3045942396477862e-05,True,,0.7389748207423255,False
1000,10,6.352910824918851e-16,True,,0.3357137886006897,False
1000,10,0.007893471599308708,True,,0.9626790181632614,False
1000,10,2.966163773633748e-07,True,,0.20129412469954686,False
1000,10,0.0005186335502260872,True,,0.3905872524857126,False
1000,10,0.000941818650645982,True,,0.8075905914669536,False
1000,10,0.019122661031779797,True,,0.12619148494148116,False
1000,10,0.0021960520610576914,True,,0.5264126742705917,False
1000,10,0.0001208292246240349,True,,0.6047269686539118,False
1000,10,5.77027391292805e-06,True,,0.8595264281525239,False
1000,10,0.0017783235809546456,True,,0.5173951403048769,False
1000,10,4.5282583982986844e-05,True,,0.7800124260734567,False
1000,10,0.000971375129348612,True,,0.1499243440356651,False
1000,10,0.017619106513874945,True,,0.25547717133140047,False
1000,10,0.00759682185914126,True,,0.936467345283889,False
1000,10,0.00010717082855726864,True,,0.8691955047904636,False
1000,10,0.02047130647554627,True,,0.9849971387872378,False
1000,10,9.972603756816941e-05,True,,0.17153875166430418,False
1000,10,1.2500375850397708e-11,True,,0.4710649836894978,False
1000,10,0.002282064520488603,True,,0.36545257994750546,False
1000,10,0.0015643133692076802,True,,0.19834659684368572,False
1000,10,9.25946782652323e-06,True,,0.8968305569696919,False
1000,10,0.0059243273302597155,True,,0.8048297370646528,False
1000,10,0.0005644929077273139,True,,0.5108133691926687,False
1000,10,3.8948145247612935e-05,True,,0.26981201506075525,False
1000,10,0.0008396263828382743,True,,0.09693449763863932,False
1000,10,0.000660510188374115,True,,0.383870225164905,False
1000,10,0.0003149338065477458,True,,0.037648185411258785,True
1000,10,0.027844595960283408,True,,0.5132240727236053,False
1000,10,2.4910230319091552e-14,True,,0.7138067738558339,False
1000,10,4.808747063910132e-10,True,,0.029167416990157218,True
1000,10,8.417081661040261e-08,True,,0.9319597042070443,False
1000,10,4.279087281756848e-08,True,,0.6443950642077606,False
1000,10,0.02352832761982038,True,,0.3788210730063676,False
1000,10,0.0589693607594156,False,,0.2548644577750866,False
1000,10,0.035101995942660426,True,,0.14354819954496367,False
1000,10,0.020999021788348796,True,,0.5591829533888448,False
1000,10,0.053148734784969134,False,,0.6201284375818094,False
1000,10,0.0017181243602221604,True,,0.8042032340919805,False
1000,10,0.00016238615634883342,True,,0.07061474956101331,False
1000,10,0.0020074125907438897,True,,0.6860938222467983,False
1000,10,0.006216905753123077,True,,0.5836113936703728,False
1000,10,0.00021508561825865307,True,,0.7868775948728367,False
1000,10,0.0006951290596122813,True,,0.9562324957459419,False
1000,10,0.000997863910887808,True,,0.24150397141171914,False
1000,10,0.016207893042938896,True,,0.7033848412690449,False
1000,10,0.0002512388889537429,True,,0.7079152478537449,False
1000,10,4.5324952283281976e-05,True,,0.10583008627580963,False
1000,10,9.813594626273021e-08,True,,0.9999999999999996,False
1000,10,0.0004850432860819469,True,,0.4810999272386296,False
1000,10,0.0011646924338366918,True,,0.8999464749378174,False
1000,10,3.590597147432019e-34,True,,0.16520078929086998,False
1000,10,0.0011032474193901284,True,,0.01345956155721789,True
1000,10,6.131016250422447e-06,True,,0.8529594822365015,False
1000,10,3.0024937222826104e-07,True,,0.045122536764128196,True
1000,10,0.014768634027952624,True,,0.5831385338956463,False
1000,10,3.1600838524226723e-06,True,,0.5889403151396669,False
1000,10,0.0006247295702778221,True,,0.18312837418045264,False
1000,10,7.76915333652239e-09,True,,0.25899397309839467,False
1000,10,4.584620480043814e-10,True,,0.46090711914623517,False
1000,10,1.9672904313823595e-06,True,,0.9397703963224795,False
1000,10,1.7017403927586168e-06,True,,0.7514778479902333,False
1000,10,0.0010141098788233195,True,,0.8911459394515113,False
1000,10,0.0006686343480766405,True,,0.7932544771819672,False
1000,10,5.052503507095004e-10,True,,0.208492435005721,False
1000,10,1.7567940469044847e-06,True,,0.9999999999999996,False
1000,10,1.1535761577692859e-05,True,,0.9058303948996311,False
1000,10,0.0014736148123756755,True,,0.05369188595774943,False
1000,10,0.2522060955413981,False,,0.7366917282719398,False
1000,10,0.00016254992163655823,True,,0.1573150280878792,False
1000,10,0.0065078040289423995,True,,0.13897212402197406,False
1000,10,0.00022684216871453686,True,,0.3111860748243759,False
1000,10,3.0465613810218886e-08,True,,0.17120615563534355,False
1000,10,3.4035023715672774e-07,True,,0.021946622297371165,True
1000,10,0.000332736099269416,True,,0.4848191960871153,False
1000,10,1.1601788628915813e-08,True,,0.15185076331723854,False
1000,10,0.0005882028471586253,True,,0.3291630763786888,False
1000,10,1.6740376459115697e-06,True,,0.5602727573485724,False
1000,10,3.0125266819095356e-05,True,,0.565885641374712,False
1000,10,1.590977302871514e-10,True,,0.9870509981103992,False
1000,10,9.01245576458466e-05,True,,0.7669178716951622,False
1000,10,8.470469359732118e-07,True,,0.44483369097952896,False
1000,10,6.200614450721312e-05,True,,0.38950019358621824,False
1000,10,0.004257738043474018,True,,0.04312498695327596,True
1000,10,7.694822240867115e-06,True,,0.6306091212913961,False
1000,10,0.0032606368214030635,True,,0.016027547127490337,True
1000,10,0.0008499645153467487,True,,0.08836128024794965,False
1000,10,0.0007475955296584598,True,,0.6564677012148136,False
1000,10,0.00024989882161607956,True,,0.6072775268360575,False
1000,10,0.006919424368932011,True,,0.18462735444786407,False
1000,10,0.14835413355770058,False,,0.7422788587643308,False
1000,10,0.0011142335176223164,True,,0.9999999999999997,False
1000,10,7.719498757020254e-05,True,,0.03722129638724123,True
1000,10,5.26823011604986e-44,True,,0.293197952990197,False
1000,10,0.0001705272717407424,True,,0.9999999999999996,False
1000,10,0.003627157259103615,True,,0.4983978636962739,False
1000,10,3.114523653663726e-10,True,,0.1712087351992338,False
1000,10,6.467338021858933e-05,True,,0.3828958383616978,False
1000,10,4.860266900485529e-21,True,,0.5881337357310372,False
1000,10,0.005995832799688711,True,,0.06103697364818246,False
1000,10,0.0009049294496391786,True,,0.4873679522805916,False
1000,10,0.0002846995170986477,True,,0.05537194872803481,False
1000,10,0.0020914652034705688,True,,0.9359053040099522,False
1000,10,0.0005070348773177619,True,,0.4413760067234179,False
1000,10,9.033688242453926e-10,True,,0.4140117680973797,False
1000,10,0.00012206513581518011,True,,1.0,False
1000,10,0.080347321930942,False,,0.26667446109888154,False
1000,10,0.022994434588629067,True,,0.8692441960147621,False
1000,10,0.007835158213822135,True,,0.6062338904564538,False
1000,10,4.424560900502215e-12,True,,0.6008786435271705,False
1000,10,0.00265127401198689,True,,0.15186433180453784,False
1000,10,0.003166995384843866,True,,0.16839011056417852,False
1000,10,1.2102981917151806e-07,True,,0.24792959905296214,False
1000,10,0.0005058300289910668,True,,0.015293011081735627,True
1000,10,5.998839066490635e-07,True,,0.5106194207847982,False
1000,10,0.41178608364973324,False,,0.7875173116584994,False
1000,10,0.009747981085589772,True,,0.969336540282421,False
1000,10,0.0005740981108500444,True,,0.49611082284761066,False
1000,10,8.898978500198244e-10,True,,0.700563363494842,False
1000,10,3.4331817274803375e-06,True,,0.3029586548710363,False
1000,10,0.0012261666447212728,True,,0.2632369192454147,False
1000,10,2.137984497010603e-09,True,,1.0,False
1000,10,0.000427962123909155,True,,0.04060963082185253,True
1000,10,4.256394847369564e-08,True,,0.09118611244402736,False
1000,10,0.0014767102455602742,True,,0.35464209907244926,False
1000,10,2.058324631076361e-07,True,,0.20508566048978624,False
1000,10,0.0027102125164511163,True,,0.9173545446180211,False
1000,10,0.10812294072124802,False,,0.7846411611311144,False
1000,10,0.0012102447631240373,True,,0.563697251335245,False
1000,10,4.0919217527505475e-05,True,,0.1755710690756725,False
1000,10,0.006862560282044536,True,,0.49363092472561065,False
1000,10,3.547940952547026e-07,True,,0.24242127469154806,False
1000,10,0.043815477693752186,True,,0.24634746503306648,False
1000,10,0.002225870523626393,True,,0.5807552280993586,False
1000,10,1.431055070745687e-06,True,,0.18192529592115395,False
1000,10,6.490370963999708e-10,True,,0.3600746511205055,False
1000,10,0.003172783006289523,True,,0.8904353969558512,False
1000,10,0.0005774554730858492,True,,0.7378394757981532,False
1000,10,0.0001305807288668405,True,,0.6499442605460395,False
1000,10,0.009503310688360345,True,,0.12832442730488985,False
1000,10,0.00021820785499281016,True,,0.8702251873067719,False
1000,10,9.343352862775796e-07,True,,0.40282715671641744,False
1000,10,4.1226391462333714e-05,True,,0.6590130190128607,False
1000,10,9.007709703637018e-08,True,,0.8289151585152701,False
1000,10,3.885015739617537e-10,True,,0.627855791038221,False
1000,10,3.228576585991079e-12,True,,0.5522201421077715,False
1000,10,0.4781449487096835,False,,0.9217627677069749,False
1000,10,3.7244157538969233e-05,True,,0.11585415703323985,False
1000,10,0.00033348636024736126,True,,0.18669954889621554,False
1000,10,0.00010040175173954399,True,,0.707117380360291,False
1000,10,0.0008799937006259521,True,,0.20566060493250973,False
1000,10,0.0005134807219654046,True,,0.12583287656835881,False
1000,10,3.224499185823177e-05,True,,0.5309433415293631,False
1000,10,0.00041797392552051085,True,,0.6580724055812078,False
1000,10,0.00021082477407621545,True,,0.5062390666945327,False
1000,10,0.03129180276050369,True,,0.5458835321894006,False
1000,10,2.773312058425652e-07,True,,0.6902624331328274,False
1000,10,2.345193947244748e-06,True,,0.32389072802618346,False
1000,10,0.0364573587839482,True,,0.7465199737704884,False
1000,10,0.005867128663898821,True,,0.6368768863695909,False
1000,10,1.8277630227844566e-05,True,,0.5954869823709055,False
1000,10,0.00027111746628247804,True,,0.10369963671679881,False
1000,10,0.00036966312326190394,True,,0.3617057676537944,False
1000,10,7.853158828380052e-11,True,,0.4158604705120367,False
1000,10,0.006599935799378974,True,,0.12321693609168527,False
1000,10,4.211970844766066e-07,True,,0.8406077143189269,False
1000,10,0.06775299350794825,False,,0.043559817535873444,True
1000,10,5.652047126181538e-08,True,,0.4855755620526342,False
1000,10,0.03552486875261937,True,,0.7116724683143556,False
1000,10,0.00016542977210582172,True,,0.8241916980574759,False
1000,10,0.0005225947488061998,True,,0.1645043329989641,False
1000,10,1.0080908300283586e-09,True,,0.4305567978929744,False
1000,10,0.005719127314861277,True,,0.2699760222213939,False
1000,10,3.617401819281944e-07,True,,0.22109369152445055,False
1000,10,0.0075690306396142115,True,,0.694652693832355,False
1000,10,0.009710291808345593,True,,0.8379674090596347,False
1000,10,0.0003466838112775821,True,,0.8082276930073563,False
1000,10,7.664103578337046e-05,True,,0.22323191563987066,False
1000,10,4.5152112347465736e-07,True,,0.0746383369017942,False
1000,10,0.0004164525592852183,True,,0.3945845113772892,False
1000,10,7.137467461578934e-08,True,,0.29889228296613124,False
1000,10,0.0005711494717513973,True,,0.8507190081377985,False
1000,10,0.0059685511643788654,True,,0.5785480077623834,False
1000,10,2.264102662938264e-06,True,,0.5591911080848806,False
1000,10,6.102135780245129e-07,True,,0.32105746406360297,False
1000,10,0.004447645532697571,True,,0.37199568198375194,False
1000,10,4.516566407065435e-06,True,,0.010801066644257298,True
1000,10,0.007325021438142118,True,,0.7821830002844925,False
1000,10,0.004252231204809483,True,,0.31975391177902057,False
1000,10,0.08584797332189181,False,,0.9647403817190916,False
1000,10,2.4595712211352852e-05,True,,0.19464430091968676,False
1000,10,5.797731300260829e-11,True,,0.43511659883796194,False
1000,10,0.007110212572007844,True,,0.31941912638878717,False
1000,10,1.8208134518933517e-07,True,,0.4173056978819104,False
1000,10,5.417334919339125e-07,True,,0.59508103431635,False
1000,10,0.00557853698588398,True,,0.7031715905613349,False
1000,10,7.746744424670975e-06,True,,0.3470709934864679,False
1000,10,3.714115911295289e-06,True,,0.36885667458837124,False
1000,10,2.9167735975269425e-09,True,,0.16671125989547422,False
1000,10,0.0024881392261135622,True,,0.15147920435520973,False
1000,10,0.028756515117678412,True,,0.564812359103645,False
1000,10,0.000600054315127255,True,,0.17197413150350388,False
1000,10,0.006929234169773558,True,,0.44946389874224135,False
1000,10,0.0001427620183847314,True,,0.987252913250427,False
1000,10,0.05454098421499345,False,,0.46163178392739457,False
1000,10,1.0842131626240226e-09,True,,0.4784942929523015,False
1000,10,0.00020595042119732086,True,,0.37655897653079995,False
1000,10,1.8598612068209874e-06,True,,0.6966616202290483,False
1000,10,0.03626567436779639,True,,0.44922884608217384,False
1000,10,0.00022895193102337287,True,,0.06583892423453744,False
1000,10,0.008179749417659025,True,,0.49838905300956304,False
1000,10,3.054575350716013e-11,True,,0.2275995649383263,False
1000,10,0.14266864562787396,False,,0.13898870241456526,False
1000,10,0.0001965945190780243,True,,0.7996084439432036,False
1000,10,0.0008298503611596938,True,,0.4795479962289704,False
1000,10,1.893807629740367e-09,True,,0.756016754185353,False
1000,10,8.742836996074546e-06,True,,0.6110646775545159,False
1000,10,7.555036178189278e-05,True,,0.7510194188289564,False
1000,10,0.0011759553516990451,True,,0.9037732917026189,False
1000,10,0.0011604955659861279,True,,0.8365944832007824,False
1000,10,1.6865872650142006e-05,True,,0.062450934427400684,False
1000,10,0.011800852208179278,True,,0.5709714545211337,False
1000,10,1.0020499089283397e-05,True,,0.9999999999999998,False
1000,10,0.01743999468486072,True,,0.0965656267832861,False
1000,10,3.382036526660848e-05,True,,0.6476740324971002,False
1000,10,0.0010949729457418623,True,,0.9999999999999998,False
1000,10,0.01927644258864573,True,,0.4096775525592149,False
1000,10,6.324096247976462e-15,True,,0.03367699554284198,True
1000,10,1.8741569823376543e-07,True,,0.39188489452286535,False
1000,10,0.0013903738369481639,True,,0.6515447715096804,False
1000,10,1.7371994281915333e-06,True,,0.25904152728323887,False
1000,10,0.009143996160539736,True,,0.44584631468098357,False
1000,10,1.0919127861145657e-05,True,,0.09963347673248572,False
1000,10,0.006468960925519274,True,,0.05251264421963961,False
1000,10,7.469884885010357e-05,True,,0.2981013885842969,False
1000,10,0.0004534381674087069,True,,0.24994033550935763,False
1000,10,0.0019406352270261683,True,,0.30418808167565964,False
1000,10,4.214180180775606e-05,True,,0.09695836945775665,False
1000,10,8.555079798995869e-16,True,,0.5545558821673602,False
1000,10,0.00044996327171445156,True,,0.7952360739327167,False
1000,10,1.7986571553003256e-05,True,,0.44751447562018587,False
1000,10,0.0015430855774542808,True,,0.20065330743304977,False
1000,10,0.04385998224561478,True,,0.36751384766727635,False
1000,10,8.16123372524829e-05,True,,0.5200332470786377,False
1000,10,0.005368448600010604,True,,0.6052334415266781,False
1000,10,0.008750172475313804,True,,0.08285490590310814,False
1000,10,5.261805029033922e-06,True,,0.3138350399576672,False
1000,10,0.013008847361693552,True,,0.8843373590136512,False
1000,10,5.7447991960038045e-06,True,,0.08795721747425111,False
1000,10,0.0032828308125844525,True,,0.6502865659698391,False
1000,10,0.00390821788617318,True,,0.11021039605089274,False
1000,10,2.8003065064526625e-05,True,,0.8655644282904112,False
1000,10,0.0002112019447554634,True,,0.6665811021915997,False
1000,10,0.002795846383486315,True,,0.46554794420007994,False
1000,10,1.8112496795281763e-06,True,,0.2701840378353707,False
1000,10,0.11022525144132803,False,,0.873065300988861,False
1000,10,0.0017442205902134496,True,,0.27975990086673413,False
1000,10,0.00601550795007279,True,,0.22341395153989704,False
1000,10,0.003103027578609363,True,,0.7102396060137929,False
1000,10,3.2722006697043063e-07,True,,0.5334402059149368,False
1000,10,3.348784353635736e-05,True,,0.3362543192939805,False
1000,10,1.2855848605586019e-06,True,,0.089587117568066,False
1000,10,2.978447532064305e-06,True,,0.13845722216366502,False
1000,10,1.246651374813799e-05,True,,0.5182965514019675,False
1000,10,0.0031311049748858483,True,,0.8827122353515223,False
1000,10,0.0014347966072715253,True,,0.8448627047257948,False
1000,10,0.02738469981980603,True,,0.7738651688279623,False
1000,10,2.80952731438206e-06,True,,0.2335506640151158,False
1000,10,2.8943870537834954e-05,True,,0.6166355025969749,False
1000,10,4.6526161657602386e-05,True,,0.605284725350026,False
1000,10,0.03817960308288455,True,,0.2769594728932483,False
1000,10,0.011129978006552995,True,,0.44663574545332396,False
1000,10,0.06453384057569946,False,,0.6136543249983796,False
1000,10,2.5895539555476797e-06,True,,0.35447486759587393,False
1000,10,7.037045040020891e-06,True,,0.7138465425937298,False
1000,10,6.423915463412353e-08,True,,0.6635962155175563,False
1000,10,0.05182163433708064,False,,0.9615223836706788,False
1000,10,0.0005014202854534968,True,,0.4491431136004016,False
1000,10,1.3377635044688789e-05,True,,0.4280472720772077,False
1000,10,1.290060117011619e-07,True,,0.3197579520522049,False
1000,10,2.50793345186327e-05,True,,0.6945232260960484,False
1000,10,0.00013999462985865075,True,,0.27544222072488744,False
1000,10,2.379487217970551e-09,True,,0.6639819810800409,False
1000,10,0.0013628502222686706,True,,0.6465019485469234,False
1000,10,2.265295623525559e-05,True,,0.030534524947267567,True
1000,10,8.625170080129121e-10,True,,0.18926333791795133,False
1000,10,0.0013799480713264937,True,,0.7274942226254146,False
1000,10,5.408042714826058e-06,True,,0.5696895115299658,False
1000,10,0.12824407278529526,False,,0.02194548940406109,True
1000,10,0.0005074939910876739,True,,0.17870337592857444,False
1000,10,0.03546456280096327,True,,0.9072921116103343,False
1000,10,0.0008661951378443068,True,,0.023315916178346115,True
1000,10,0.000882769446323257,True,,0.46955063067179137,False
1000,10,0.017735449223774114,True,,0.41395518863035585,False
1000,10,0.06423882432288756,False,,0.05022944630926125,False
1000,10,0.02938897581125113,True,,0.07506407732631779,False
1000,10,0.021341057945551956,True,,0.6665719649295687,False
1000,10,0.0008688354145869431,True,,0.41084581543639487,False
1000,10,1.6470776273198496e-05,True,,0.27633728099085175,False
1000,10,5.9334793287576096e-06,True,,0.0610336057684186,False
1000,10,1.362277864042482e-06,True,,0.5562393636282821,False
1000,10,1.6429972940033982e-08,True,,0.3334432390751101,False
1000,10,0.008596681943915262,True,,0.08750285098897088,False
1000,10,0.006098223774066341,True,,0.6252976831984998,False
1000,10,9.327722196549649e-11,True,,0.5921882256300718,False
1000,10,0.0016792210381829126,True,,0.17859033595185725,False
1000,10,0.01152697347833373,True,,0.21003952132484704,False
1000,10,0.006385032136459955,True,,0.5207580569511656,False
1000,10,0.010121033813617503,True,,0.021607774604079408,True
1000,10,0.010979728988792226,True,,0.6322155627927843,False
1000,10,0.0001678982170365579,True,,0.3688967804218627,False
1000,10,0.09445133923224099,False,,0.5068462709291626,False
1000,10,0.0009128699657098267,True,,0.09002347668991714,False
1000,10,0.08405771653851278,False,,0.947877269223223,False
1000,10,0.0008150771929248623,True,,0.4936309657256235,False
1000,10,0.0014622427711563576,True,,0.15038944645686064,False
1000,10,0.007989364989417418,True,,0.7037955216621504,False
1000,10,0.00241727295944788,True,,0.9864227302280846,False
1000,10,0.00039587640181671296,True,,0.8610956630667841,False
1000,10,4.4216449795668836e-10,True,,0.2878864385789289,False
1000,10,0.0031288866598112026,True,,0.5156836437810709,False
1000,10,0.0017506697272660226,True,,0.8675711348005675,False
1000,10,9.91958106331506e-06,True,,0.26969332182823824,False
1000,10,1.3624320336340856e-06,True,,0.5541929060272213,False
1000,10,0.00010598543404531737,True,,0.5221807706224617,False
1000,10,0.0005048077613075773,True,,0.23185256695010756,False
1000,10,0.0065465198801427866,True,,0.5912536861638145,False
1000,10,8.310224901400686e-07,True,,0.5930987884494109,False
1000,10,0.027180461287651118,True,,0.9999999999999988,False
1000,10,0.008336473785890018,True,,0.25509160674660764,False
1000,10,0.002202773026353139,True,,0.051706481487937044,False
1000,10,0.0009019205702079255,True,,0.1698279751778331,False
1000,10,2.714971130237186e-12,True,,0.16724715003747295,False
1000,10,0.23032560626772275,False,,0.7530574189995731,False
1000,10,0.009605354990320957,True,,0.24329249480213916,False
1000,10,0.0027428143572997762,True,,0.38172167363650744,False
1000,10,0.00010172613942137037,True,,0.5273227787087025,False
1000,10,0.00045457724702855056,True,,0.650776448224224,False
1000,10,4.4932581026479446e-08,True,,0.22187683066819633,False
1000,10,0.007526891960603849,True,,0.6370498143787378,False
1000,10,0.0003807747808409138,True,,0.6508319885839563,False
1000,10,1.662538364952556e-07,True,,0.3314596969366276,False
1000,10,0.006380676846532319,True,,0.8425857575928297,False
1000,10,0.00017706575268503267,True,,0.2577048995011702,False
1000,10,0.0035866612305590477,True,,0.8793206850219517,False
1000,10,0.006037129634844463,True,,0.10533962958102998,False
1000,10,0.0036244184532276155,True,,0.283994925523367,False
1000,10,7.303340182608272e-12,True,,0.5705538047610915,False
1000,10,1.824872682858534e-17,True,,0.6745890293490433,False
1000,10,5.38203381849273e-06,True,,0.5256245834533393,False
1000,10,0.0029821477791509778,True,,0.5375592750169733,False
1000,10,0.00844957024845303,True,,0.4456473166125192,False
1000,10,0.00016702766554900635,True,,0.09565485642813905,False
1000,10,0.025356484112865327,True,,0.533440209139567,False
1000,10,6.726568483215943e-08,True,,0.07697326341414946,False
1000,10,3.365050404704864e-05,True,,0.3563047077660171,False
1000,10,1.395207750543162e-06,True,,0.147034869835492,False
1000,10,0.00014936734455862896,True,,0.48045256789757684,False
1000,10,0.016886038112782536,True,,0.6748599256896403,False
1000,10,3.1269920241625698e-09,True,,0.4907646202382129,False
1000,10,0.008830686367622116,True,,0.877811534228193,False
1000,10,8.124445642353742e-05,True,,0.530128321475563,False
1000,10,0.11246161990791778,False,,0.05928542410649195,False
1000,10,0.0002978675681547597,True,,0.23645039593962613,False
1000,10,8.718081116347026e-07,True,,0.7050036583443331,False
1000,10,0.005627396605621779,True,,0.8832615310573135,False
1000,10,0.0003837693554673815,True,,0.3918423232352076,False
1000,10,0.011603219005309659,True,,0.19040532030121918,False
1000,10,0.0006299941171598784,True,,0.9047693783134358,False
1000,10,0.0010712536828418587,True,,0.2735796039643115,False
1000,10,0.00032725806153838266,True,,0.0011331060038405466,True
1000,10,1.2349256675135712e-06,True,,0.562816477438822,False
1000,10,0.0001168042723946986,True,,0.13471160239354346,False
1000,10,1.955508164165298e-05,True,,0.856075519107096,False
1000,10,0.35325736412695496,False,,0.07222882403736407,False
1000,10,0.006381152238235434,True,,0.4373580137268114,False
1000,10,0.0004478217179003755,True,,0.11469374289743016,False
1000,10,0.0012516635726802765,True,,0.7781109038271314,False
1000,10,0.0035116031168179,True,,0.14963625705338343,False
1000,10,0.03929212608706256,True,,0.3497166793024024,False
1000,10,0.0011868637040349484,True,,0.04137539053868679,True
1000,10,6.173114009344526e-05,True,,0.25410024961247346,False
1000,10,2.960388845009302e-14,True,,0.6834943664931024,False
1000,10,0.0001310135083013241,True,,0.06790793816200992,False
1000,10,0.011534143931251803,True,,0.45011561550333123,False
1000,10,0.0032189039913032534,True,,0.40063210193894216,False
1000,10,0.00033430598499061833,True,,0.4681295311629614,False
1000,10,3.019870388191768e-08,True,,0.14460962924662188,False
1000,10,9.950752848542424e-06,True,,0.9628520770027469,False
1000,10,0.0006289855880929831,True,,0.9354380233002915,False
1000,10,4.456902560001218e-05,True,,0.28843660024067114,False
1000,10,9.946370346457496e-05,True,,0.48681040320125857,False
1000,10,0.003604129552042732,True,,0.022102614632740783,True
1000,10,0.011037162022718806,True,,0.9752757772758902,False
1000,10,0.0003522554286381951,True,,0.9699820973874038,False
1000,10,8.194686788065618e-06,True,,0.4719226510419766,False
1000,10,0.0017368853699774973,True,,0.6947355756669729,False
1000,10,0.0004950155160498363,True,,0.7475560724465511,False
1000,10,9.620572381374346e-09,True,,0.46182718936236633,False
1000,10,0.00035161135227318143,True,,0.451465349047538,False
1000,10,1.5674918899338898e-06,True,,0.24237431152528813,False
1000,10,0.06347180849961961,False,,0.6191692911015283,False
1000,10,0.0036371143174554884,True,,0.25799520096196643,False
1000,10,0.4293397488536328,False,,0.8298877908416974,False
1000,10,0.00901205356705252,True,,0.5958500383813525,False
1000,10,5.360267756603587e-06,True,,0.27612618751266776,False
1000,10,4.364776233480463e-05,True,,0.025021053349630153,True
1000,10,3.1030092131783376e-13,True,,0.47283938560359373,False
1000,10,4.124547834598589e-06,True,,0.09185402727145253,False
1000,10,0.005171877347775674,True,,0.429518334390676,False
1000,10,1.4858564024695759e-07,True,,0.15739771670428845,False
1000,10,1.3131308730113908e-13,True,,0.8103295191856695,False
1000,10,0.00012517910760627453,True,,0.16513031866325908,False
1000,10,0.005862496233519206,True,,0.6574886502338166,False
1000,10,0.03058526591124872,True,,0.6870285010583179,False
1000,10,0.0006678390920226786,True,,0.30942818990376536,False
1000,10,2.0196271202439696e-11,True,,0.3579175408444392,False
1000,10,0.0019003755549090741,True,,0.715583107545542,False
1000,10,0.009739850850545993,True,,0.0988472604004833,False
1000,10,0.07495336959157602,False,,0.6644248515743807,False
1000,10,4.131767538059977e-11,True,,0.11469224011413766,False
1000,10,2.0834704924948957e-05,True,,0.8524544752750672,False
1000,10,0.0019907132710741153,True,,0.6470873058560433,False
1000,10,2.1991000192596322e-05,True,,0.08598164842101501,False
1000,10,0.00033427601172364814,True,,0.827639689556243,False
1000,10,2.2184440301143105e-06,True,,0.2714572540339443,False
1000,10,1.0245005846116208e-08,True,,0.5227647491197591,False
1000,10,0.024809481447309347,True,,0.14463100753760358,False
1000,10,4.8354174512115755e-05,True,,0.30373030484146857,False
1000,10,4.09642513275626e-05,True,,0.827136613340341,False
1000,10,0.0002298127632461817,True,,0.29543921121741523,False
1000,10,0.0004933721361520149,True,,0.4415227946792498,False
1000,10,1.2167563658455125e-06,True,,0.9254658424937916,False
1000,10,0.0040460460898301505,True,,0.5663045204690997,False
1000,10,0.013905363852333338,True,,0.9073960081286951,False
1000,10,0.023547880153525092,True,,0.8428745121941136,False
1000,10,2.115387188485815e-18,True,,0.26751241013408433,False
1000,10,0.01737395509522627,True,,0.2392762817958587,False
1000,10,1.2701726966652738e-12,True,,0.19404825384149782,False
1000,10,0.0009342987208299269,True,,0.04292873025669943,True
1000,10,4.9321781508620955e-09,True,,0.48682041487162875,False
1000,10,1.4407176235621526e-05,True,,0.19706638166370194,False
1000,10,5.6864592991866246e-05,True,,0.06629099360106015,False
1000,10,0.002531787769898851,True,,0.6539936191248742,False
1000,10,7.558247728715093e-05,True,,0.6114846621232233,False
1000,10,0.00041483095638061255,True,,0.061786740862956116,False
1000,10,0.0014203193941700833,True,,0.2852448317006297,False
1000,10,0.04442284288866142,True,,0.0538844142625144,False
1000,10,1.9979366788782667e-06,True,,0.7862214353440451,False
1000,10,0.00778316849048653,True,,0.08487746823332153,False
1000,10,0.0030486748304753637,True,,0.161443640066715,False
1000,10,0.714539450439732,False,,0.6879552625072987,False
1000,10,0.0017945245091140316,True,,0.6563207064113232,False
1000,10,1.4909478346733507e-10,True,,0.7183942241862701,False
1000,10,0.0007904820015193874,True,,0.09171499184158155,False
1000,10,1.3784967589983116e-14,True,,0.8031417756019845,False
1000,10,0.0001305165477756554,True,,0.8103295198335262,False
1000,10,0.10496288746237002,False,,0.44229911430856084,False
1000,10,0.08119090192632132,False,,0.8850508911821374,False
1000,10,9.729484503291318e-09,True,,0.015982701594219315,True
1000,10,2.700797175045029e-07,True,,0.02641403735183102,True
1000,10,0.01829440384435065,True,,0.6287699080812963,False
1000,10,0.0633827554687814,False,,0.40030869723064133,False
1000,10,2.9591927379133364e-05,True,,0.7101835103916074,False
1000,10,8.365981177051118e-08,True,,0.5310298435144729,False
1000,10,9.688190980482381e-05,True,,0.03782442036077115,True
1000,10,0.014336086564293665,True,,0.9999999999999998,False
1000,10,2.10711355792326e-07,True,,0.8228767884884274,False
1000,10,0.0029349971745449514,True,,0.5345193176349887,False
1000,10,0.0013475573475132667,True,,0.5489134898373719,False
1000,10,6.462646607675875e-06,True,,0.5468255331394816,False
1000,10,0.0007597470342306982,True,,0.3913280455261179,False
1000,10,1.90451937250209e-05,True,,0.6491917082680569,False
1000,10,7.456817711028361e-05,True,,0.6661115774241029,False
1000,10,0.005511070658291014,True,,0.19384476294394704,False
1000,10,0.016854783120015558,True,,0.0520428134033199,False
1000,10,2.5143687908126545e-06,True,,0.6843912387675171,False
1000,10,0.023481226060498576,True,,0.06166926236978849,False
1000,10,0.00019905935653446804,True,,0.7684172763960753,False
1000,10,4.970411579040706e-09,True,,0.37929785791263126,False
1000,10,0.00019798253108696494,True,,0.23548932713889856,False
1000,10,2.2601517854582447e-08,True,,0.5217091247046106,False
1000,10,0.0005082128838857327,True,,0.14936949468199257,False
1000,10,8.606494869063283e-08,True,,0.5372869077937251,False
1000,10,0.10323152848957756,False,,0.4031043123769509,False
1000,10,0.014300847858121574,True,,0.6249360073532793,False
1000,10,3.84024442154215e-05,True,,0.4513652541028689,False
1000,10,3.596200842394823e-05,True,,0.2764693287012993,False
1000,10,0.0025723289909903016,True,,0.22488916301177642,False
1000,10,0.00520960060929329,True,,0.6741934387271125,False
1000,10,0.06259283114958304,False,,0.9606748554565647,False
1000,10,4.285678183729136e-05,True,,0.6697754134119462,False
1000,10,0.0003077848667791075,True,,0.3602613453085315,False
1000,10,1.990364248064382e-07,True,,0.015435884759792991,True
1000,10,0.0009353210938556085,True,,0.6499401295848535,False
1000,10,0.00023349391653116025,True,,0.0745272558045107,False
1000,10,0.00022211213019926378,True,,0.9440846268246023,False
1000,10,0.00010245209249883447,True,,0.7209024329695485,False
1000,10,6.074348465831039e-08,True,,0.011391096886486285,True
1000,10,3.3606291478060136e-05,True,,0.6919272180845283,False
1000,10,0.00029681161237190906,True,,0.38885458862204514,False
1000,10,0.003354202862914172,True,,0.6707919898312839,False
1000,10,0.0024163572663951755,True,,0.4319561759467462,False
1000,10,0.019678944868655835,True,,0.33051958355756633,False
1000,10,0.04269877571251784,True,,0.9479203717616828,False
1000,10,0.00031598860455747034,True,,0.31879196886052696,False
1000,10,0.0016033422433111713,True,,0.7776425275197584,False
1000,10,6.057441528539276e-06,True,,0.7466621218540632,False
1000,10,0.0006977837977140191,True,,0.1365916612276081,False
1000,10,0.0008329990403030005,True,,0.07536102073330847,False
1000,10,1.298091162476688e-05,True,,0.5984236554887887,False
1000,10,7.155825703504839e-05,True,,0.7747149534529474,False
1000,10,0.001275275320108825,True,,0.981091762862546,False
1000,10,1.5030398192631282e-06,True,,0.7190627098333965,False
1000,10,0.002101013822371415,True,,0.5542235343048787,False
1000,10,0.0001533249746777177,True,,0.2310557824479399,False
1000,10,0.00021469807224805602,True,,0.18462735426054694,False
1000,10,0.04870510412697377,True,,0.12922910561920414,False
1000,10,0.0004023233193721857,True,,0.0026936940269547934,True
1000,10,9.52517999336503e-11,True,,0.089056653946742,False
1000,10,0.012937686414371638,True,,0.0481421914446366,True
1000,10,3.5196068493427604e-05,True,,0.12659710907494828,False
1000,10,0.05156769043841017,False,,0.9452783072900456,False
1000,10,0.0003641402394702273,True,,0.6497267987515574,False
1000,10,2.2258366605971965e-05,True,,0.8261733715598468,False
1000,10,4.800189102791425e-09,True,,0.804341647980849,False
