1000,30,0.18842166525211232,False,,0.0008855481395501009,True
1000,30,0.384619506570228,False,,0.0005430339542541676,True
1000,30,0.29081404171326497,False,,0.013257049982092576,True
1000,30,0.17559445857729947,False,,0.029318668303563444,True
1000,30,0.6264469828037449,False,,0.00028095106417133056,True
1000,30,0.08452754456614797,False,,0.024664656072574592,True
1000,30,0.1289506507181385,False,,0.017379427149790384,True
1000,30,0.1461442610090277,False,,0.014201119675717978,True
1000,30,0.13530808550664658,False,,0.004398990311995886,True
1000,30,0.17348705663510036,False,,0.0052898921099592995,True
1000,30,0.051266997879340116,False,,0.01590479152237617,True
1000,30,0.20345293048182764,False,,0.0006254523628844333,True
1000,30,0.36182538072757076,False,,0.0003523324042236655,True
1000,30,0.14791527946903751,False,,0.0015218812325600252,True
1000,30,0.17929276059275273,False,,0.019555413649481553,True
1000,30,0.13261375360221384,False,,0.0022090571770632663,True
1000,30,0.15585631775472675,False,,0.0017667252384030818,True
1000,30,0.20152027921887006,False,,0.032611606713362565,True
1000,30,0.1529372036909152,False,,0.03827205673499197,True
1000,30,0.21704308903795258,False,,0.0018831108285743674,True
1000,30,0.5191857424817654,False,,0.002701648915915368,True
1000,30,0.14143872650682343,False,,0.030362174661759417,True
1000,30,0.25999422681635787,False,,0.03381092266551558,True
1000,30,0.096068820404857,False,,0.12012653243862427,False
1000,30,0.19247268937715276,False,,0.11085642260289044,False
1000,30,0.5060536754379108,False,,0.01717985835258605,True
1000,30,0.23758021558407014,False,,0.009954327295151645,True
1000,30,0.1005826849708077,False,,0.014889725276953217,True
1000,30,0.22545382074735912,False,,0.005257848509886037,True
1000,30,0.2032366899093705,False,,0.031062999007568783,True
1000,30,0.0995954043314366,False,,0.01312743637531742,True
1000,30,0.051344741556464644,False,,0.027057504685782198,True
1000,30,0.37985994180166516,False,,8.697065545046897e-05,True
1000,30,0.3494839148681653,False,,0.00047746124036703486,True
1000,30,0.17094668758090276,False,,0.052654035231738644,False
1000,30,0.12869265027087018,False,,0.026095569637237612,True
1000,30,0.14725351000653583,False,,0.0006972894520556222,True
1000,30,0.1553182369910802,False,,0.0008421891050612447,True
1000,30,0.12539437351261715,False,,0.012853415193109315,True
1000,30,0.029704703482586234,True,,0.1351570792576585,False
1000,30,0.3560174067604446,False,,0.004482871895372263,True
1000,30,0.15682987388345127,False,,0.004328101514555206,True
1000,30,0.18042682164677892,False,,0.0037505537931877358,True
1000,30,0.3935986361322589,False,,0.0012965021230922854,True
1000,30,0.27162547991835667,False,,0.0042425446410086455,True
1000,30,0.2685450624351657,False,,0.0002077402095979269,True
1000,30,0.3183549481607317,False,,0.0023510801177033308,True
1000,30,0.16674159728071303,False,,0.013041976539435646,True
1000,30,0.12236487823308868,False,,0.017742680636240793,True
1000,30,0.3322920657954727,False,,0.0019428407006180665,True
1000,30,0.14832017501577513,False,,0.05426055161610069,False
1000,30,0.19907644571822297,False,,0.01084789275733226,True
1000,30,0.11698538093714725,False,,0.04710379487875557,True
1000,30,0.14217127601458326,False,,0.010569179291977149,True
1000,30,0.5129555068441825,False,,4.015855874157995e-05,True
1000,30,0.5102627778945004,False,,0.011975871335961225,True
1000,30,0.09050445342958324,False,,0.009303834594272078,True
1000,30,0.27670652142872637,False,,0.06674333407008637,False
1000,30,0.2649067621940922,False,,0.002342920435340949,True
1000,30,0.6902460875054148,False,,0.0016836923059788589,True
1000,30,0.5816746612984529,False,,0.010454078012756293,True
1000,30,0.1116137322270783,False,,0.01638358925296721,True
1000,30,0.4979234464295007,False,,0.0037318732279412706,True
1000,30,0.26326094336288297,False,,0.0015820152898551947,True
1000,30,0.08051149787134411,False,,0.022628374669370493,True
1000,30,0.15403707165511848,False,,0.015751759400343616,True
1000,30,0.12263891600230317,False,,0.0034065170170054196,True
1000,30,0.1617768125219093,False,,0.008705938174580666,True
1000,30,0.1032650057977588,False,,0.008905521150350109,True
1000,30,0.12325018944722295,False,,0.02477792230874202,True
1000,30,0.2682288179073215,False,,0.01593756502868769,True
1000,30,0.07638390926889939,False,,0.002663862880219682,True
1000,30,0.17408142346731248,False,,0.0037384918671331184,True
1000,30,0.25197735534790255,False,,0.008809180030424319,True
1000,30,0.4490127006058063,False,,0.003812543928970826,True
1000,30,0.21024144790120783,False,,0.005705074961541205,True
1000,30,0.18981004653302633,False,,0.007253738332645114,True
1000,30,0.19438472475131705,False,,0.000980763299072772,True
1000,30,0.11757593236683518,False,,0.004487140899006895,True
1000,30,0.1303977983820857,False,,0.005942098999736856,True
1000,30,0.21270106486908053,False,,0.014580007978256537,True
1000,30,0.18039992324807544,False,,0.06856840906636494,False
1000,30,0.5505823954138571,False,,0.0027378616579767315,True
1000,30,0.21699041228201885,False,,0.01259728393749201,True
1000,30,0.3070955014463805,False,,0.0017996393299088195,True
1000,30,0.2170158690090194,False,,0.0023304691289314007,True
1000,30,0.23304874741130382,False,,0.0009221907590216137,True
1000,30,0.1416142407931426,False,,0.03426887717796237,True
1000,30,0.28603884108948396,False,,0.014828534124737214,True
1000,30,0.31130075592215684,False,,0.013863806421043807,True
1000,30,0.33982764722138287,False,,0.010062982511170044,True
1000,30,0.42847075116107985,False,,0.002505125578945305,True
1000,30,0.09928381242776048,False,,0.024670627433932682,True
1000,30,0.1100319759815188,False,,0.019256192004945546,True
1000,30,0.037874567116081344,True,,0.010144636087758967,True
1000,30,0.5211124044290338,False,,0.0273944807073402,True
1000,30,0.1680698398759697,False,,0.005700814471954365,True
1000,30,0.07918785944788767,False,,0.005311373708416635,True
1000,30,0.09995039455293708,False,,0.05941649654274476,False
1000,30,0.3763413746587016,False,,0.013364650768016606,True
1000,30,0.23323208465825124,False,,0.0778076958170184,False
1000,30,0.09015968088972791,False,,0.014356232687933361,True
1000,30,0.1281099820721455,False,,0.009434824101956027,True
1000,30,0.20782490591938402,False,,0.02582588750724937,True
1000,30,0.037328065260625085,True,,0.0022609085789979,True
1000,30,0.17208061258154267,False,,0.0033426903720168133,True
1000,30,0.29409844596045204,False,,0.002879466820561974,True
1000,30,0.2619829358585364,False,,0.013341742875439346,True
1000,30,0.5621861161134798,False,,0.008447028933246158,True
1000,30,0.6411352923774305,False,,0.003367922538388587,True
1000,30,0.2538970823951662,False,,0.029541077781685837,True
1000,30,0.0952756935827784,False,,0.01233614461242096,True
1000,30,0.22132474806428798,False,,0.015599152408464198,True
1000,30,0.16229257331694424,False,,0.013721412682618107,True
1000,30,0.15617951167038924,False,,0.015594477272448894,True
1000,30,0.13454806085752816,False,,0.015235801811931715,True
1000,30,0.2450421137807727,False,,0.05353386032673378,False
1000,30,0.09575332614654662,False,,0.015552246281628575,True
1000,30,0.16406538280507663,False,,0.0041161218834806414,True
1000,30,0.19403039013929993,False,,0.0016446487326408012,True
1000,30,0.07703386449077895,False,,0.03823203353967097,True
1000,30,0.31639751275988903,False,,0.0026682659649567278,True
1000,30,0.12576357952919276,False,,0.0020755830661377695,True
1000,30,0.26187007150228797,False,,0.00256349077196298,True
1000,30,0.18266381905521795,False,,0.005757078146486955,True
1000,30,0.011049094489759388,True,,0.004105604656612845,True
1000,30,0.22909764939791566,False,,0.016488032527788406,True
1000,30,0.47476770228288834,False,,0.007191435285172348,True
1000,30,0.30368906971029314,False,,0.004876770060510207,True
1000,30,0.37715019738000105,False,,0.0004952199858471139,True
1000,30,0.36664067326662697,False,,0.005727530663420948,True
1000,30,0.5076317584065286,False,,0.0002298936520158323,True
1000,30,0.19428213847144093,False,,0.04590227410081211,True
1000,30,0.37234852753790365,False,,0.020457861756816815,True
1000,30,0.3936988065787709,False,,0.0055503004064995755,True
1000,30,0.2744886600379077,False,,0.003028347194509067,True
1000,30,0.3188886205083265,False,,0.01584092609353817,True
1000,30,0.08319386435821127,False,,0.017466131682079514,True
1000,30,0.14275162205909125,False,,0.02160170736103368,True
1000,30,0.5434655657334442,False,,0.0027301761481374844,True
1000,30,0.22416802503337552,False,,0.0029144699394493792,True
1000,30,0.34247104162117875,False,,0.0007267241289597787,True
1000,30,0.3619445836272318,False,,0.002059141895365157,True
1000,30,0.2382672782726182,False,,0.008979131163197122,True
1000,30,0.27473487120551165,False,,0.0002702646952217041,True
1000,30,0.0715889748049102,False,,0.0005378121753348668,True
1000,30,0.1127642122541948,False,,0.095391903008194,False
1000,30,0.24482123636652697,False,,0.002674237329577802,True
1000,30,0.34807975737556435,False,,0.003113924190579043,True
1000,30,0.3930411508711853,False,,0.010249886267326503,True
1000,30,0.10487164585761367,False,,0.006289546006684319,True
1000,30,0.3836885015317992,False,,0.0072720132654780925,True
1000,30,0.26380054133943437,False,,0.0785709930046528,False
1000,30,0.13094326879805698,False,,0.007846708735422437,True
1000,30,0.053169956542033,False,,0.013513466192784129,True
1000,30,0.13402747302720436,False,,0.05595095580480319,False
1000,30,0.31663469120653626,False,,0.028640813778668027,True
1000,30,0.6379261768678299,False,,0.004477010116594514,True
1000,30,0.5743512122066553,False,,0.003582799634772087,True
1000,30,0.30703818389947507,False,,0.0045635051972394486,True
1000,30,0.22108542136682138,False,,0.013116509134886956,True
1000,30,0.3291682447831843,False,,0.0017699819881213433,True
1000,30,0.30398215107432525,False,,0.05426884959854569,False
1000,30,0.11402025662366312,False,,0.013186534899765618,True
1000,30,0.30056254755141726,False,,0.0025808951896309725,True
1000,30,0.3580254631193638,False,,0.005140148732536365,True
1000,30,0.2199523975155748,False,,0.055007833438513114,False
1000,30,0.3979264791072578,False,,0.005143421276821581,True
1000,30,0.4994834173134165,False,,0.0012758545320626727,True
1000,30,0.22894906157609904,False,,0.005761719390854321,True
1000,30,0.09234507445119353,False,,0.055145516561373946,False
1000,30,0.06130785825722397,False,,0.01652153302383297,True
1000,30,0.05289185139975286,False,,0.05369727196997457,False
1000,30,0.16003862532205784,False,,0.02875579757860272,True
1000,30,0.13441766376672,False,,0.00035646565492609164,True
1000,30,0.042542485116017194,True,,0.012512789009244669,True
1000,30,0.17783249062209505,False,,0.010999053957636548,True
1000,30,0.08167412205874805,False,,0.0024055586831556197,True
1000,30,0.34890570435609475,False,,0.017240177664879886,True
1000,30,0.44859733288598813,False,,0.019998369160664397,True
1000,30,0.5115394406725912,False,,0.016245388342620605,True
1000,30,0.40216441042733303,False,,0.0034377791441401848,True
1000,30,0.32867021097316335,False,,0.0009335865984642649,True
1000,30,0.5469349135119839,False,,0.029411907196219108,True
1000,30,0.07927140806971719,False,,0.003257459562651025,True
1000,30,0.32707179342378184,False,,0.0007543520352354481,True
1000,30,0.32937143877520947,False,,0.006668307700190682,True
1000,30,0.19777660999432708,False,,0.0025988556665412087,True
1000,30,0.0774796971313489,False,,0.00943282345237626,True
1000,30,0.9417537824934467,False,,0.005794381777760786,True
1000,30,0.7342849250907117,False,,0.001127252464728744,True
1000,30,0.23608609983580423,False,,0.006828946336529719,True
1000,30,0.6526369576145326,False,,0.004300927199417477,True
1000,30,0.06786239801469579,False,,0.013466908309907755,True
1000,30,0.23492685461061372,False,,0.0015543159945449589,True
1000,30,0.3889175129606004,False,,0.0087433485547684,True
1000,30,0.09731143066376831,False,,0.012847923457970133,True
1000,30,0.8965343102749584,False,,0.0007719742730811719,True
1000,30,0.21097671683567695,False,,0.0038749842049228384,True
1000,30,0.17034484112338197,False,,0.010104026632252532,True
1000,30,0.19496586213060751,False,,0.043688981382566404,True
1000,30,0.08934032357956467,False,,0.01918469306926193,True
1000,30,0.2239519217486633,False,,0.006802126667556547,True
1000,30,0.12406488511256367,False,,0.057873538873129016,False
1000,30,0.10272085068764465,False,,0.023909018848046148,True
1000,30,0.26942825871820214,False,,0.00642949671185234,True
1000,30,0.11523392974864408,False,,0.1963822136767154,False
1000,30,0.1724326287767083,False,,0.008762165455729436,True
1000,30,0.07307419663377399,False,,0.00020374008048925507,True
1000,30,0.05368811131212714,False,,0.021398947158223016,True
1000,30,0.07038207340412846,False,,0.00120372552974363,True
1000,30,0.21727800026106134,False,,0.00010865454221843941,True
1000,30,0.06260062445950886,False,,0.028502763839464422,True
1000,30,0.1618469081555992,False,,0.003023662684490839,True
1000,30,0.3880371249601274,False,,0.0223044214051743,True
1000,30,0.3048491657273206,False,,0.004075842482951132,True
1000,30,0.032488112473499586,True,,0.04029898399235847,True
1000,30,0.05009174288951718,False,,0.014724782002063317,True
1000,30,0.3247565752263583,False,,0.018502776041443042,True
1000,30,0.3342984126428125,False,,0.00015500437710544638,True
1000,30,0.13247458543861718,False,,0.0040175340937689845,True
1000,30,0.3657749281254607,False,,0.003368397221653516,True
1000,30,0.1758972940903386,False,,0.011370499963443716,True
1000,30,0.11019090770631096,False,,0.027605189811644292,True
1000,30,0.03829731070595153,True,,0.01369638270850209,True
1000,30,0.32844969071228686,False,,0.010603513422712985,True
1000,30,0.18082088733034193,False,,0.015759076306971324,True
1000,30,0.0812827221906651,False,,0.016315042979798754,True
1000,30,0.1364326876206219,False,,0.20051802118971074,False
1000,30,0.2140670058819663,False,,0.005504668116164034,True
1000,30,0.10664577481582746,False,,0.03625956345619933,True
1000,30,0.16133949683443877,False,,0.02321107514755621,True
1000,30,0.18213929546719607,False,,0.010824388500730042,True
1000,30,0.1475939919026795,False,,0.02373504982549717,True
1000,30,0.02836176723753474,True,,0.01733636794348067,True
1000,30,0.263875503123209,False,,0.019713248553056638,True
1000,30,0.131183907017623,False,,0.07814515983138198,False
1000,30,0.23447773932318797,False,,0.020585495007132328,True
1000,30,0.07151478214419636,False,,0.15728542693764408,False
1000,30,0.07761198050666092,False,,0.012799669476603917,True
1000,30,0.06756822137740211,False,,0.027406343890508344,True
1000,30,0.27788032780804367,False,,0.031567985708134697,True
1000,30,0.12235360330684329,False,,0.0016012269704630373,True
1000,30,0.5020848194415062,False,,0.015934285742289025,True
1000,30,0.054897585707139165,False,,0.007268996737920487,True
1000,30,0.11045260286578241,False,,0.007807376284874075,True
1000,30,0.6459340717396233,False,,0.006860596670559687,True
1000,30,0.034964854541772554,True,,0.00484738286183697,True
1000,30,0.20028850885202382,False,,0.0571844335207533,False
1000,30,0.38801236382987625,False,,0.01934504516865283,True
1000,30,0.6429611088764229,False,,0.010330470116965737,True
1000,30,0.1699783502840837,False,,0.0053436628708177746,True
1000,30,0.08150612756396411,False,,0.010140428973378749,True
1000,30,0.06258590250261488,False,,0.022326945141746272,True
1000,30,0.07638289827060733,False,,0.012491041305203303,True
1000,30,0.15461706307198742,False,,0.049951769738737835,True
1000,30,0.1004399594344089,False,,0.004448845172727482,True
1000,30,0.022901111625268252,True,,0.010158489041790286,True
1000,30,0.07779277967497504,False,,0.04317422446142078,True
1000,30,0.1934600832841361,False,,0.07023630034249835,False
1000,30,0.2702700389299537,False,,0.002059232443248338,True
1000,30,0.13022692242265665,False,,0.015019560271119971,True
1000,30,0.5073145847034213,False,,0.0020967453671852446,True
1000,30,0.37518245703787245,False,,0.0004831215837982991,True
1000,30,0.49218245319854026,False,,0.002299721602357299,True
1000,30,0.10555135550763899,False,,0.04822853084629172,True
1000,30,0.3216423371888229,False,,0.014186574097075084,True
1000,30,0.21606483550837263,False,,0.0022494340650184757,True
1000,30,0.28527669265135397,False,,0.01947326075278446,True
1000,30,0.3563884672063333,False,,0.02785234609406323,True
1000,30,0.15877314790065641,False,,0.032404689139879005,True
1000,30,0.3640939962213593,False,,0.0004197506046410576,True
1000,30,0.23490561867069423,False,,0.0013733685967202607,True
1000,30,0.3341518453912053,False,,0.0014938800737182422,True
1000,30,0.08148073044248033,False,,0.03697012414822043,True
1000,30,0.18834733225058525,False,,0.0012844174245719635,True
1000,30,0.14186465351943825,False,,0.00407681951895051,True
1000,30,0.2826594770002808,False,,0.00048355883253406424,True
1000,30,0.22557026244177777,False,,0.01333379386336813,True
1000,30,0.2876047755263544,False,,0.00876640070802393,True
1000,30,0.04673174690354962,True,,0.05223627120458736,False
1000,30,0.4224984843119146,False,,0.019268069658424,True
1000,30,0.14784048825224635,False,,0.024364835094625656,True
1000,30,0.06480190135732032,False,,0.0009765673238390673,True
1000,30,0.06730526308335437,False,,0.003111980974278009,True
1000,30,0.2019947780581705,False,,0.04750038598686436,True
1000,30,0.7032644576532722,False,,0.007209833230557194,True
1000,30,0.37823157563857634,False,,0.005925382933062468,True
1000,30,0.09225461316558672,False,,0.00666076105832536,True
1000,30,0.11320552477411258,False,,0.004842944954695152,True
1000,30,0.24017090704227637,False,,0.012921694333482916,True
1000,30,0.15256058711132342,False,,0.05412805729163975,False
1000,30,0.33957477921460477,False,,0.001475862492535185,True
1000,30,0.731452560176606,False,,0.0032100932085055277,True
1000,30,0.09636733486803817,False,,0.13405202232790958,False
1000,30,0.4837144955146416,False,,0.08804115776472601,False
1000,30,0.3132813500367991,False,,0.01639589171132266,True
1000,30,0.6695334903354246,False,,0.00032051384506973123,True
1000,30,0.19287255477787793,False,,6.590499610534068e-05,True
1000,30,0.05974666186920285,False,,5.929619208390132e-05,True
1000,30,0.2114303850890112,False,,0.002562004161013042,True
1000,30,0.0904449909785587,False,,0.006755399919570983,True
1000,30,0.16321722782534584,False,,0.005309184174558337,True
1000,30,0.17972188295006872,False,,0.0014824400744672089,True
1000,30,0.16107269542643607,False,,0.004867468525335736,True
1000,30,0.3749270785315556,False,,0.016824698609809514,True
1000,30,0.05408935225716669,False,,0.023926651671054792,True
1000,30,0.022635170570911096,True,,0.03913796369970517,True
1000,30,0.18780169914304545,False,,0.019437943789050924,True
1000,30,0.2833328550695045,False,,0.04628677854392012,True
1000,30,0.12361104985593016,False,,0.0018606912993186422,True
1000,30,0.07548405240321034,False,,0.05617027505312068,False
1000,30,0.2755257110599475,False,,0.013058829562722085,True
1000,30,0.09133471941556032,False,,0.02975760567548846,True
1000,30,0.050656117488879375,False,,0.023779266002602616,True
1000,30,0.37918611386762424,False,,0.014699396752650244,True
1000,30,0.3903957992383438,False,,0.02910698644254192,True
1000,30,0.3643022940390381,False,,0.005329733250925073,True
1000,30,0.06041024124941957,False,,0.036815884084426646,True
1000,30,0.19299172620361665,False,,0.0036749451294271368,True
1000,30,0.31087622081246125,False,,0.005734441489305577,True
1000,30,0.31237526001414745,False,,0.006831565604278358,True
1000,30,0.25738150981883295,False,,7.11774732074637e-05,True
1000,30,0.09691103295755857,False,,0.007051241367069883,True
1000,30,0.15124925639121553,False,,0.003005029457024224,True
1000,30,0.14495889157039996,False,,0.026448471621835883,True
1000,30,0.4543519763520674,False,,0.002057831554214205,True
1000,30,0.08275432988218905,False,,0.009601111014020555,True
1000,30,0.4594861292087852,False,,0.002278586582391993,True
1000,30,0.7728783144037974,False,,0.005626389878094257,True
1000,30,0.2014082292977569,False,,0.004894466213102616,True
1000,30,0.7289506444563216,False,,0.00020724175247988712,True
1000,30,0.18909918024008948,False,,0.021632067346393568,True
1000,30,0.12718363181829237,False,,0.0003538348673870465,True
1000,30,0.023444666793937308,True,,0.11553541261709371,False
1000,30,0.6256989874093841,False,,0.01023721061208999,True
1000,30,0.10132870823375889,False,,0.004278993802652362,True
1000,30,0.6034407184909281,False,,0.035892572480026357,True
1000,30,0.15490204156251786,False,,0.007142447309358686,True
1000,30,0.7168610830784632,False,,0.006406003926330203,True
1000,30,0.21120452026223924,False,,0.004367882980404251,True
1000,30,0.738521912124128,False,,0.038678250603019645,True
1000,30,0.11969591161355668,False,,0.23264169267080465,False
1000,30,0.1744195579120192,False,,0.012924762543700157,True
1000,30,0.5326786481369522,False,,0.02785711278571548,True
1000,30,0.24559460373669056,False,,0.02479577195811391,True
1000,30,0.21143375359686425,False,,0.001462926597123619,True
1000,30,0.21383031282166434,False,,0.004797757399361545,True
1000,30,0.08883622686783367,False,,0.022094427003821412,True
1000,30,0.16552021612356868,False,,0.004066474808860678,True
1000,30,0.25032911279647874,False,,0.11164464224980424,False
1000,30,0.03413423464669065,True,,0.06030824231309419,False
1000,30,0.09244164502688176,False,,0.12138773148605697,False
1000,30,0.25979644511304056,False,,0.008970066523668713,True
1000,30,0.3606218691665811,False,,0.03205874548663216,True
1000,30,0.22928911294227516,False,,0.004897996815596326,True
1000,30,0.30137463437737255,False,,0.01667799008606618,True
1000,30,0.29690258130036407,False,,0.014804426009231814,True
1000,30,0.3842578586375024,False,,0.00816360799611468,True
1000,30,0.384716050832325,False,,0.06551043961632819,False
1000,30,0.225718512812302,False,,0.034858541495232376,True
1000,30,0.4247322383638768,False,,0.019620283648320292,True
1000,30,0.1013588667070855,False,,0.006835712087006788,True
1000,30,0.2279643410341281,False,,0.060342487827573246,False
1000,30,0.05308179968722471,False,,0.09784686698554532,False
1000,30,0.1226845598586187,False,,0.004412418514020014,True
1000,30,0.17207212626796747,False,,0.01710402722913119,True
1000,30,0.19415193001177716,False,,0.04435239249068312,True
1000,30,0.3728999578816086,False,,0.013803332444276227,True
1000,30,0.19677213971004143,False,,0.0023759683762637667,True
1000,30,0.2560986685945365,False,,0.003512693469242444,True
1000,30,0.5371740208080156,False,,0.01965095004844072,True
1000,30,0.1740412706912616,False,,0.05796225484957827,False
1000,30,0.31402929916472333,False,,0.007474233050294838,True
1000,30,0.2135152345219022,False,,0.008158350187297563,True
1000,30,0.07247211185335171,False,,0.004592180254121514,True
1000,30,0.4163538258063131,False,,0.020015521337716495,True
1000,30,0.29143073189380875,False,,0.03543668850301843,True
1000,30,0.13295565947028232,False,,0.01069428518123612,True
1000,30,0.6052519673799901,False,,0.0011024498000167429,True
1000,30,0.09288703168448498,False,,0.002202078134734187,True
1000,30,0.07043790265011336,False,,0.0006440487264006947,True
1000,30,0.9233634197460785,False,,0.010864246092330394,True
1000,30,0.2562027248990152,False,,0.002995431429654712,True
1000,30,0.5967230894774901,False,,0.008485500838689793,True
1000,30,0.1885875102994005,False,,0.13215629723495356,False
1000,30,0.06467036216058798,False,,0.03950850898824095,True
1000,30,0.34435796441816663,False,,0.0013784625865162477,True
1000,30,0.16759900493810898,False,,0.0431459315333484,True
1000,30,0.0661882648275316,False,,0.028124126655637967,True
1000,30,0.3619247810926528,False,,0.008515807475555791,True
1000,30,0.29354580618407844,False,,0.03437990276798813,True
1000,30,0.3046963205162094,False,,0.06775151108544207,False
1000,30,0.4760705593321128,False,,0.005013995226948569,True
1000,30,0.21989399930369805,False,,0.004071520866598151,True
1000,30,0.26361205163830764,False,,0.008630565395176922,True
1000,30,0.1809023543713365,False,,0.07188105674990572,False
1000,30,0.17067363534783786,False,,0.009896517099557248,True
1000,30,0.33638466078873847,False,,0.021551848338788097,True
1000,30,0.5365745191767313,False,,0.003531143544701814,True
1000,30,0.26215768243112786,False,,0.03575750173469744,True
1000,30,0.08483075826330012,False,,0.14187524631737558,False
1000,30,0.12886660241492665,False,,0.014259899424948963,True
1000,30,0.10353687437045217,False,,0.04786306536847336,True
1000,30,0.1356032382091633,False,,0.03203407433370037,True
1000,30,0.09980918405368104,False,,0.002768340257744316,True
1000,30,0.009305462575706434,True,,0.05785671221928924,False
1000,30,0.3511291409794331,False,,0.00018946218458494314,True
1000,30,0.28684979270905814,False,,0.008708501493125643,True
1000,30,0.22991184500443798,False,,0.010040201160159735,True
1000,30,0.1453710790594405,False,,0.008790155251264255,True
1000,30,0.25408446148925506,False,,0.05288079076062816,False
1000,30,0.1431105475110203,False,,0.10190416291026064,False
1000,30,0.1453223681842247,False,,0.023993536466527538,True
1000,30,0.17408863669196958,False,,0.02700918750435902,True
1000,30,0.10841348544767537,False,,0.025092952811844288,True
1000,30,0.10000301605758874,False,,0.09095600041657893,False
1000,30,0.4364671585655482,False,,0.0019416784640409951,True
1000,30,0.06086958378120268,False,,0.06548518446350422,False
1000,30,0.05702655329828728,False,,0.08439013915281894,False
1000,30,0.23964923487365722,False,,0.005701699636724549,True
1000,30,0.13849231819983876,False,,0.04526626743761623,True
1000,30,0.33354034999491183,False,,0.00504199700541018,True
1000,30,0.07589849513087964,False,,0.02945247598255565,True
1000,30,0.6336314031050172,False,,0.039121337905688565,True
1000,30,0.33807931296891386,False,,0.001295417222728577,True
1000,30,0.2552990261443164,False,,0.001549263592579939,True
1000,30,0.3552110961895743,False,,0.006784082256542993,True
1000,30,0.10398321096981254,False,,0.021701758176145905,True
1000,30,0.4623449251815297,False,,0.0009575359513952006,True
1000,30,0.32596717086603894,False,,0.06381140486388691,False
1000,30,0.20979013453835213,False,,0.023756695517268042,True
1000,30,0.2631562993136974,False,,0.007409399304418784,True
1000,30,0.1416891820723333,False,,0.014904111079702449,True
1000,30,0.1352484628411544,False,,0.019882538017227648,True
1000,30,0.43818949679932045,False,,0.007375050429305125,True
1000,30,0.16470133521034183,False,,0.0043359275735376365,True
1000,30,0.3725415157548321,False,,0.00014193331266946618,True
1000,30,0.0960746062064067,False,,0.03596543305067381,True
1000,30,0.04174859528195914,True,,0.00892664626754271,True
1000,30,0.05541258712995744,False,,0.01066380040685234,True
1000,30,0.13223224271295067,False,,0.0011829345766604833,True
1000,30,0.45391336805406873,False,,0.006902657771469716,True
1000,30,0.16757957150254071,False,,0.00014385772805290591,True
1000,30,0.07460456349183468,False,,0.02336157079273574,True
1000,30,0.6180030767582576,False,,0.001390099124618951,True
1000,30,0.1505055075865671,False,,0.00043227363852512665,True
1000,30,0.367516084349319,False,,0.021826804664688202,True
1000,30,0.09713077072183188,False,,0.013691519690257755,True
1000,30,0.1474285091603324,False,,0.004499296304887751,True
1000,30,0.07599466567240906,False,,0.01690069627735928,True
1000,30,0.15493732714048974,False,,0.003898829993790196,True
1000,30,0.12343046827780882,False,,0.01942547509747938,True
1000,30,0.8231401059570815,False,,0.009054382288364662,True
1000,30,0.1452260818285685,False,,0.004505884564257748,True
1000,30,0.11232878535636337,False,,0.011086547659499282,True
1000,30,0.42561064607935034,False,,0.003752474385285735,True
1000,30,0.1366600704010636,False,,0.0027657278506256515,True
1000,30,0.209682965480853,False,,0.0073964126419682925,True
1000,30,0.39842812840174696,False,,0.0005410915639880591,True
1000,30,0.2913081782538149,False,,0.010825835256984575,True
1000,30,0.20775773817474216,False,,0.01733770473407527,True
1000,30,0.18192454992510873,False,,0.01589445897070909,True
1000,30,0.3531795130302398,False,,0.008599859210682544,True
1000,30,0.4317440084743863,False,,0.059303700737999225,False
1000,30,0.14991169456652795,False,,0.002174373498488053,True
1000,30,0.12205557817038619,False,,0.028427790378702966,True
1000,30,0.35475868281331624,False,,0.008964465536195817,True
1000,30,0.44187003756382,False,,0.02336119700635621,True
1000,30,0.23568467936125825,False,,0.017717159363125283,True
1000,30,0.25742400451366143,False,,0.04619605964612279,True
1000,30,0.08733498896775169,False,,0.015033722225418782,True
1000,30,0.19288260593833426,False,,0.046840350006931854,True
1000,30,0.12225812377576253,False,,0.010861132187346035,True
1000,30,0.1471786121819082,False,,0.015598704537642729,True
1000,30,0.04812465450821618,True,,0.018541189918947112,True
1000,30,0.35459303690423716,False,,0.006525690533926872,True
1000,30,0.7117539874728874,False,,0.012425027161477871,True
1000,30,0.2201404264694396,False,,0.014385371076344026,True
1000,30,0.2208883839257482,False,,0.005925995650921906,True
1000,30,0.13598411294807275,False,,0.014844980240041245,True
1000,30,0.19324528517091147,False,,0.04232453932047673,True
1000,30,0.3080046523669992,False,,0.006882856485881904,True
1000,30,0.10995913183776294,False,,0.006507704598394156,True
1000,30,0.5628362375117091,False,,0.0076348722531471335,True
1000,30,0.03180879567627048,True,,0.003156926115974663,True
1000,30,0.13918574298968353,False,,0.001370084975655147,True
1000,30,0.335497742949376,False,,0.019636296949884276,True
1000,30,0.34720887319547455,False,,0.013759491199486804,True
1000,30,0.1271090825245912,False,,0.04104339196852339,True
1000,30,0.235029933340406,False,,0.0235536307190811,True
1000,30,0.13800244701212672,False,,0.04344459594640567,True
1000,30,0.36560260325429655,False,,0.0016027864139494653,True
1000,30,0.11739434545475312,False,,0.061148511277840746,False
1000,30,0.04289054490921101,True,,0.00229459367613663,True
1000,30,0.7287858961787627,False,,0.009905993721249718,True
1000,30,0.5673694034847676,False,,0.004126203868082704,True
1000,30,0.050857261051941396,False,,0.10066819222629608,False
1000,30,0.13672753258515427,False,,0.007708777058722856,True
1000,30,0.014828120293558972,True,,0.025254414676376763,True
1000,30,0.22507755806673907,False,,0.020808892361279228,True
1000,30,0.04475070662974517,True,,0.009956978016453942,True
1000,30,0.3259886249885514,False,,0.05711216694741168,False
1000,30,0.22091096956000789,False,,0.007941659336452841,True
1000,30,0.46820457771671187,False,,0.008180061606232322,True
1000,30,0.14639932865502275,False,,0.004985474957226238,True
1000,30,0.38710816305955237,False,,0.02407980669383407,True
1000,30,0.14981951040778785,False,,0.0707975811495092,False
1000,30,0.24536988755514394,False,,0.032964813103491634,True
1000,30,0.35739454756067573,False,,0.00917707683866846,True
1000,30,0.3528436138026027,False,,0.0011666784999525073,True
1000,30,0.02167502506356727,True,,0.021532559178694698,True
1000,30,0.22660617342385692,False,,0.12026552289235912,False
1000,30,0.3156809566231887,False,,0.007438493178996401,True
1000,30,0.3264239114102392,False,,0.0048001146469405015,True
1000,30,0.0914635688518306,False,,0.03012125088301844,True
1000,30,0.16906180165547505,False,,0.015142252177372204,True
1000,30,0.7573341660058438,False,,0.0017659739478394962,True
1000,30,0.4270333774853703,False,,0.0013760626594152255,True
1000,30,0.16892935483667593,False,,0.00924354006884244,True
1000,30,0.08036118552666477,False,,0.07418491528699105,False
1000,30,0.5839416403308626,False,,0.005998382670252687,True
1000,30,0.3911993015297646,False,,0.03175130498225553,True
1000,30,0.08414312511312479,False,,0.004811901976552195,True
1000,30,0.18048341794635872,False,,0.01564493294548976,True
1000,30,0.10187692977822661,False,,0.023723947733063,True
1000,30,0.11917887763111869,False,,0.006311584691696141,True
1000,30,0.3033816342593417,False,,0.0075671733782169985,True
1000,30,0.35893930546751934,False,,0.007628328564376197,True
1000,30,0.05983493233784712,False,,0.04257569141656517,True
1000,30,0.24811512303670621,False,,0.00046303881547572696,True
1000,30,0.18328782331564786,False,,0.00525403149724276,True
1000,30,0.19294255131565557,False,,0.008989334056570791,True
1000,30,0.5418971805568304,False,,0.0026398772426215983,True
1000,30,0.19176392799236752,False,,0.019228285292759682,True
1000,30,0.16853370982826368,False,,0.0017174898567610764,True
1000,30,0.10002337283296005,False,,0.039465173939222,True
1000,30,0.09385168167234241,False,,0.0035735767867166057,True
1000,30,0.30701529935362964,False,,0.007690286572135579,True
1000,30,0.09426776075998798,False,,0.009126585867573422,True
1000,30,0.2098363788609988,False,,0.009116707130363132,True
1000,30,0.33268451420954487,False,,0.02684520752269616,True
1000,30,0.34997142689570054,False,,0.00852651969447098,True
1000,30,0.26678256014390656,False,,0.047492922572529156,True
1000,30,0.9264813007877755,False,,0.0017743535528618227,True
1000,30,0.22282816227881688,False,,0.004578154203560288,True
1000,30,0.15839766663229565,False,,0.02082431997550996,True
1000,30,0.10394797559708802,False,,0.004704531293745354,True
1000,30,0.17568531482690128,False,,0.06437920830741621,False
1000,30,0.2175668416467123,False,,0.004758463343243982,True
1000,30,0.3761094482965481,False,,0.002279490940087709,True
1000,30,0.15250372623700242,False,,0.0075531169842505295,True
1000,30,0.2671159272606386,False,,0.048060615518647626,True
1000,30,0.4966220400870842,False,,0.022609524465406417,True
1000,30,0.2015632031658085,False,,0.011283042197960337,True
1000,30,0.23377511581408197,False,,0.0007680767098158333,True
1000,30,0.2453910917864367,False,,0.005239423477102296,True
1000,30,0.04480422190945972,True,,0.0185998907377205,True
1000,30,0.4234032682211685,False,,0.0025957963538245647,True
1000,30,0.07005673562187592,False,,0.28282948048992496,False
1000,30,0.08000857554195895,False,,0.00157914731447385,True
1000,30,0.26431303925711036,False,,0.016978845612000328,True
1000,30,0.14686675982252595,False,,0.06540948316508313,False
1000,30,0.3384010363210063,False,,0.002134378868645874,True
1000,30,0.19494932497459777,False,,0.00427064695327609,True
1000,30,0.39610689624212453,False,,0.021470990593626445,True
1000,30,0.29237716208585723,False,,0.001779737420414301,True
1000,30,0.08153464346999328,False,,0.008666264884820588,True
1000,30,0.46418752416573716,False,,0.005857313135274175,True
1000,30,0.2764043842786403,False,,0.0031358427405588146,True
1000,30,0.06201603560305053,False,,0.0063481788685843385,True
1000,30,0.06648725669243115,False,,0.002022613191257398,True
1000,30,0.14731768890691374,False,,0.006722315860356997,True
1000,30,0.057735016823075254,False,,0.05208676262107103,False
1000,30,0.10000745539657138,False,,0.0003144876321449516,True
1000,30,0.13395849352521416,False,,0.020333268232706026,True
1000,30,0.31920556692466917,False,,0.0023519034667935147,True
1000,30,0.29742452936492053,False,,0.06490627109183277,False
1000,30,0.19038604772715312,False,,0.016454211549430157,True
1000,30,0.16437416025081084,False,,0.0613610922003298,False
1000,30,0.6520811360259098,False,,0.021914261273643976,True
1000,30,0.0841860988081462,False,,0.06827482958641831,False
1000,30,0.10783775590478367,False,,0.003887039975101528,True
1000,30,0.6229012865566321,False,,0.03923071803837928,True
1000,30,0.4451749308136413,False,,0.003510267175916557,True
1000,30,0.2428326008104806,False,,0.015598765517475903,True
1000,30,0.3878233819365428,False,,0.023919751472492416,True
1000,30,0.1559585208243047,False,,0.05803983716434978,False
1000,30,0.135906220970842,False,,0.016752806589731266,True
1000,30,0.758537499843405,False,,0.03328908716487514,True
1000,30,0.7264990985062267,False,,0.006322960393232763,True
1000,30,0.0883139466884442,False,,0.019046447385136295,True
1000,30,0.2544024881638374,False,,0.027633683929381536,True
1000,30,0.07120122286455258,False,,0.009563884118560066,True
1000,30,0.4000364236344532,False,,0.004933634459139523,True
1000,30,0.16048351461624996,False,,0.012001648770300261,True
1000,30,0.022584198807939458,True,,0.00556764083687626,True
1000,30,0.13046716672970038,False,,0.023464224264374386,True
1000,30,0.19467721620471193,False,,0.01949007443717068,True
1000,30,0.03219286263961134,True,,0.14040019668465026,False
1000,30,0.1607801661814312,False,,0.0036873180511569287,True
1000,30,0.28942607508125195,False,,0.019989448275835448,True
1000,30,0.2008924004470358,False,,0.002889446695925133,True
1000,30,0.14319561788762772,False,,0.02170399244215451,True
1000,30,0.17888695080999792,False,,0.0018159494670390403,True
1000,30,0.05187522828844089,False,,0.017409623478113374,True
1000,30,0.27356343552306056,False,,0.004298270986138456,True
1000,30,0.35634604405407605,False,,0.025423736253634855,True
1000,30,0.25668871004717864,False,,0.004818979531142161,True
1000,30,0.2425850246181722,False,,0.008523414297346833,True
1000,30,0.34255125744833975,False,,0.0005100680781119917,True
1000,30,0.2264292080437189,False,,0.0029634801883487204,True
1000,30,0.02671991561969652,True,,0.15459231678715296,False
1000,30,0.2593161272585834,False,,0.03635847925006389,True
1000,30,0.04853512762430655,True,,0.0333036742252646,True
1000,30,0.8262951219300037,False,,0.0021965047618630242,True
1000,30,0.06267348255027402,False,,0.006254226178225317,True
1000,30,0.1407955031594608,False,,0.0018379404992811383,True
1000,30,0.12576725544202227,False,,0.017329544488370575,True
1000,30,0.14233940979757162,False,,0.0011350881572021617,True
1000,30,0.0753857752407698,False,,0.03298060765263328,True
1000,30,0.05336925204001258,False,,0.007338987320567825,True
1000,30,0.10751855572696699,False,,0.012405314776529995,True
1000,30,0.11447475508646646,False,,0.003963669725794301,True
1000,30,0.10574766925952404,False,,0.0009604335779268044,True
1000,30,0.31119400521999274,False,,0.013828279196565436,True
1000,30,0.28733118838639893,False,,0.049462149979871826,True
1000,30,0.057495060354077636,False,,0.0027462453510329475,True
1000,30,0.025679512824992392,True,,0.012532099396451418,True
1000,30,0.051735692106706116,False,,0.012681074756997847,True
1000,30,0.4470110379818025,False,,0.017737072947426324,True
1000,30,0.18451074346769866,False,,4.6973685539618785e-05,True
1000,30,0.24661671011004788,False,,0.0014105360493472286,True
1000,30,0.12051120249694217,False,,0.026360623069025996,True
1000,30,0.15029472300205118,False,,0.007660993174433906,True
1000,30,0.19594904676788075,False,,0.007935799580594,True
1000,30,0.2098010129844256,False,,0.06492960570118692,False
1000,30,0.2482122426413219,False,,0.0032190600797730395,True
1000,30,0.34721722292866336,False,,0.0022448533185040567,True
1000,30,0.26285708878090014,False,,0.003071500601302763,True
1000,30,0.15886313588253306,False,,0.04492725162814675,True
1000,30,0.3489082479223475,False,,0.007536685278214766,True
1000,30,0.31708383203999446,False,,0.018494961452501214,True
1000,30,0.25701129245812077,False,,0.035905238221869404,True
1000,30,0.3685894054847215,False,,1.8232555076239755e-06,True
1000,30,0.10065020567609159,False,,0.10288057126053857,False
1000,30,0.0788605573675034,False,,0.03549121319951417,True
1000,30,0.0546709125582572,False,,0.08126384009723461,False
1000,30,0.1530391528263519,False,,0.0029259350351404983,True
1000,30,0.4173936069348534,False,,0.01752087917481373,True
1000,30,0.061767383919259,False,,0.006119369594497757,True
1000,30,0.14258446076214779,False,,0.010508833333020023,True
1000,30,0.08320395076317141,False,,0.01483932263275023,True
1000,30,0.4148551210790605,False,,0.002458289808960829,True
1000,30,0.16063324810219354,False,,0.00031946401844095134,True
1000,30,0.15635366844461102,False,,0.01709067280296497,True
1000,30,0.25366309538854265,False,,0.052186877050191,False
1000,30,0.11075986479680844,False,,0.061761860978086745,False
1000,30,0.11091992179175611,False,,0.012648708637347923,True
1000,30,0.16489298982205827,False,,0.021929249891566173,True
1000,30,0.1194332660647697,False,,0.051574294600646595,False
1000,30,0.05459515472953095,False,,0.018932255125716297,True
1000,30,0.4894306070581985,False,,0.001507882233428611,True
1000,30,0.2615055335653971,False,,0.0002894870083098988,True
1000,30,0.2900675427723719,False,,0.039812686569884306,True
1000,30,0.19610843445048412,False,,0.08697277571345524,False
1000,30,0.05921332076807992,False,,0.029182076253706977,True
1000,30,0.0651107543905339,False,,0.0025811591311631315,True
1000,30,0.07455746784168635,False,,0.03465288796609347,True
1000,30,0.15989287143604566,False,,0.0010216006180774268,True
1000,30,0.07336588931049665,False,,0.0608162958501217,False
1000,30,0.23277781055736085,False,,0.027975518491389906,True
1000,30,0.21617161074318625,False,,0.019041146790553028,True
1000,30,0.0443525654274222,True,,0.01161787886356395,True
1000,30,0.3117892634698562,False,,0.005589615532639677,True
1000,30,0.5170826571159242,False,,0.016703044209789387,True
1000,30,0.08111325835446405,False,,0.0017223035027454112,True
1000,30,0.09415322183361051,False,,0.0003084451567729981,True
1000,30,0.1511934446754025,False,,0.09052790839528563,False
1000,30,0.3950458685992681,False,,0.00025484079664326746,True
1000,30,0.5068851827336681,False,,0.00440027402617614,True
1000,30,0.34724672555254543,False,,0.0013841684395867486,True
1000,30,0.07716005592961742,False,,0.02359968242531022,True
1000,30,0.4355407117524211,False,,0.008863151815957914,True
1000,30,0.0821603090702902,False,,0.01616484052975541,True
1000,30,0.6252456600604965,False,,0.0033462697764925255,True
1000,30,0.5414952690494175,False,,0.010562868917254883,True
1000,30,0.5992279971937904,False,,0.0013318887062385382,True
1000,30,0.09106925129928291,False,,0.014622698943026008,True
1000,30,0.22686292196894192,False,,6.461409524977214e-05,True
1000,30,0.32207911653280646,False,,0.003554070473854224,True
1000,30,0.40103192087375883,False,,0.005941065594814307,True
1000,30,0.41485037305574346,False,,0.02024485312303852,True
1000,30,0.31300550622156903,False,,0.004766710827485703,True
1000,30,0.12415666119960846,False,,0.05750816556778358,False
1000,30,0.204811661329584,False,,0.008698009105433113,True
1000,30,0.3474244954623643,False,,0.007064482673913452,True
1000,30,0.17418064471654346,False,,0.0010070647701790432,True
1000,30,0.03651616572751438,True,,0.02631560944371616,True
1000,30,0.5575880331697081,False,,0.0016862809562410873,True
1000,30,0.12752152164920372,False,,0.00961070515745231,True
1000,30,0.09669306784167968,False,,0.03473557575210193,True
1000,30,0.20839041771537942,False,,0.013818117708538174,True
1000,30,0.14464006275133034,False,,0.001958800569147215,True
1000,30,0.1647138495823819,False,,0.007834732355389566,True
1000,30,0.06665222271584653,False,,0.0021920915321209534,True
1000,30,0.3209352213488438,False,,0.00029143115619231243,True
1000,30,0.13364002078188314,False,,0.0014479309200893427,True
1000,30,0.1917950589720342,False,,0.007557504624531755,True
1000,30,0.07412029590879173,False,,0.10122384772949508,False
1000,30,0.2639298503217656,False,,0.02044765585032511,True
1000,30,0.10219131409926269,False,,0.0008649213046887029,True
1000,30,0.16125470425087796,False,,0.008272921779953138,True
1000,30,0.11818913753840919,False,,0.08354696492215573,False
1000,30,0.33583217354333944,False,,0.0020790761190190607,True
1000,30,0.06893241113812773,False,,0.007835210340808316,True
1000,30,0.12993522256571424,False,,0.017188702168975643,True
1000,30,0.10798755806158722,False,,0.005131823691996352,True
1000,30,0.4307078305732774,False,,0.014649097746945153,True
1000,30,0.22524099382271473,False,,0.014575484171449484,True
1000,30,0.08352820508969867,False,,0.006985356323303774,True
1000,30,0.19862053344169336,False,,0.019261953186871735,True
1000,30,0.18214395198110872,False,,0.005420018733962237,True
1000,30,0.3561102098160582,False,,0.002341450558235879,True
1000,30,0.0733711142839376,False,,0.03176960486316842,True
1000,30,0.06252207882079404,False,,0.01337706169713405,True
1000,30,0.2476386150571311,False,,0.004967625209175456,True
1000,30,0.3400441536660067,False,,0.005847469325541413,True
1000,30,0.29647195832693873,False,,0.016797707989329683,True
1000,30,0.10425609556676103,False,,0.0233453632440491,True
1000,30,0.23246340904348808,False,,0.003072730565094004,True
1000,30,0.12519537319656177,False,,0.03026266114512392,True
1000,30,0.24477984644520928,False,,0.00589901756063356,True
1000,30,0.7085629953764521,False,,0.03591572394676213,True
1000,30,0.12326460499390429,False,,0.019017333621211573,True
1000,30,0.20133708413068843,False,,0.06655849904912832,False
1000,30,0.1792419824960553,False,,0.015024704895429062,True
1000,30,0.1972783603283135,False,,0.000909452906835984,True
1000,30,0.7886179464993737,False,,0.009634373618870963,True
1000,30,0.06311865525603105,False,,0.006442149813867015,True
1000,30,0.06536364240318325,False,,0.014091384394655274,True
1000,30,0.30761294549006457,False,,0.0016933610533827565,True
1000,30,0.1492083000712458,False,,0.004993982679382548,True
1000,30,0.08236270433874823,False,,0.024995974017350715,True
1000,30,0.2872168135513834,False,,0.019814738598774684,True
1000,30,0.2608826698170111,False,,0.007004063893811886,True
1000,30,0.16039971233213482,False,,0.002123681686392495,True
1000,30,0.2282630305399681,False,,0.0015231570211955657,True
1000,30,0.2793337558052088,False,,0.002793757588877876,True
1000,30,0.2128652244847795,False,,0.008486029827668032,True
1000,30,0.1762629010533706,False,,0.027008975328060136,True
1000,30,0.07997880147957415,False,,0.026263198261617923,True
1000,30,0.10071811361277964,False,,0.07043057564898587,False
1000,30,0.18114660331829752,False,,0.03932434744860308,True
1000,30,0.10036157707949778,False,,0.00724387902975413,True
1000,30,0.15268218066258438,False,,0.021464568752082955,True
1000,30,0.29864082444539847,False,,0.0017529085492208312,True
1000,30,0.22257334797023148,False,,0.08426596857338303,False
1000,30,0.2039395654822684,False,,0.025055962587146943,True
1000,30,0.09129264308872634,False,,0.003830842090436452,True
1000,30,0.05946969292787393,False,,0.0012078740692301785,True
1000,30,0.17266216772802145,False,,0.0013395767663011916,True
1000,30,0.15248175042800735,False,,0.0006788489219446687,True
1000,30,0.10460205817968164,False,,0.029934316556022807,True
1000,30,0.2786164422606029,False,,0.015640341100456773,True
1000,30,0.131106333692497,False,,0.034393320933876696,True
1000,30,0.0932515072852565,False,,0.022085322910357714,True
1000,30,0.1358731946039247,False,,0.02199084914177382,True
1000,30,0.22759197935926012,False,,0.016299478260179953,True
1000,30,0.029478797523818153,True,,0.023315535338331136,True
1000,30,0.123314314083598,False,,0.04094535242785094,True
1000,30,0.26922134483416854,False,,0.006167556614487044,True
1000,30,0.42252131837781465,False,,0.010196323216349947,True
1000,30,0.23751533484443066,False,,0.00822789477476614,True
1000,30,0.11533860389041975,False,,0.042222636814987086,True
1000,30,0.2820232799398268,False,,0.0006250271196325591,True
1000,30,0.2134323896853901,False,,0.0007955065400865974,True
1000,30,0.13967450606988716,False,,0.0029570234306793915,True
1000,30,0.38640117221825176,False,,0.10401859155774563,False
1000,30,0.10901515829189115,False,,0.0023432492165239033,True
1000,30,0.1762444814155237,False,,0.011991422794070164,True
1000,30,0.29434894043592963,False,,0.004990804211026112,True
1000,30,0.9697420234958568,False,,0.0019085500873559937,True
1000,30,0.222254000576301,False,,0.005321644424612735,True
1000,30,0.32663922226703745,False,,0.07073517773918671,False
1000,30,0.024788675377872698,True,,0.11353856627333019,False
1000,30,0.3685211370468318,False,,0.07400431398416221,False
1000,30,0.0730563010804852,False,,0.01881736820012997,True
1000,30,0.1090264226181892,False,,0.002462033323002278,True
1000,30,0.272233745484516,False,,0.0029991220829267214,True
1000,30,0.2626630376837949,False,,0.11228295686330987,False
1000,30,0.10218762120979916,False,,0.03362455551424681,True
1000,30,0.2039417723536049,False,,0.006913572232773849,True
1000,30,0.05544288405568688,False,,0.007366266040323882,True
1000,30,0.09216917820612024,False,,0.029470159176560835,True
1000,30,0.7724190524326973,False,,0.017081933277276598,True
1000,30,0.4444867706205314,False,,0.009048078705386875,True
1000,30,0.08650728749801279,False,,0.0023972695260724166,True
1000,30,0.1016494442857034,False,,0.016535917036217474,True
1000,30,0.7482141245213623,False,,0.0014241454678408758,True
1000,30,0.19706160279593446,False,,0.04027961880160531,True
1000,30,0.09340435155355163,False,,0.10165500421144344,False
1000,30,0.7305237865788473,False,,0.00837542303923438,True
1000,30,0.07636183261163974,False,,0.0010473926938846714,True
1000,30,0.20932518506130862,False,,0.049513417446934486,True
1000,30,0.4039248487883086,False,,0.008954040625229878,True
1000,30,0.5616076844376034,False,,0.011547124716532615,True
1000,30,0.10930519505328046,False,,0.08328819123124107,False
1000,30,0.34093440107790435,False,,0.004586460177418658,True
1000,30,0.27483665765470383,False,,0.038903197779160834,True
1000,30,0.16546114498267409,False,,0.021693162664436653,True
1000,30,0.28801676330843673,False,,0.033617301592717475,True
1000,30,0.279238191613712,False,,0.05984583561389417,False
1000,30,0.11537054359218668,False,,0.002051684676595752,True
1000,30,0.12332102408893891,False,,0.00088960134887421,True
1000,30,0.30812803114914594,False,,0.002601458713938881,True
1000,30,0.5495438430539636,False,,0.005866663351859338,True
1000,30,0.14078442527509938,False,,0.023600662490423783,True
1000,30,0.19815221533282742,False,,0.02777923560810267,True
1000,30,0.04515903837036162,True,,0.10512116046294218,False
1000,30,0.03804050146011579,True,,0.03194885087900171,True
1000,30,0.24113798467678657,False,,0.006579926930174048,True
1000,30,0.3410834415944231,False,,0.025674405310591317,True
1000,30,0.3466362999841876,False,,0.0339652042754418,True
1000,30,0.2880152177509958,False,,0.0006334643782527582,True
1000,30,0.24558150414404809,False,,0.010044980373378806,True
1000,30,0.19246195500075264,False,,0.025087696713928256,True
1000,30,0.07929516032353226,False,,0.004219633483779371,True
1000,30,0.13587796172526923,False,,0.0013358731084155253,True
1000,30,0.29665705652885505,False,,0.01619576359486582,True
1000,30,0.9287850123979458,False,,0.0019443784722031215,True
1000,30,0.5520252692973614,False,,0.007904875846696474,True
1000,30,0.22753189490948303,False,,0.023518286619629417,True
1000,30,0.14959332117044283,False,,0.07685110201010277,False
1000,30,0.090697169733687,False,,0.027840531948601574,True
1000,30,0.05831334487151139,False,,0.15485562053874724,False
1000,30,0.04293935109996541,True,,0.03670473066898708,True
1000,30,0.23798397759619963,False,,0.010709302525483133,True
1000,30,0.20593487107434064,False,,0.02879351085248456,True
1000,30,0.16583336302448956,False,,0.0006310642943441448,True
1000,30,0.8765299453454577,False,,0.023446129082613655,True
1000,30,0.10117790031241056,False,,0.006614797034768099,True
1000,30,0.049959159817399824,True,,0.012004051872552083,True
1000,30,0.10231625155629394,False,,0.006522075872203753,True
1000,30,0.16197849701707082,False,,0.13822082336185162,False
1000,30,0.08888227724055373,False,,0.08132556292591207,False
1000,30,0.1395591728432319,False,,0.010532824809405095,True
1000,30,0.26666577661423774,False,,0.03429971679671577,True
1000,30,0.30218135727902024,False,,0.020571323616014082,True
1000,30,0.11375401744915002,False,,0.002641448990710406,True
1000,30,0.07064983611005683,False,,0.06961458983656035,False
1000,30,0.07766621329778886,False,,0.010736368135228122,True
1000,30,0.15608403781636385,False,,0.006538746147048372,True
1000,30,0.5779262581287548,False,,0.013368443278667435,True
1000,30,0.22382748548726364,False,,0.006286095870143437,True
1000,30,0.12219084634089818,False,,0.030952906188227308,True
1000,30,0.1316326416089333,False,,0.0006752094711681573,True
1000,30,0.11010054129624997,False,,0.09389615897863127,False
1000,30,0.5171769240251842,False,,6.856049203630251e-05,True
1000,30,0.11590056486837166,False,,0.0019932016728487606,True
1000,30,0.33191973423377275,False,,0.009052276838804949,True
1000,30,0.16245060112257323,False,,0.021465501117244254,True
1000,30,0.11900105350082599,False,,0.016752118495640605,True
1000,30,0.2566768356179732,False,,0.0011713100452041738,True
1000,30,0.06441178294068707,False,,0.00827113405966953,True
1000,30,0.194442991572778,False,,0.08386755204718352,False
1000,30,0.07761947626301983,False,,0.049388543016243645,True
1000,30,0.1109117652764002,False,,0.026859111528482044,True
1000,30,0.20903460212437924,False,,0.0005715993056825786,True
1000,30,0.08722393893702403,False,,0.001904119101235192,True
1000,30,0.5192153167184693,False,,0.0014977746516420612,True
1000,30,0.5364743007058967,False,,0.0007794886644020848,True
1000,30,0.171065502354092,False,,0.03511377934396622,True
1000,30,0.3148842404290629,False,,0.006664635071261688,True
1000,30,0.2260406121775093,False,,0.0025718560482645013,True
1000,30,0.07594535516122325,False,,0.026845593805354527,True
1000,30,0.10437871193597487,False,,0.03467031470725909,True
1000,30,0.28353882092663085,False,,0.021191550594858284,True
1000,30,0.3795183627137519,False,,0.007980873960552068,True
1000,30,0.15734527950147967,False,,0.014147094648656431,True
1000,30,0.29247174483826466,False,,0.001747097412350481,True
1000,30,0.08476242289378788,False,,0.002234024013932003,True
1000,30,0.11608006838363982,False,,0.0074565406029502785,True
1000,30,0.06772689694969855,False,,0.05106598094245503,False
1000,30,0.05871214662771651,False,,0.023928450614989088,True
1000,30,0.17902277808381825,False,,0.004930595564455559,True
1000,30,0.17412520607489126,False,,0.0001286482886541532,True
1000,30,0.5228256899493091,False,,0.010965376526305833,True
1000,30,0.2882180094027645,False,,0.0024098409810770285,True
1000,30,0.11775652762029234,False,,0.0008375619305193759,True
1000,30,0.5341317586927308,False,,0.0016153035308527396,True
1000,30,0.10231925344874844,False,,0.020901164759463284,True
1000,30,0.20350721661868723,False,,0.0036028494411672342,True
1000,30,0.12618908449633745,False,,0.02786715973926161,True
1000,30,0.45372800665899343,False,,0.005772473317087967,True
1000,30,0.19161565823529503,False,,0.010295251220088336,True
1000,30,0.0816896222916663,False,,0.0030951548273432995,True
1000,30,0.39017956059269226,False,,0.0028696956720245083,True
1000,30,0.4451522248254978,False,,0.004232745618777923,True
1000,30,0.5197893203654269,False,,0.01805452428890327,True
1000,30,0.0960405794909516,False,,0.009930833607290341,True
1000,30,0.4444858072211258,False,,0.001995975505644378,True
1000,30,0.12978305324244158,False,,0.0019636545172469783,True
1000,30,0.2565032689416311,False,,0.00783171497547809,True
1000,30,0.09128949799192049,False,,0.0005471933027289624,True
1000,30,0.18434686859852292,False,,0.0003875613932676964,True
1000,30,0.29154406512750614,False,,0.00017322661645902975,True
1000,30,0.23995568479426757,False,,0.009365197369154797,True
1000,30,0.8346152124378851,False,,0.007441471282376092,True
1000,30,0.10998331772467708,False,,0.03660458436400829,True
1000,30,0.11634213695864394,False,,0.02242814935179594,True
1000,30,0.15588805556695406,False,,0.02159889416244859,True
1000,30,0.22832435086752492,False,,0.00782908464250292,True
1000,30,0.16459871612939517,False,,0.00648678691684515,True
1000,30,0.27092903278124153,False,,0.04283479779818651,True
1000,30,0.1941998970336134,False,,0.003757336876699613,True
1000,30,0.19596882896026482,False,,0.0014597217499451264,True
1000,30,0.31074857025868996,False,,0.0025630824978948264,True
1000,30,0.7126799684753493,False,,0.025432341962380475,True
1000,30,0.8926383831640166,False,,0.01696420704463055,True
1000,30,0.04626273235187526,True,,0.003171099417274492,True
1000,30,0.1514952021032146,False,,0.005824832800045958,True
1000,30,0.3397841732868918,False,,0.015060684223223372,True
1000,30,0.5011170326298633,False,,0.01486333645347045,True
1000,30,0.3311395301585455,False,,0.013286763706006476,True
1000,30,0.09898035397446932,False,,0.0024079543548929344,True
1000,30,0.06274512562635906,False,,0.05794698781590954,False
1000,30,0.3277680596679854,False,,0.043689084186592814,True
1000,30,0.06312033785370808,False,,0.0183354191580054,True
1000,30,0.0826796020868886,False,,0.014161567302834303,True
1000,30,0.15938616264572533,False,,0.0105047486570447,True
1000,30,0.07765840988223995,False,,0.011067501819563216,True
1000,30,0.20010329562995835,False,,0.003598705216458181,True
1000,30,0.5034750921339846,False,,0.015439289556729033,True
1000,30,0.1247593539882899,False,,0.016885847406392103,True
1000,30,0.1909861725425404,False,,0.05837652385009332,False
1000,30,0.12993035464124839,False,,0.035758509453198035,True
1000,30,0.24665240773356006,False,,0.06370406012624985,False
1000,30,0.8220788058841675,False,,0.0008070653739062894,True
1000,30,0.2056522786835266,False,,0.004267248211851359,True
1000,30,0.8756056126314312,False,,0.001599586581458153,True
1000,30,0.27340100732293443,False,,0.029295487220054414,True
1000,30,0.14594904232146722,False,,0.03857606249826464,True
1000,30,0.4171892033340043,False,,0.022612276818845443,True
1000,30,0.3243266747000087,False,,0.00949568980696861,True
1000,30,0.3592776608072179,False,,0.011833845675874512,True
1000,30,0.17513467161015148,False,,0.00909672384561596,True
1000,30,0.7957621885568484,False,,0.004679665400403876,True
1000,30,0.6357084145186941,False,,0.007730395055280941,True
1000,30,0.10860328600700514,False,,0.023667180079600763,True
1000,30,0.19228225679107347,False,,0.10310956858175417,False
1000,30,0.27302850405187856,False,,0.007519447543075451,True
1000,30,0.25013310862925175,False,,0.0027955927647114963,True
1000,30,0.20219865649696106,False,,0.02807679637554726,True
1000,30,0.36503970814239545,False,,0.009756508823038412,True
1000,30,0.20111886592646638,False,,0.001951316988414882,True
1000,30,0.09649532484139156,False,,0.012470225889448891,True
1000,30,0.05378154680632132,False,,0.023589055729359047,True
1000,30,0.3618643113604136,False,,0.006200063942031942,True
1000,30,0.22407930225977932,False,,0.009440194019467434,True
1000,30,0.11560205476424536,False,,0.03177292974596626,True
1000,30,0.40182784237252245,False,,0.03026356063509987,True
1000,30,0.13108486238423406,False,,0.021895143948989452,True
1000,30,0.33530093121036864,False,,0.024780330267701465,True
1000,30,0.20563162985082692,False,,0.013697925889569943,True
1000,30,0.4004680025779698,False,,0.00444813320712863,True
1000,30,0.4999669165212423,False,,0.0030918065220805076,True
1000,30,0.10130193355598519,False,,0.0001763428716041623,True
1000,30,0.09314633089660468,False,,0.015090788230744065,True
1000,30,0.0725691467559721,False,,0.010253638813220441,True
1000,30,0.17613395229035533,False,,0.0020125442875427654,True
1000,30,0.10014584278107122,False,,0.008263186115668411,True
1000,30,0.23348504008764587,False,,0.03278229463772361,True
1000,30,0.16927921447677757,False,,0.00812867101804025,True
1000,30,0.7765954421336552,False,,0.003106099719702494,True
1000,30,0.0621850650182039,False,,0.05072141505118029,False
1000,30,0.31964852082743445,False,,0.003814982492262255,True
1000,30,0.39681065572934454,False,,0.00914685930539302,True
1000,30,0.5031873025549898,False,,0.008233940219804677,True
1000,30,0.32911722809726723,False,,0.01069849882121212,True
1000,30,0.07548080095820835,False,,0.010917809333560517,True
1000,30,0.22678866592681993,False,,0.022299002058931126,True
1000,30,0.06877130440488806,False,,0.020443686093216836,True
1000,30,0.13775854503159546,False,,0.017705449179635683,True
1000,30,0.5424623136779632,False,,0.004091040830300955,True
1000,30,0.25145380388307836,False,,0.01703406415950928,True
1000,30,0.23598850480125658,False,,0.01304390027742764,True
1000,30,0.23268644147756543,False,,0.02422405181017457,True
1000,30,0.05916750254307378,False,,0.04224897303951129,True
1000,30,0.3305408305906473,False,,0.013465175913738992,True
1000,30,0.09888499100854888,False,,0.007223740438063815,True
1000,30,0.09419333806234928,False,,0.15367419340587296,False
1000,30,0.19310350229265988,False,,0.002170692261688878,True
1000,30,0.09282933760226536,False,,0.04527715570046538,True
1000,30,0.22240850326238695,False,,0.004229740650515778,True
1000,30,0.1931971395936505,False,,0.0206357192403528,True
1000,30,0.2365576517320969,False,,0.019855392904805057,True
1000,30,0.05969535508410451,False,,0.0046065805698828465,True
1000,30,0.4138098976775339,False,,0.026760694875338723,True
