1000,30,0.05456469649673414,False,75.00677747155031,1.4332115253644569e-05,True
1000,30,0.467192238481488,False,95.98543726350715,6.704745734131518e-07,True
1000,30,0.0150046333610777,True,63.065078820744105,2.8236388183980503e-05,True
1000,30,0.08271272263634429,False,78.81521109532093,3.559202806954308e-06,True
1000,30,0.14986357318706794,False,79.718907209436,5.979577795982856e-10,True
1000,30,0.521350730355042,False,93.6616472557827,8.51519420733318e-08,True
1000,30,0.07440560659412053,False,72.81208690869944,8.70642559336502e-06,True
1000,30,0.11568766808422758,False,77.58876636902191,4.137974979996211e-05,True
1000,30,0.022305797738093644,True,63.00052909830731,0.0004759904153142038,True
1000,30,0.09333715481064334,False,73.13483552088339,8.892465388595346e-05,True
1000,30,0.12426858153375815,False,84.56013639219526,1.0026779369794964e-07,True
1000,30,0.07921927661905222,False,76.49142108759648,3.4311260630602057e-06,True
1000,30,0.02279279716736683,True,62.61323076368657,9.244953028849522e-06,True
1000,30,0.000764307214067547,True,51.38157905968506,0.00020281792099128472,True
1000,30,0.030568337826905375,True,74.03853163499845,1.3579392491286262e-05,True
1000,30,0.08021232272703788,False,79.58980776456241,0.00041813737640453705,True
1000,30,0.041549302507494085,True,68.3581560605609,1.0811771586653315e-06,True
1000,30,0.08871253779832293,False,75.45862552860784,6.407494342688096e-06,True
1000,30,0.22529425857533883,False,82.49454527421797,4.299503264386747e-07,True
1000,30,0.1490351827638142,False,82.23634638447082,1.831036785178939e-05,True
1000,30,0.1156923834842229,False,77.13691831196438,6.262942535450911e-06,True
1000,30,0.43341540432414377,False,85.98023028580465,1.6463091145760354e-08,True
1000,30,0.01153908777552544,True,58.675697695042366,0.0002019773156167836,True
1000,30,0.023957196181314505,True,73.00573607600981,1.5091442103533722e-05,True
1000,30,0.26511922175216646,False,85.39928278387355,4.825017912023767e-05,True
1000,30,0.02920794827739349,True,70.23009801122782,4.154853549439983e-06,True
1000,30,0.12235529689948073,False,73.39303441063055,4.0927930532048886e-05,True
1000,30,0.012691481543517942,True,65.96981633039967,1.6008022397418846e-06,True
1000,30,0.0017215899809974306,True,59.514844086720636,3.50402463751998e-05,True
1000,30,0.07928368846753776,False,76.62052053247007,2.014312341149067e-09,True
1000,30,0.023835834998515545,True,69.84279967660709,5.3983868163594665e-05,True
1000,30,0.03565985578267677,True,67.97085772594016,2.180255409433242e-05,True
1000,30,0.061995374067517754,False,77.58876636902191,0.00010632987004064121,True
1000,30,0.21014710516889515,False,82.23634638447082,1.922807498329673e-05,True
1000,30,0.1750106790422295,False,80.23530498893032,4.90060027954687e-05,True
1000,30,0.46313011118699915,False,95.92088754107036,6.223177437501446e-06,True
1000,30,0.008359261427645693,True,59.062996029663104,4.800929494615965e-05,True
1000,30,0.3006951357430587,False,85.14108389412638,4.5776305860349887e-07,True
1000,30,0.08229648325229916,False,74.03853163499845,4.039130902265284e-05,True
1000,30,0.02343057976085859,True,73.78033274525129,3.8106282702079346e-06,True
1000,30,0.039902557531068986,True,69.97189912148066,3.012097271399309e-05,True
1000,30,0.0009473074876442366,True,57.51380269118014,5.369582559225499e-07,True
1000,30,0.45223364988846243,False,96.2436361532543,1.7145413843589988e-08,True
1000,30,0.07317217359865388,False,74.10308135743524,0.00012513405868597082,True
1000,30,0.17688506137707646,False,79.26705915237847,6.244952314774231e-07,True
1000,30,0.026681520008769048,True,68.93910356249202,6.192684471344389e-05,True
1000,30,0.014969578773589568,True,74.42582996961919,1.6144021799146177e-07,True
1000,30,0.04090240592656735,True,71.84384107214758,1.3369002418733737e-05,True
1000,30,0.12130676788250223,False,75.58772497348141,0.0003638230974430679,True
1000,30,0.04488497619950514,True,73.58668357794092,3.1429855964272836e-05,True
1000,30,0.02500721355072683,True,70.03644884391746,1.4486064891489932e-06,True
1000,30,0.04763758739833276,True,72.36023885164191,1.1669224955699462e-05,True
1000,30,0.04813098487638717,True,72.48933829651548,9.020877282432294e-05,True
1000,30,0.0465068761152937,True,73.90943219012487,0.0005835228863415461,True
1000,30,0.019151265075989153,True,64.80792132653744,1.178544083032092e-05,True
1000,30,0.33814615730672504,False,91.20875780318467,6.6806996272009584e-06,True
1000,30,0.004467583437518739,True,62.48413131881299,6.859655846237524e-08,True
1000,30,0.03563164937390812,True,70.10099856635425,5.5742429200242285e-05,True
1000,30,0.04513770158663305,True,73.32848468819375,2.0990791578206945e-06,True
1000,30,0.07560850839544139,False,71.0692444029061,2.153961934292531e-05,True
1000,30,0.058436246815484004,False,77.52421664658513,2.0306999480857553e-05,True
1000,30,0.11443569081423073,False,78.10516414851624,0.00023508468521642057,True
1000,30,0.00474193492520208,True,60.09579158865175,0.00019027728604268987,True
1000,30,0.14996082845406083,False,78.10516414851624,3.338067364067654e-06,True
1000,30,0.001476616372797683,True,51.18792989237469,2.3136184056970982e-05,True
1000,30,0.07236677913166792,False,77.0078188670908,4.260765309869644e-05,True
1000,30,0.03502907642125864,True,67.84175828106659,1.2856149591537974e-05,True
1000,30,0.09597482464132488,False,80.23530498893032,2.7002046922376263e-05,True
1000,30,0.012021690288913063,True,68.09995717081374,9.600337141951554e-05,True
1000,30,0.1376201084412036,False,83.97918889026415,6.438129811869312e-05,True
1000,30,0.022198503418167596,True,69.39095161954955,1.0825691494015838e-05,True
1000,30,0.013319970897471483,True,63.19417826561768,1.348689404880073e-05,True
1000,30,0.06634282159005735,False,76.87871942221722,9.592847481625352e-05,True
1000,30,0.07050359669875804,False,72.74753718626265,3.210365910934537e-06,True
1000,30,0.036985060427758905,True,66.09891577527324,4.179282093022149e-05,True
1000,30,0.11126729983198581,False,78.94431054019451,1.549005756590806e-05,True
1000,30,0.020077697376838656,True,66.55076383233077,0.0008167759515012173,True
1000,30,0.13346317230004043,False,79.33160887481526,3.2226247732209734e-06,True
1000,30,0.03576854796743591,True,73.13483552088339,6.072897922190967e-07,True
1000,30,0.09838885238164534,False,78.04061442607944,2.3218628006800063e-05,True
1000,30,0.033310373436315155,True,64.74337160410064,2.1070170530757728e-05,True
1000,30,0.036025773850309875,True,77.39511720171154,1.8193022919266134e-06,True
1000,30,0.01460267348925954,True,70.29464773366462,9.157182594806485e-06,True
1000,30,0.007679167548908349,True,61.774084372008296,1.8928347743215936e-05,True
1000,30,0.040464970085484636,True,72.36023885164191,4.831812081738868e-05,True
1000,30,0.059599411036479435,False,78.23426359338981,3.4407868990936616e-07,True
1000,30,0.03607166422382407,True,68.3581560605609,4.390064910556902e-06,True
1000,30,0.06590985939953856,False,78.3633630382634,6.1264804956808e-06,True
1000,30,0.0920902061873283,False,79.46070831968883,1.7265617384044158e-05,True
1000,30,0.03870233672719337,True,73.90943219012487,1.4044157184104648e-05,True
1000,30,0.7278387842029179,False,98.30922727123159,3.5779070955646224e-09,True
1000,30,0.017530914740103827,True,72.03749023945795,6.6648175046888666e-06,True
1000,30,0.05226118167456662,False,70.16554828879103,4.8732466967729814e-08,True
1000,30,0.05703875990827309,False,75.13587691642388,1.1680370099714137e-05,True
1000,30,0.024072239468528624,True,67.51900966888263,1.4624808036434137e-05,True
1000,30,0.1337354254163708,False,75.26497636129747,0.0011419656814614812,True
1000,30,0.09539959023626685,False,85.46383250631033,0.00035749310973731983,True
1000,30,0.020917228156737466,True,65.58251799577893,6.327012245864694e-06,True
1000,30,0.04228194460415452,True,70.74649579072215,5.18896613732998e-05,True
1000,30,0.13307924478105498,False,82.49454527421797,1.428652292386288e-07,True
1000,30,0.01523708919243962,True,67.32536050157226,1.0430121696888249e-07,True
1000,30,0.09374131198796568,False,77.0078188670908,9.177548547098294e-08,True
1000,30,0.05792042466034283,False,73.39303441063055,8.370591309667639e-07,True
1000,30,0.13043336687366205,False,81.0099016581718,5.325917651680444e-07,True
1000,30,0.1285034122511949,False,84.10828833513773,2.380538281483178e-07,True
1000,30,0.04490162382062531,True,77.39511720171154,2.6449299467465154e-06,True
1000,30,0.13164682029244912,False,85.52838222874712,0.007804434372631567,True
1000,30,0.26383016313218155,False,86.94847612235651,4.8260431925630355e-06,True
1000,30,0.019638606896710206,True,77.0723685895276,4.1439939900650404e-07,True
1000,30,0.020691288546077113,True,69.64915050929672,1.7085246313133454e-06,True
1000,30,0.23857965024980204,False,86.88392639991972,4.330860802538739e-06,True
1000,30,0.04075654979479078,True,67.26081077913547,0.0011772948187017723,True
1000,30,0.008965384557922857,True,58.546598250168785,1.2801786319084697e-05,True
1000,30,0.025170394643144984,True,64.61427215922707,5.242356490184075e-07,True
1000,30,0.026363752000910623,True,71.0692444029061,0.000552618197093439,True
1000,30,0.014132015228994956,True,67.712658836193,0.00010966816377477779,True
1000,30,0.06213479822369702,False,72.61843774138906,7.937193723577591e-05,True
1000,30,0.001296592702123726,True,55.90005963026038,0.00015236677694307124,True
1000,30,0.051580106082288434,False,69.64915050929672,0.00040228534629483515,True
1000,30,0.09590099762477551,False,74.61947913692956,2.6942069029743905e-06,True
1000,30,0.07379779350864554,False,80.3644044338039,8.503007035063262e-05,True
1000,30,0.015780753012042903,True,58.740247417479154,0.0005038882280102648,True
1000,30,0.0902581249431478,False,76.87871942221722,2.8971125487613894e-06,True
1000,30,0.08557780564664257,False,81.91359777228686,0.0002666649026878866,True
1000,30,0.1013850915252227,False,74.42582996961919,5.6204041892807344e-05,True
1000,30,0.1530800978945105,False,85.85113084093108,5.074846170150914e-06,True
1000,30,0.018892078478370298,True,68.81000411761843,0.00017162876125989467,True
1000,30,0.00869071025839215,True,56.02915907513396,4.852072799832081e-06,True
1000,30,0.03669785691906733,True,78.10516414851624,1.297000711788689e-05,True
1000,30,0.15347025095432962,False,79.0734099850681,5.638607574329482e-05,True
1000,30,0.06833746792118245,False,72.55388801895228,9.490835643233625e-07,True
1000,30,0.21149797296286557,False,87.72307279159799,9.952179477647671e-06,True
1000,30,0.020785046868825714,True,63.51692687780164,0.00019937351995620142,True
1000,30,0.033134917542874474,True,69.45550134198633,6.052381115335803e-06,True
1000,30,0.0788585858469361,False,77.45966692414834,0.004342829019190245,True
1000,30,0.10808251863531496,False,77.52421664658513,2.484069476303109e-06,True
1000,30,0.2566776232853851,False,83.91463916782736,2.6807526783708276e-08,True
1000,30,0.02396025143534624,True,72.48933829651548,0.001176286836812786,True
1000,30,0.1481160097364695,False,81.26810054791896,1.2332856288341489e-05,True
1000,30,0.13655930825722,False,76.94326914465401,6.578024654276424e-06,True
1000,30,0.13174435125446157,False,81.7199486049765,1.2805248185967624e-05,True
1000,30,0.09678944557886325,False,80.49350387867747,0.0002210282117619206,True
1000,30,0.03701943989519383,True,72.48933829651548,1.1625455318310414e-05,True
1000,30,0.011463405588824502,True,64.93702077141103,3.0394817726569586e-06,True
1000,30,0.004791999096174715,True,56.54555685462829,0.00017507295514787943,True
1000,30,0.037758665843687,True,73.07028579844659,3.9134905064090225e-07,True
1000,30,0.047273994754360595,True,76.3623216427229,0.00012150099114608654,True
1000,30,0.029040959932880632,True,69.84279967660709,3.4771954734838726e-06,True
1000,30,0.016642187905325505,True,61.83863409444509,0.00045970241036115487,True
1000,30,0.18910176041895752,False,82.10724693959723,0.00011966355275830992,True
1000,30,0.04723964850035188,True,66.09891577527324,0.0009888898990791707,True
1000,30,0.11515457816528336,False,87.52942362428762,1.0770644632793819e-05,True
1000,30,0.07011488953068674,False,75.39407580617105,0.0004311608934826404,True
1000,30,0.011586051932767263,True,64.74337160410064,0.0004033041028488685,True
1000,30,0.2593729424701233,False,88.04582140378194,3.1950310584279025e-06,True
1000,30,0.0949897368655491,False,70.68194606828536,0.00012656648156750757,True
1000,30,0.09341924671512797,False,78.68611165044734,0.00016012646362241863,True
1000,30,0.006540677186024795,True,64.54972243679028,0.0001911497080310009,True
1000,30,0.333417924080562,False,84.88288500437922,3.928510456427921e-08,True
1000,30,0.058551675272106134,False,76.10412275297574,1.6933511036205227e-06,True
1000,30,0.16513106439418873,False,82.49454527421797,6.544144718176151e-06,True
1000,30,0.051068470614503265,False,71.13379412534289,0.000340974183279314,True
1000,30,0.2840932325442898,False,90.56326057881677,0.0002859247003417826,True
1000,30,0.01266156760921802,True,64.93702077141103,2.5416416099974536e-05,True
1000,30,0.07765090607928399,False,75.58772497348141,1.202981828109389e-05,True
1000,30,0.10927956901296676,False,79.6543574869992,1.8188505048403194e-05,True
1000,30,0.016441943645110434,True,71.0692444029061,1.3184524546057351e-05,True
1000,30,0.27068333244248927,False,89.40136557495454,1.1289179994900459e-05,True
1000,30,0.004152969203679206,True,58.61114797260557,3.7255769386324665e-05,True
1000,30,0.012524790930522464,True,59.32119491941027,0.0006088035537525234,True
1000,30,0.1427506026505311,False,78.16971387095303,4.6189649032341686e-05,True
1000,30,0.033316334855204154,True,64.74337160410064,4.455943511224659e-05,True
1000,30,0.02403597268454844,True,72.74753718626265,9.961528791214151e-07,True
1000,30,0.02792461644809327,True,66.87351244451473,0.0010592841343526524,True
1000,30,0.11600539861254165,False,77.45966692414834,0.000824966786144356,True
1000,30,0.005841062110693983,True,63.387827432928056,1.9873635763741265e-05,True
1000,30,0.01962350370660603,True,67.58355939131943,0.0009113489833447811,True
1000,30,0.11320209306735123,False,81.13900110304539,0.002406649471724198,True
1000,30,0.03306649485812536,True,73.07028579844659,0.0006080609869480902,True
1000,30,0.01840628166644807,True,68.09995717081374,8.838274757202803e-05,True
1000,30,0.07261157151457598,False,72.03749023945795,0.00018276437141220134,True
1000,30,0.1972437275798549,False,86.94847612235651,0.00014583590771770778,True
1000,30,0.018517617792850653,True,62.22593242906583,0.00019045735447228258,True
1000,30,0.03263399294071889,True,76.55597081003327,5.076299491895896e-06,True
1000,30,0.05390942862791673,False,77.33056747927475,0.0002818366325862394,True
1000,30,0.15986990028977824,False,80.75170276842464,0.002338837638129283,True
1000,30,0.03701947270848725,True,73.65123330037771,0.0020453082723472507,True
1000,30,0.025740542654956542,True,73.90943219012487,0.00011109354711086966,True
1000,30,0.11365108469853201,False,81.7199486049765,0.0005001741396885425,True
1000,30,0.04650115948598392,True,69.19730245223919,1.2834891996249944e-05,True
1000,30,0.042592354571832164,True,65.51796827334213,5.794114294996406e-06,True
1000,30,0.5133373834245831,False,91.85425502755257,1.0547299947977864e-07,True
1000,30,0.032573090385233844,True,71.26289357021646,0.0019257516297238966,True
1000,30,0.07290315110588999,False,69.32640189711276,1.1125530089044382e-05,True
1000,30,0.06795130362463958,False,74.10308135743524,1.0369842155063896e-05,True
1000,30,0.07263871780923753,False,81.84904804985007,2.871256124138757e-05,True
1000,30,0.03445136078821341,True,75.20042663886068,1.3397689039001834e-06,True
1000,30,0.0667823688488357,False,77.13691831196438,7.110919953034525e-05,True
1000,30,0.06829962477878881,False,71.90839079458438,9.821185255738778e-05,True
1000,30,0.047899430238126664,True,73.00573607600981,4.384945438690582e-06,True
1000,30,0.09496639725072945,False,74.03853163499845,0.00010884967352459738,True
1000,30,0.20313344318312387,False,82.88184360883872,4.365597856658737e-05,True
1000,30,0.16519458316403113,False,80.17075526649353,3.6866090479089914e-07,True
1000,30,0.04594835262022056,True,74.23218080230882,7.004948934666048e-07,True
1000,30,0.14894232046463574,False,77.58876636902191,1.206635804286899e-07,True
1000,30,0.15535741287764832,False,81.0099016581718,3.654403652155105e-07,True
1000,30,0.3279189272874761,False,84.04373861270095,5.304515573045443e-07,True
1000,30,0.002261079207772086,True,49.445087386581356,4.305297167307891e-05,True
1000,30,0.13175889009920635,False,83.39824138833303,0.0001847098612177296,True
1000,30,0.0989649364464476,False,80.42895415624069,9.06091755407438e-06,True
1000,30,0.2636648888748066,False,85.98023028580465,3.6274095250910344e-06,True
1000,30,0.006747358614363994,True,66.29256494258361,6.807902770834317e-05,True
1000,30,0.026924404484611034,True,71.0692444029061,4.565301085453864e-05,True
1000,30,0.024988928815632437,True,66.16346549771004,6.995948307378896e-06,True
1000,30,0.008483014624954238,True,66.03436605283646,3.6989084988785194e-07,True
1000,30,0.05506089529418582,False,78.23426359338981,2.879731056175288e-06,True
1000,30,0.042833458917294294,True,69.13275272980239,0.000697876431023513,True
1000,30,0.0031390473787815598,True,54.28631656934063,0.0007447832809594955,True
1000,30,0.05546844590817013,False,73.90943219012487,2.1002317052708726e-05,True
1000,30,0.013935109903104622,True,70.03644884391746,1.069236434265546e-05,True
1000,30,0.06610976147867974,False,74.16763107987202,4.1004488256520605e-05,True
1000,30,0.10651437855085212,False,81.39719999279254,0.0001289783701308638,True
1000,30,0.061013593682994964,False,70.94014495803252,0.00022746694713338104,True
1000,30,0.043502013751313094,True,75.65227469591821,7.334796047798961e-05,True
1000,30,0.1278035321941658,False,77.26601775683797,8.776191602923829e-05,True
1000,30,0.055677822802474505,False,70.87559523559572,6.4751537188005955e-06,True
1000,30,0.020447593300886052,True,62.22593242906583,0.00023730099569479156,True
1000,30,0.022780130332052884,True,69.13275272980239,0.0002431349967803955,True
1000,30,0.10677039763880115,False,76.68507025490685,2.5817264292032615e-06,True
1000,30,0.07522528570556758,False,72.55388801895228,4.146690353311063e-05,True
1000,30,0.17614038587275319,False,90.49871085637997,2.2567448540955325e-08,True
1000,30,0.1871548970529438,False,83.72099000051699,0.00041017419242282634,True
1000,30,0.16765062786849672,False,82.3654458293444,2.78182118888283e-05,True
1000,30,0.07905175072087889,False,74.10308135743524,0.001089892313555329,True
1000,30,0.011575804999049418,True,58.99844630722632,0.00039602613205531444,True
1000,30,0.02862158908834814,True,71.19834384777968,2.089373403087224e-06,True
1000,30,0.02830603891908414,True,69.77824995417029,1.063472792002773e-05,True
1000,30,0.06861254098790619,False,72.10203996189475,3.114573063959881e-05,True
1000,30,0.2653944778642733,False,84.62468611463206,8.53679570714757e-06,True
1000,30,0.5979015260025673,False,93.5970975333459,1.0537626284174898e-06,True
1000,30,0.0050021646568578935,True,57.7720015809273,8.954935310609084e-07,True
1000,30,0.10545375105397699,False,80.17075526649353,7.95441424584555e-07,True
1000,30,0.01012616936642072,True,57.96565074823767,2.5353065805783758e-05,True
1000,30,0.3918725276652508,False,84.43103694732169,5.956203691083135e-06,True
1000,30,0.2312755830782762,False,87.72307279159799,7.277871211259327e-05,True
1000,30,0.23564993862403563,False,87.72307279159799,8.909948673033031e-05,True
1000,30,0.13785050965584558,False,76.87871942221722,3.8926673585420066e-05,True
1000,30,0.05506549568322706,False,72.29568912920512,1.9678965348369384e-05,True
1000,30,0.13423104090294008,False,78.2988133158266,3.0838042565198817e-07,True
1000,30,0.018762251748405595,True,65.1306699387214,9.81871042762489e-05,True
1000,30,0.19647353466074954,False,80.10620554405673,0.00013304717625464314,True
1000,30,0.029311105009782283,True,69.97189912148066,8.488588914714054e-05,True
1000,30,0.2269503923822004,False,84.68923583706885,0.0005537777627068595,True
1000,30,0.1609594930803525,False,89.0140672403338,0.00018325475730070326,True
1000,30,0.06794951053206894,False,72.16658968433153,6.245081809202409e-07,True
1000,30,0.0754420299157059,False,77.78241553633228,6.880632894115524e-05,True
1000,30,0.019620099602770634,True,69.90734939904387,3.777908350123788e-06,True
1000,30,0.016774996402594472,True,62.35503187393941,6.389740556069909e-07,True
1000,30,0.11644760052793059,False,74.3612802471824,2.3858828341563687e-05,True
1000,30,0.006424532180042155,True,58.03020047067446,3.3673979509513206e-06,True
1000,30,0.011357582285885497,True,68.16450689325053,4.272411923674406e-06,True
1000,30,0.02743382932928457,True,67.32536050157226,6.652573011018018e-07,True
1000,30,0.21665797723028365,False,83.07549277614909,7.160042250693419e-06,True
1000,30,0.07795566177313693,False,77.13691831196438,6.726865494498839e-05,True
1000,30,0.17152668089204465,False,74.81312830423994,7.727254605952055e-06,True
1000,30,0.06586647053155163,False,75.58772497348141,1.0279978363239542e-06,True
1000,30,0.13325930215098267,False,77.33056747927475,0.0008763979218564125,True
1000,30,0.05846557350076563,False,69.64915050929672,2.214191186758316e-06,True
1000,30,0.019813555637816522,True,64.54972243679028,1.6889211014570126e-05,True
1000,30,0.22465788936167774,False,86.81937667748292,2.184409342484712e-06,True
1000,30,0.01524518792754574,True,69.97189912148066,2.8011623949161506e-05,True
1000,30,0.003348276827055039,True,56.416457409754706,8.541554400342897e-05,True
1000,30,0.0165386440569187,True,61.128587147640395,0.00011878325110905311,True
1000,30,0.004780231699517972,True,63.12962854318089,4.813961219438757e-05,True
1000,30,0.0045353952429182266,True,57.7720015809273,9.946563074027647e-05,True
1000,30,0.03425954391619097,True,70.87559523559572,9.428076090113467e-05,True
1000,30,0.04098598137750798,True,71.58564218240042,9.919270089039588e-06,True
1000,30,0.03637518904506694,True,68.93910356249202,5.873349235882641e-06,True
1000,30,0.036630406921752165,True,71.00469468046931,0.00014683962374504618,True
1000,30,0.10398055368205278,False,73.45758413306734,1.852424297170974e-05,True
1000,30,0.013626959108052361,True,65.00157049384781,5.038770765839312e-07,True
1000,30,0.07096222847109264,False,79.84800665430957,2.470177767641718e-07,True
1000,30,0.0973942790696141,False,76.81416969978044,0.0007636681308864882,True
1000,30,0.006197653670285972,True,66.486214109894,4.7322939053603424e-05,True
1000,30,0.16304198146363447,False,81.52629943766613,7.816664458071836e-06,True
1000,30,0.020025678049645727,True,64.54972243679028,2.1371977019023095e-06,True
1000,30,0.5239145533941815,False,100.50391783408246,3.1977127289448433e-07,True
1000,30,0.029764776594122785,True,71.97294051702116,1.4188174981107462e-06,True
1000,30,0.1848736362876347,False,78.68611165044734,1.7395340393518985e-06,True
1000,30,0.0019940834179795245,True,57.578352413616926,2.7619242886922784e-05,True
1000,30,0.05960919323455942,False,68.81000411761843,1.4506579547992905e-08,True
1000,30,0.033350937839153154,True,71.84384107214758,0.000602771497589502,True
1000,30,0.07646929720688458,False,83.52734083320662,6.000491079922055e-05,True
1000,30,0.45266780892333314,False,86.94847612235651,1.2074213539765849e-08,True
1000,30,0.015470583558029818,True,66.74441299964114,3.2545124363554883e-07,True
1000,30,0.0054297365808882074,True,57.126504356559394,0.0001939771576238837,True
1000,30,0.05480885074441034,False,72.55388801895228,0.00023532323037556323,True
1000,30,0.02251267510993776,True,70.48829690097499,9.412747103171172e-06,True
1000,30,0.04912448703116947,True,76.23322219784932,1.7851496470893743e-05,True
1000,30,0.052274360820679516,False,77.91151498120587,3.8912468164881295e-06,True
1000,30,0.03243165202872835,True,68.74545439518165,6.1876874056508466e-06,True
1000,30,0.018018424896457896,True,64.74337160410064,1.6507111400760374e-05,True
1000,30,0.21237216211411786,False,84.10828833513773,3.474177954185642e-05,True
1000,30,0.00660943562351846,True,62.22593242906583,6.115158343782598e-05,True
1000,30,0.028749315126542104,True,67.51900966888263,7.479091362573805e-05,True
1000,30,0.28236207926877555,False,83.85008944539057,2.383864131139509e-06,True
1000,30,0.23879725274442057,False,86.81937667748292,0.00010405759694231693,True
1000,30,0.0199524654050787,True,66.55076383233077,4.7153910432168844e-05,True
1000,30,0.07108649755293286,False,72.23113940676832,0.0035185134942789832,True
1000,30,0.1479735476722837,False,74.10308135743524,2.2415509127064744e-05,True
1000,30,0.09641843926016799,False,81.20355082548217,2.90066791479447e-06,True
1000,30,0.0021604510986437185,True,54.60906518152458,3.726181076143339e-07,True
1000,30,0.0527685571638798,False,72.61843774138906,0.00015416795030152335,True
1000,30,0.11029467019358208,False,82.23634638447082,4.122180684628239e-07,True
1000,30,0.0675061913909099,False,79.97710609918316,0.0002501078652199316,True
1000,30,0.18056836079843325,False,80.68715304598786,3.0799291051735667e-06,True
1000,30,0.07626420870567215,False,75.07132719398709,1.4429132463910077e-07,True
1000,30,0.06187639589503026,False,78.55701220557377,3.949762705388287e-05,True
1000,30,0.09611827364543639,False,79.20250942994167,4.898110119412354e-06,True
1000,30,0.0437158177238018,True,75.65227469591821,1.658134223856585e-08,True
1000,30,0.06266808176593418,False,78.62156192801056,2.7810874716562776e-05,True
1000,30,0.12025464311635833,False,85.52838222874712,3.0978211670312505e-06,True
1000,30,0.09202151901664225,False,70.74649579072215,2.0691951370859576e-05,True
1000,30,0.003690168978734695,True,53.705369067409514,0.0009930117815090838,True
1000,30,0.12666995068693732,False,76.10412275297574,7.847557400633232e-05,True
1000,30,0.018866667040794646,True,60.61218936814607,0.0006058140341652055,True
1000,30,0.022425824788954343,True,62.03228326175546,8.257828368114543e-08,True
1000,30,0.14435719528173405,False,81.6553988825397,4.613117938740972e-05,True
1000,30,0.09228743934355862,False,76.42687136515968,3.175314265564548e-05,True
1000,30,0.03340570485385279,True,66.22801522014683,0.0002833843389162137,True
1000,30,0.18559434626287125,False,86.04478000824145,1.1379689339341041e-06,True
1000,30,0.1678842930114517,False,83.59189055564342,2.5719561027962347e-05,True
1000,30,0.008158091915857323,True,58.352949082858416,6.586180365542449e-05,True
1000,30,0.25006947060914836,False,91.14420808074787,2.558669949291488e-07,True
1000,30,0.0073130169524650325,True,67.32536050157226,6.691708664899981e-06,True
1000,30,0.11817121481745751,False,79.0088602626313,0.0001088533398671742,True
1000,30,0.21293084685678337,False,84.56013639219526,4.364032364040131e-06,True
1000,30,0.018940710260021972,True,65.84071688552608,0.0002517770166835011,True
1000,30,0.0416929828424621,True,66.09891577527324,7.589948899771022e-07,True
1000,30,0.08970900649614708,False,77.13691831196438,2.8383080218134178e-06,True
1000,30,0.06357396183515078,False,78.75066137288414,5.040278696176744e-05,True
1000,30,0.09361026734844445,False,83.0109430537123,1.8316700460190202e-05,True
1000,30,0.10930221742418576,False,75.00677747155031,0.0010865606119839445,True
1000,30,0.05983668930573153,False,72.10203996189475,0.00019984231424896275,True
1000,30,0.018117771023494256,True,70.03644884391746,7.165465686261862e-05,True
1000,30,0.0360863793429371,True,71.0692444029061,6.7576481908713945e-06,True
1000,30,0.07506013706207411,False,77.39511720171154,7.792307941963611e-07,True
1000,30,0.048117342064372924,True,70.87559523559572,0.0001310765170064608,True
1000,30,0.19463243481019585,False,79.0088602626313,0.00012722872520113532,True
1000,30,0.17778234604704418,False,88.11037112621874,5.175168497213707e-07,True
1000,30,0.08578225971767306,False,74.42582996961919,7.988657280124579e-08,True
1000,30,0.07088785932834009,False,76.68507025490685,4.603885201725712e-06,True
1000,30,0.016250614818343136,True,66.3571146650204,3.6262534050670324e-05,True
1000,30,0.13386550120597276,False,83.6564402780802,0.000203429980011376,True
1000,30,0.17520791688400975,False,83.39824138833303,4.385476536391273e-06,True
1000,30,0.1970277290236877,False,78.16971387095303,3.9412216322994546e-08,True
1000,30,0.07775117568800649,False,79.84800665430957,4.015661887624573e-05,True
1000,30,0.013696688845705102,True,62.67778048612336,1.190910558355447e-05,True
1000,30,0.1936090647821615,False,87.85217223647157,0.00010158878367924363,True
1000,30,0.07191129601301366,False,69.64915050929672,9.432533598231381e-06,True
1000,30,0.041198305726533775,True,67.0026118893883,0.0002571379707930506,True
1000,30,0.0579780680160652,False,72.55388801895228,1.2546954403609503e-05,True
1000,30,0.6838476648226695,False,98.11557810392122,2.8874915384161213e-07,True
1000,30,0.04117894506279197,True,72.23113940676832,9.235166059513544e-06,True
1000,30,0.02104500192695357,True,67.0671616118251,8.90265313555694e-05,True
1000,30,0.02334089425143452,True,64.29152354704311,0.00016159877430434465,True
1000,30,0.00970339525732865,True,62.935979375870524,9.393571412887409e-05,True
1000,30,0.27844442388778007,False,83.39824138833303,8.355011251373361e-08,True
1000,30,0.01704781893161204,True,72.74753718626265,0.00012111750556791968,True
1000,30,0.15032390853078254,False,77.84696525876907,1.333756357458287e-05,True
1000,30,0.16430494641391385,False,82.88184360883872,1.992092547482423e-07,True
1000,30,0.26004040368811226,False,82.62364471909156,0.0003804138774090115,True
1000,30,0.13020130860183793,False,77.97606470364266,6.868924714572857e-08,True
1000,30,0.02922605123330036,True,74.10308135743524,6.766004051122905e-06,True
1000,30,0.381401662035211,False,97.5991803244269,4.088381719355745e-10,True
1000,30,0.023412659167812568,True,68.29360633812412,1.2268197536788506e-05,True
1000,30,0.0895791234861744,False,84.88288500437922,0.00021447076080098536,True
1000,30,0.05400038855229978,False,68.22905661568733,4.020845507663275e-05,True
1000,30,0.07312605676802414,False,80.3644044338039,0.0027680700598694116,True
1000,30,0.20809523289807905,False,77.84696525876907,3.2402873214553167e-07,True
1000,30,0.0032700484131457613,True,61.70953464957151,3.38181697822791e-07,True
1000,30,0.04417610916122548,True,69.84279967660709,9.263169852947665e-06,True
1000,30,0.13829984161113457,False,75.52317525104462,0.00019251394580783936,True
1000,30,0.03630611537806366,True,72.48933829651548,0.0005519997559813002,True
1000,30,0.07512189431403485,False,77.91151498120587,9.084369994219686e-06,True
1000,30,0.07236589351384795,False,74.49037969205598,5.850831005579445e-06,True
1000,30,0.06359964607693096,False,74.3612802471824,0.00015333172115036036,True
1000,30,0.053345711871623104,False,70.81104551315893,8.596507425357333e-07,True
1000,30,0.07059977771404219,False,68.81000411761843,1.4289762154339789e-05,True
1000,30,0.00208493408810922,True,50.99428072506432,9.370707867111071e-05,True
1000,30,0.04016059468942612,True,68.81000411761843,2.4018642201679465e-05,True
1000,30,0.08114387206249064,False,72.16658968433153,5.170518111736347e-07,True
1000,30,0.016506827956186406,True,67.38991022400906,4.3886072645493295e-06,True
1000,30,0.005665260876429877,True,57.06195463412261,4.6739273972694293e-07,True
1000,30,0.2424230482761941,False,90.3050616890696,4.934910158135885e-05,True
1000,30,0.42672729762299055,False,87.72307279159799,1.7733566601799515e-09,True
1000,30,0.051214537981762655,False,72.23113940676832,0.0005595942265396076,True
1000,30,0.2580167672521228,False,78.94431054019451,0.00012067300771358727,True
1000,30,0.07995023749557824,False,68.4227057829977,8.899882314899085e-05,True
1000,30,0.017349690270959815,True,67.45445994644584,6.258902119242e-05,True
1000,30,0.19324383464644002,False,83.6564402780802,9.465110457915172e-07,True
1000,30,0.09500985389104559,False,80.04165582161994,0.0003515000111951297,True
1000,30,0.029495773094382168,True,71.32744329265326,3.3841300157805145e-07,True
1000,30,0.129852961902134,False,82.23634638447082,2.3739781329474855e-06,True
1000,30,0.19166610328577027,False,80.04165582161994,9.026456075776048e-07,True
1000,30,0.0014845324442103955,True,58.869346862352735,0.00038841172530337456,True
1000,30,0.10985934757250924,False,87.85217223647157,4.539347236579336e-07,True
1000,30,0.066700424389792,False,72.87663663113622,8.441092446417289e-08,True
1000,30,0.04435475321759238,True,71.26289357021646,3.202251701935253e-05,True
1000,30,0.18970692376955695,False,84.3019375024481,6.717414479391221e-07,True
1000,30,0.0018248896723339575,True,53.705369067409514,1.5113895109252684e-05,True
1000,30,0.4054365364073681,False,91.98335447242614,7.278077370227412e-07,True
1000,30,0.13152618293690613,False,75.91047358566537,8.855727705300852e-05,True
1000,30,0.08569981047261208,False,75.32952608373425,7.291857382083675e-05,True
1000,30,0.014868905968746715,True,62.87142965343373,1.7707651861845521e-06,True
1000,30,0.027983568436709075,True,72.87663663113622,0.00012514828168502868,True
1000,30,0.004826132227343468,True,67.0026118893883,2.0150097269418067e-06,True
1000,30,0.03443299307261072,True,71.0692444029061,0.00020319220539023988,True
1000,30,0.05728689068196906,False,69.45550134198633,0.00010209522727942312,True
1000,30,0.29983384573164046,False,95.53358920644962,8.2234835603192e-08,True
1000,30,0.2947757125460006,False,82.62364471909156,7.016115842192706e-06,True
1000,30,0.007582879285994089,True,62.67778048612336,0.0010541076065854185,True
1000,30,0.0018884678754790183,True,50.73608183531716,0.0006524051393895186,True
1000,30,0.01280591064372229,True,62.03228326175546,5.834411301940882e-06,True
1000,30,0.11833079280962078,False,78.62156192801056,0.0002576495328724673,True
1000,30,0.17543990084122404,False,87.20667501210367,6.283539264666648e-08,True
1000,30,0.10005906220964714,False,73.00573607600981,0.00186472916246451,True
1000,30,0.015604366196425464,True,70.23009801122782,2.8249088987704105e-06,True
1000,30,0.015451742563072232,True,70.94014495803252,2.9322960178505222e-05,True
1000,30,0.04595716804025624,True,70.10099856635425,0.00010930647343669717,True
1000,30,0.7163978033485254,False,99.40657255265702,4.5597922032894795e-05,True
1000,30,0.19655650033131428,False,77.39511720171154,2.0240125944607768e-06,True
1000,30,0.12879805598586844,False,80.62260332355106,0.0002639487786300874,True
1000,30,0.08864195047982602,False,76.81416969978044,2.87076713685038e-05,True
1000,30,0.10451297051503401,False,82.42999555178119,0.00041591031222474624,True
1000,30,0.030443492616196912,True,65.00157049384781,1.9297056966878384e-05,True
1000,30,0.1827403775711384,False,83.6564402780802,1.9109638442107632e-05,True
1000,30,0.0069886586250229145,True,58.93389658478952,0.00033732857619717186,True
1000,30,0.06688378588249817,False,76.10412275297574,5.048574876596359e-08,True
1000,30,0.3394563792420993,False,88.94951751789701,3.767034142702851e-09,True
1000,30,0.10071291583414496,False,80.04165582161994,2.011240651518024e-06,True
1000,30,0.017187057572360092,True,71.26289357021646,0.0004733646415026304,True
1000,30,0.06873269896241989,False,71.32744329265326,4.513639817198183e-05,True
1000,30,0.02509962914238878,True,70.23009801122782,0.00018078944580246983,True
1000,30,0.16347604993441436,False,80.88080221329822,8.897080755833247e-05,True
1000,30,0.22756479303885724,False,81.52629943766613,0.0005102235387470358,True
1000,30,0.2340534659134846,False,84.3019375024481,0.0004238178868869928,True
1000,30,0.046409363763588375,True,68.93910356249202,0.00019876715188585752,True
1000,30,0.13197211049327084,False,76.81416969978044,3.257253290517049e-05,True
1000,30,0.05756450956556906,False,74.03853163499845,2.5951047375163267e-05,True
1000,30,0.4467020257638494,False,93.6616472557827,3.0851988388465594e-07,True
1000,30,0.0916701435498387,False,75.91047358566537,8.319376519452714e-06,True
1000,30,0.10591475097694396,False,82.88184360883872,2.153972794978423e-06,True
1000,30,0.058681950925566405,False,71.32744329265326,1.1623381855875203e-05,True
1000,30,0.013888725497267312,True,63.710576045112006,0.0017426347866593632,True
1000,30,0.010265604962652823,True,67.97085772594016,2.0006190520365738e-07,True
1000,30,0.047866752239394954,True,72.55388801895228,2.702518848443598e-06,True
1000,30,0.11705669531263818,False,74.87767802667672,1.874913264337572e-05,True
1000,30,0.011934339866354627,True,63.00052909830731,0.00024808941073822913,True
1000,30,0.08809329789413235,False,75.45862552860784,1.7228403403397887e-05,True
1000,30,0.15047456879205956,False,80.04165582161994,9.006915753881199e-07,True
1000,30,0.18618117974744178,False,80.17075526649353,3.052255964697096e-06,True
1000,30,0.038209471450642456,True,71.97294051702116,2.450849329621411e-07,True
1000,30,0.2288054733701549,False,81.39719999279254,7.791262920758776e-07,True
1000,30,0.013365030401681802,True,67.6481091137562,0.00045759008228030503,True
1000,30,0.01167341675674209,True,63.32327771049126,3.031890244107596e-05,True
1000,30,0.12029413466383339,False,87.01302584479329,0.00012808755654085624,True
1000,30,0.04498972770379696,True,72.68298746382585,2.9062373199332474e-05,True
1000,30,0.14553763501107883,False,80.68715304598786,1.3695303694899418e-08,True
1000,30,0.13077371352118541,False,78.10516414851624,1.678488983844222e-05,True
1000,30,0.05513746248679073,False,78.4279127607002,2.1353023401545316e-06,True
1000,30,0.011807916155759804,True,66.486214109894,0.00010090865668899538,True
1000,30,0.04690285198064067,True,72.23113940676832,2.1844257639604088e-05,True
1000,30,0.0030872709620518627,True,58.03020047067446,0.00024695742686689867,True
1000,30,0.11685108316694752,False,83.20459222102266,9.182357386686317e-06,True
1000,30,0.009102020514805005,True,58.546598250168785,3.41486690039102e-05,True
1000,30,0.08496307813391113,False,80.55805360111427,7.842925375862904e-06,True
1000,30,0.06475731345796837,False,71.45654273752685,0.00045316412820462133,True
1000,30,0.03466522397855805,True,72.81208690869944,3.2452597329389585e-05,True
1000,30,0.28978660410132545,False,85.72203139605749,5.683463482689889e-06,True
1000,30,0.04346513048843006,True,77.58876636902191,7.277065096453804e-06,True
1000,30,0.028554445785161035,True,67.38991022400906,0.00022325949066203277,True
1000,30,0.08854469803894005,False,84.17283805757452,1.491181280905704e-05,True
1000,30,0.04659445574025223,True,65.45341855090534,0.0010435140813061551,True
1000,30,0.06689875195967865,False,76.16867247541254,5.370261698487611e-07,True
1000,30,0.044206306927421016,True,77.33056747927475,3.5153667546854273e-06,True
1000,30,0.015641621258515193,True,71.13379412534289,3.584447606622679e-05,True
1000,30,0.01762351289806125,True,62.54868104124978,1.916627221082697e-05,True
1000,30,0.06614656048492498,False,71.13379412534289,2.578387807135555e-05,True
1000,30,0.16267998613202156,False,87.33577445697725,3.4622592929437247e-06,True
1000,30,0.027601196033687537,True,69.0682030073656,1.9428748788466994e-06,True
1000,30,0.004328335883039256,True,54.54451545908778,7.563328143038309e-05,True
1000,30,0.025097112023290808,True,67.6481091137562,0.0003347776879553961,True
1000,30,0.11815349724454881,False,78.68611165044734,6.448031823346835e-05,True
1000,30,0.006799770891026455,True,55.38366185076606,4.777112669210608e-05,True
1000,30,0.01363961155665333,True,61.25768659251398,8.5999581056497e-06,True
1000,30,0.14042043847768212,False,80.945351935735,7.010032744522668e-08,True
1000,30,0.09324437648168159,False,78.94431054019451,4.4656455329640816e-07,True
1000,30,0.2252282534697282,False,85.14108389412638,7.323109839068004e-08,True
1000,30,0.0003873089770782693,True,53.1244215654784,2.271558519929364e-05,True
1000,30,0.038031362782848514,True,68.93910356249202,0.005706440760402116,True
1000,30,0.0078053883271543365,True,67.38991022400906,0.0005111227435574547,True
1000,30,0.031906769802427015,True,71.65019190483721,2.881329957972189e-05,True
1000,30,0.09780621307072412,False,77.39511720171154,1.0539052673594785e-05,True
1000,30,0.12031953744723345,False,82.17179666203403,0.00019056858686846128,True
1000,30,0.38097440900219853,False,89.46591529739133,2.6297619563552057e-07,True
1000,30,0.005906723873845498,True,55.70641046295001,6.338527773577802e-05,True
1000,30,0.01718833786846639,True,67.0671616118251,2.1945618123849036e-05,True
1000,30,0.006630896717416303,True,61.967733539318665,2.107433713946345e-05,True
1000,30,0.028386188794626933,True,70.42374717853819,0.000200109230380673,True
1000,30,0.029598773248794313,True,73.45758413306734,3.9592412864111633e-07,True
1000,30,0.006911117843587716,True,62.16138270662904,4.352436676043013e-06,True
1000,30,0.03721670071222059,True,69.52005106442313,1.5753708711519402e-06,True
1000,30,0.08081348726884167,False,76.68507025490685,3.84651630670213e-05,True
1000,30,0.1668996512473087,False,76.10412275297574,2.3188433885579596e-06,True
1000,30,0.03353593033515986,True,75.65227469591821,3.6556554702498413e-06,True
1000,30,0.044796995355912084,True,71.39199301509005,3.136658143306124e-06,True
1000,30,0.06479317552493503,False,80.68715304598786,1.4395362185061642e-07,True
1000,30,0.10315675120151371,False,72.29568912920512,0.0001783364293850188,True
1000,30,0.11337869647217651,False,80.55805360111427,5.451290963264283e-06,True
1000,30,0.008126081065739811,True,61.0640374252036,7.286696034002109e-05,True
1000,30,0.04397550482581415,True,68.68090467274486,5.670610943404738e-06,True
1000,30,0.0314207519708745,True,67.97085772594016,4.012144471528663e-07,True
1000,30,0.2915942294090543,False,88.17492084865552,2.2215405788434243e-05,True
1000,30,0.07828444515604467,False,73.52213385550412,2.9812601701169124e-06,True
1000,30,0.087034476063178,False,81.20355082548217,7.221844749439486e-05,True
1000,30,0.00950213820931793,True,63.77512576754879,4.50446623518841e-06,True
1000,30,0.08996519631006501,False,77.6533160914587,1.540216396087259e-06,True
1000,30,0.03572973464855858,True,72.48933829651548,3.294296230860004e-05,True
1000,30,0.0024388551218312315,True,63.065078820744105,4.311688133067515e-06,True
1000,30,0.046931894105485754,True,74.03853163499845,8.39158125462925e-06,True
1000,30,0.2787688356257226,False,85.0119844492528,6.878074473679314e-05,True
1000,30,0.048449738667874755,True,72.94118635357302,1.7578788845579787e-05,True
1000,30,0.16033002669637333,False,81.0099016581718,0.0001516771346422813,True
1000,30,0.29124605373897855,False,89.14316668520738,3.008057620926645e-07,True
1000,30,0.13037409252067683,False,80.62260332355106,3.5146274366030207e-06,True
1000,30,0.17306211875887437,False,82.88184360883872,9.268688597609244e-06,True
1000,30,0.01256780457939798,True,68.48725550543449,4.470571630212632e-06,True
1000,30,0.05351667785513899,False,75.97502330810215,2.589552558867133e-07,True
1000,30,0.03512271336103499,True,69.64915050929672,5.674846322355287e-06,True
1000,30,0.0019970242661726217,True,58.61114797260557,1.2478917474338733e-05,True
1000,30,0.05744731613635252,False,75.58772497348141,6.500600117704352e-05,True
1000,30,0.08254644072723716,False,76.55597081003327,4.958369227248147e-05,True
1000,30,0.10636632291328971,False,80.2998547113671,7.618294024594212e-06,True
1000,30,0.016975131586638055,True,61.19313687007718,0.0005606035194824369,True
1000,30,0.05525031486336649,False,72.94118635357302,1.0600531761575726e-05,True
1000,30,0.010991591753332388,True,63.83967548998559,2.9142793092121873e-05,True
1000,30,0.04245781133817717,True,71.58564218240042,0.00014786331374122758,True
1000,30,0.319372678544046,False,87.40032417941404,1.5914713310314506e-06,True
1000,30,0.031927261543208636,True,75.716824418355,0.00014856264524563481,True
1000,30,0.01870862972418396,True,60.999487702766814,0.00014293133519755616,True
1000,30,0.03187853858509645,True,69.0682030073656,1.9053587370416302e-07,True
1000,30,0.23385430471678625,False,78.68611165044734,1.659773760005689e-05,True
1000,30,0.09481087989936078,False,77.52421664658513,2.0617373384774571e-07,True
1000,30,0.1402315706833127,False,85.59293195118391,2.103132658774024e-07,True
1000,30,0.010060947831449866,True,60.483089923272495,7.522298684304578e-05,True
1000,30,0.01937393061827451,True,60.87038825789323,2.6863619288762006e-05,True
1000,30,0.0738206018085342,False,78.62156192801056,8.952067683081467e-06,True
1000,30,0.0459325743746608,True,76.87871942221722,0.00011395527797992314,True
1000,30,0.14382941314044556,False,87.78762251403478,2.819269457850539e-07,True
1000,30,0.22746005538805858,False,84.94743472681601,6.798571978999826e-06,True
1000,30,0.2546972421195804,False,85.52838222874712,1.8615639879657423e-06,True
1000,30,0.17178422216098332,False,76.68507025490685,5.426282712199478e-07,True
1000,30,0.025637917489912534,True,64.74337160410064,1.954386987797554e-05,True
1000,30,0.36224611674794743,False,83.0109430537123,9.863224809609998e-07,True
1000,30,0.09055104701392792,False,76.94326914465401,0.00014166366883780086,True
1000,30,0.08946606279350461,False,77.78241553633228,0.0003478632081223175,True
1000,30,0.08659154909842152,False,73.45758413306734,0.00010550831903248177,True
1000,30,0.055329808399166604,False,73.13483552088339,2.9841720776125624e-05,True
1000,30,0.03818800791318676,True,73.00573607600981,6.824195837314155e-06,True
1000,30,0.0317854819109655,True,74.29673052474561,0.0008893330057314822,True
1000,30,0.052437122359156575,False,78.3633630382634,4.713997092750832e-06,True
1000,30,0.009515501351688903,True,58.675697695042366,1.3509376123094492e-07,True
1000,30,0.0313697097051846,True,72.87663663113622,4.594205282386626e-07,True
1000,30,0.11697363649148247,False,76.49142108759648,1.3179367063282854e-05,True
1000,30,0.06643412864382044,False,76.81416969978044,6.587005269208753e-05,True
1000,30,0.019495458540502258,True,62.54868104124978,0.002170245653816361,True
1000,30,0.014995305442536959,True,65.58251799577893,3.4462277891294186e-06,True
1000,30,0.37673222710703347,False,90.9505589134375,1.574123411442455e-05,True
1000,30,0.10858431101039784,False,77.78241553633228,5.274132125931846e-07,True
1000,30,0.022046561570345954,True,66.87351244451473,5.120358091713016e-05,True
1000,30,0.049688312523609175,True,66.486214109894,0.0001355830791164813,True
1000,30,0.1435418459997423,False,84.56013639219526,6.981780073832993e-05,True
1000,30,0.06847786747784479,False,68.81000411761843,0.0007030154146314088,True
1000,30,0.0469295716539396,True,65.51796827334213,0.00021864819874518114,True
1000,30,0.027998185538274056,True,60.74128881301965,8.815388425781832e-06,True
1000,30,0.16833743996841521,False,82.23634638447082,1.2778112754912209e-05,True
1000,30,0.016038254964240946,True,69.39095161954955,6.668227832122757e-05,True
1000,30,0.11450100750409478,False,74.87767802667672,0.0001039318126496591,True
1000,30,0.12003136713430154,False,86.36752862042539,2.09996316756828e-06,True
1000,30,0.07463124903447775,False,80.49350387867747,4.75582818352674e-05,True
1000,30,0.028731824426473023,True,65.84071688552608,0.0001692798400132095,True
1000,30,0.01119276645214918,True,60.28944075596212,2.3544143064396132e-05,True
1000,30,0.009634992314597215,True,64.35607326947991,8.498969248152851e-05,True
1000,30,0.1785262754546735,False,78.68611165044734,1.7753754670244687e-06,True
1000,30,0.11017709550936841,False,75.97502330810215,5.147003385816327e-06,True
1000,30,0.03577910786372711,True,67.19626105669867,0.00012139318658813838,True
1000,30,0.020147049656210538,True,63.83967548998559,0.000602638108003168,True
1000,30,0.0014249702911933908,True,53.1244215654784,3.6113081988891024e-08,True
1000,30,0.08725152025239603,False,72.87663663113622,7.601107015965856e-08,True
1000,30,0.019954904847088877,True,72.68298746382585,4.073059361194214e-05,True
1000,30,0.2778790010371295,False,83.97918889026415,1.9036605340517792e-07,True
1000,30,0.02783223926793306,True,66.87351244451473,0.00015478847144887521,True
1000,30,0.011043947527046596,True,63.32327771049126,2.669457771133535e-08,True
1000,30,0.27369358647921616,False,83.46279111076983,7.740520787158562e-08,True
1000,30,0.0013419932064127086,True,55.83550990782359,5.8694691360108124e-05,True
1000,30,0.14052152783420138,False,78.75066137288414,1.5404829203970117e-06,True
1000,30,0.46187196159746885,False,90.75690974612714,9.726955052704361e-07,True
1000,30,0.18008860801094181,False,88.94951751789701,1.306750563400478e-06,True
1000,30,0.04333005343578628,True,74.94222774911351,5.716761222414462e-07,True
1000,30,0.02687561498204308,True,68.55180522787127,1.4176317403029016e-07,True
1000,30,0.0052857522597261975,True,61.90318381688188,4.310010858951931e-05,True
1000,30,0.0587754372570203,False,79.0734099850681,5.3761574893082496e-05,True
1000,30,0.06472085766733993,False,69.7137002317335,5.367504207446893e-05,True
1000,30,0.027476851403422767,True,72.29568912920512,6.635136302160678e-06,True
1000,30,0.032550991665133054,True,68.93910356249202,2.413463080929288e-05,True
1000,30,0.07514663378250151,False,76.23322219784932,3.325489545930899e-06,True
1000,30,0.038637407975306744,True,72.42478857407869,1.4678209276882763e-06,True
1000,30,0.18762166528422533,False,84.10828833513773,1.3963876824329203e-06,True
1000,30,0.004046925332508043,True,57.19105407899619,0.00030733431296111225,True
1000,30,0.11136312339133651,False,77.97606470364266,1.561446427781713e-05,True
1000,30,0.12679611251376552,False,82.3008961069076,4.12393591822324e-07,True
1000,30,0.21886993024129528,False,80.75170276842464,5.7955933093643345e-06,True
1000,30,0.16919161422034054,False,81.97814749472366,0.00033443686292914423,True
1000,30,0.1309079169836248,False,79.0088602626313,6.627567461979179e-07,True
1000,30,0.007732388164631224,True,65.45341855090534,8.580259319746944e-06,True
1000,30,0.04060742392744493,True,69.0682030073656,7.826059459177952e-07,True
1000,30,0.015300159750606829,True,68.16450689325053,0.00015110475671187165,True
1000,30,0.020606103348747646,True,72.10203996189475,1.4631356687356185e-06,True
1000,30,0.05129524406618039,False,68.03540744837696,5.355428124002201e-07,True
1000,30,0.11819843743345114,False,78.2988133158266,0.002898490404525061,True
1000,30,0.03881067216762901,True,70.61739634584856,0.0008105898395346555,True
1000,30,0.08666534468618296,False,74.49037969205598,0.00025958927827789894,True
1000,30,0.01930819995172513,True,72.61843774138906,5.65804839831157e-06,True
1000,30,0.06407264598109627,False,75.52317525104462,2.98029154895681e-05,True
1000,30,0.13534980397553303,False,83.6564402780802,2.5258641263987576e-06,True
1000,30,0.0920042807481339,False,80.2998547113671,6.800581973593218e-05,True
1000,30,0.15309557984815358,False,83.14004249858588,1.3481901588342768e-05,True
1000,30,0.10653031860765476,False,73.32848468819375,4.4532523226008106e-05,True
1000,30,0.06516406639191885,False,75.97502330810215,2.8171178113160377e-06,True
1000,30,0.01578994027781618,True,67.38991022400906,2.4943929039698733e-05,True
1000,30,0.03590572112535395,True,70.03644884391746,0.0012435792732103728,True
1000,30,0.06374198765869508,False,75.13587691642388,1.841247462882032e-05,True
1000,30,0.010154499706447037,True,61.774084372008296,2.7327564225233417e-05,True
1000,30,0.10353516936804125,False,77.13691831196438,2.5932801156822556e-06,True
1000,30,0.03801784601251677,True,74.49037969205598,1.3349409290394735e-05,True
1000,30,0.01907909332761456,True,66.80896272207794,2.109244918691036e-06,True
1000,30,0.10848778953760366,False,77.26601775683797,8.5433357358715e-06,True
1000,30,0.05479080470557405,False,71.97294051702116,0.0001505172138099347,True
1000,30,0.005719188698863631,True,55.90005963026038,4.468363532567191e-05,True
1000,30,0.05279628839065693,False,76.10412275297574,1.6779070192643903e-08,True
1000,30,0.16478610347362138,False,84.94743472681601,8.999100128605086e-07,True
1000,30,0.005550825743488946,True,60.67673909058286,0.0003241690650810336,True
1000,30,0.10288011782539537,False,80.55805360111427,1.1889952646214667e-06,True
1000,30,0.051741593611120726,False,71.39199301509005,0.0009065355582740393,True
1000,30,0.00016540500765046772,True,52.4789243411105,9.661250036728943e-06,True
1000,30,0.052766995988707724,False,72.29568912920512,7.691885598735997e-07,True
1000,30,0.05975721413996747,False,73.26393496575697,6.229775575644552e-06,True
1000,30,0.07824674900777878,False,76.62052053247007,0.0001670094809145383,True
1000,30,0.09403927484345878,False,73.52213385550412,4.401963159165447e-05,True
1000,30,0.5188413829761731,False,90.11141252175923,7.115127544173454e-07,True
1000,30,0.08550436614485932,False,76.49142108759648,3.3756169477693055e-06,True
1000,30,0.1405880714032312,False,81.59084916010292,3.833104640264656e-05,True
1000,30,0.05562661175625299,False,74.3612802471824,3.921771196706475e-05,True
1000,30,0.016837963421868583,True,68.48725550543449,0.00027424033376550403,True
1000,30,0.0038737316669823834,True,52.67257350842087,9.274460791268828e-06,True
1000,30,0.08814008553179006,False,77.26601775683797,0.0007037720859095647,True
1000,30,0.0038932009623086775,True,59.708493254031005,5.906101324271716e-06,True
1000,30,0.19919360726533214,False,81.91359777228686,5.6015337152082946e-08,True
1000,30,0.05077162857591674,False,69.26185217467597,0.0001422636679816438,True
1000,30,0.09442819758866464,False,87.6585230691612,5.63870295294253e-07,True
1000,30,0.21366914380089408,False,83.85008944539057,1.6491272396183163e-05,True
1000,30,0.008550784891074957,True,59.25664519697347,8.249808977802004e-05,True
1000,30,0.10404989280751166,False,75.39407580617105,3.129855244714153e-05,True
1000,30,0.17927208327567162,False,80.88080221329822,0.00029193295345733404,True
1000,30,0.1606681951321753,False,84.04373861270095,3.697481500222191e-05,True
1000,30,0.11246199332009633,False,74.81312830423994,6.997063180963255e-05,True
1000,30,0.027443185322288708,True,72.10203996189475,3.942097294524973e-05,True
1000,30,0.11934982382689255,False,83.78553972295379,0.00012556168545330878,True
1000,30,0.16233667040893301,False,81.59084916010292,0.00011167081340186697,True
1000,30,0.11534704161270404,False,81.46174971522933,0.0014661722563304573,True
1000,30,0.19235818287188483,False,85.98023028580465,1.2213927602381806e-05,True
1000,30,0.11280831161377773,False,86.23842917555181,3.6045054381204466e-05,True
1000,30,0.09112490722053587,False,77.6533160914587,1.48593116587432e-05,True
1000,30,0.004737038520492615,True,56.86830546681224,0.00010275489251002419,True
1000,30,0.03578058561241244,True,71.90839079458438,2.7354515501038577e-05,True
1000,30,0.11054678102325759,False,81.52629943766613,2.818156654433774e-07,True
1000,30,0.05901255193493206,False,73.39303441063055,2.774754565086133e-06,True
1000,30,0.054017213741969536,False,72.55388801895228,2.941307596820813e-06,True
1000,30,0.0051832493483798,True,61.774084372008296,4.1498135035832915e-06,True
1000,30,0.014818165150767719,True,63.77512576754879,4.82442931955316e-05,True
1000,30,0.1535348710566119,False,84.62468611463206,2.5479069395849644e-07,True
1000,30,0.01150311348350135,True,71.65019190483721,9.814540115040005e-05,True
1000,30,0.16791402999003238,False,82.23634638447082,5.930281429858571e-07,True
1000,30,0.038337428923216094,True,71.00469468046931,0.0004349000363186153,True
1000,30,0.009468196045540979,True,62.35503187393941,0.00026313503646290367,True
1000,30,0.055858644800931403,False,69.45550134198633,0.0009536140733843606,True
1000,30,0.03731178662402069,True,75.78137414079178,0.000365870273401832,True
1000,30,0.08715251457180948,False,75.13587691642388,1.485427975603654e-06,True
1000,30,0.05610826730597881,False,76.68507025490685,6.395924137646271e-05,True
1000,30,0.2067321396197216,False,86.49662806529898,9.59744425593906e-06,True
1000,30,0.1542077048249352,False,80.88080221329822,7.996387767030955e-05,True
1000,30,0.15092968252488406,False,78.4279127607002,9.657534337594153e-07,True
1000,30,0.03257558438236363,True,73.97398191256165,5.67919233983292e-06,True
1000,30,0.0891816451754724,False,70.48829690097499,0.00014119575533934304,True
1000,30,0.07438786864569134,False,80.04165582161994,1.007904997784473e-05,True
1000,30,0.04694585686165123,True,75.39407580617105,2.55966870548084e-06,True
1000,30,0.3324163032542608,False,91.53150641536861,2.015321863482112e-06,True
1000,30,0.038523939598988116,True,71.84384107214758,3.014075410282698e-05,True
1000,30,0.006858886200091583,True,67.38991022400906,4.146383223807424e-08,True
1000,30,0.009667126797603901,True,58.09475019311125,8.595322592029525e-06,True
1000,30,0.20848854765881988,False,81.33265027035576,0.0015093820050263156,True
1000,30,0.03519660613023262,True,70.55284662341178,0.00016351266965252794,True
1000,30,0.018220613461781332,True,64.4851727143535,4.7347034128493673e-07,True
1000,30,0.054143953321156145,False,66.22801522014683,0.00016408965437430766,True
1000,30,0.04407228466748853,True,71.13379412534289,2.15683068191872e-06,True
1000,30,0.12639439261258031,False,79.91255637674637,2.4548051946454753e-05,True
1000,30,0.05223555688234116,False,70.61739634584856,4.864155394560505e-06,True
1000,30,0.03849469048968927,True,73.32848468819375,0.00019354915172340017,True
1000,30,0.04390457229335673,True,74.29673052474561,1.7545874511695186e-06,True
1000,30,0.02281354882692843,True,65.7761671630893,1.5887275417483213e-07,True
1000,30,0.032767227666567825,True,67.38991022400906,0.0004392569082247569,True
1000,30,0.08084138423753287,False,77.45966692414834,0.00012115531505687469,True
1000,30,0.18473390998511807,False,85.6574816736207,0.0002346856709869658,True
1000,30,0.12710648392003504,False,78.55701220557377,1.4715097870510408e-05,True
1000,30,0.02808154227676729,True,68.4227057829977,0.0009709537846041828,True
1000,30,0.04823495067845571,True,75.84592386322858,0.000552237588342162,True
1000,30,0.025826727425248174,True,75.07132719398709,0.00026642693493516846,True
1000,30,0.027956314094479642,True,71.26289357021646,0.0002702586857258962,True
1000,30,0.13208485241984735,False,80.04165582161994,0.0010640045469734807,True
1000,30,0.10773542673229905,False,79.91255637674637,0.0001288723168311362,True
1000,30,0.01006443101658651,True,64.09787437973274,5.862369715425016e-06,True
1000,30,0.09342779166909758,False,78.94431054019451,4.793328160758585e-06,True
1000,30,0.10968193941547856,False,73.32848468819375,2.6375308264619083e-05,True
1000,30,0.12694196420427864,False,77.33056747927475,0.00012613617294064762,True
1000,30,0.05984109564197239,False,76.49142108759648,6.667809975295485e-06,True
1000,30,0.016843830340543913,True,59.90214242134138,1.019013897759962e-05,True
1000,30,0.017944825468228662,True,61.90318381688188,5.34885130761981e-05,True
1000,30,0.05466803626753953,False,73.97398191256165,3.01282813805813e-05,True
1000,30,0.035768179698629235,True,73.78033274525129,0.006554398055201443,True
1000,30,0.019861738913024146,True,70.10099856635425,0.0001003728376389129,True
1000,30,0.003469901757806619,True,59.708493254031005,3.826623590251006e-05,True
1000,30,0.014101702852143147,True,64.4851727143535,3.249084635638811e-06,True
1000,30,0.06422370213545255,False,68.68090467274486,2.477585588457437e-05,True
1000,30,0.22060870128185683,False,87.91672195890835,1.7094226308251044e-06,True
1000,30,0.054295619932393166,False,73.19938524332018,1.593225193063314e-06,True
1000,30,0.04270562401618034,True,73.65123330037771,0.0021538795477040722,True
1000,30,0.03246612461221627,True,76.62052053247007,1.835591682147865e-05,True
1000,30,0.018990914438476437,True,64.80792132653744,1.0171779677984648e-05,True
1000,30,0.08446005938378262,False,79.26705915237847,5.460567085126619e-06,True
1000,30,0.2694034003901226,False,85.59293195118391,1.296221336225679e-06,True
1000,30,0.4936294793819625,False,92.82250086410443,5.628129345444833e-07,True
1000,30,0.214596317546356,False,82.49454527421797,7.523346130570128e-06,True
1000,30,0.13752989641396152,False,78.4279127607002,1.641705597185328e-05,True
1000,30,0.07132400167462591,False,75.84592386322858,9.587975038430368e-07,True
1000,30,0.02560680987629743,True,71.97294051702116,1.6763250503939795e-05,True
1000,30,0.05458932131485782,False,69.45550134198633,9.616437604407467e-08,True
1000,30,0.05540193197282175,False,78.62156192801056,0.00014926710077053126,True
1000,30,0.11043416760344507,False,77.13691831196438,0.00064337724624095,True
1000,30,0.09547141186619902,False,79.26705915237847,1.8818694442609391e-06,True
1000,30,0.0032591699729296953,True,51.897976839179385,8.59414512031696e-06,True
1000,30,0.03992529083633681,True,69.0036532849288,9.817364756043692e-05,True
1000,30,0.12290661646977352,False,77.6533160914587,4.127235287900916e-05,True
1000,30,0.08916223278356022,False,70.68194606828536,3.254120358882999e-06,True
1000,30,0.03329141275660241,True,71.00469468046931,4.673386020022618e-06,True
1000,30,0.04062837710316041,True,70.68194606828536,0.00030185719541577676,True
1000,30,0.009834287190799658,True,63.19417826561768,2.6121692136459423e-05,True
1000,30,0.03436272310629189,True,72.68298746382585,7.973493138891875e-06,True
1000,30,0.05845606284937781,False,70.10099856635425,0.0010732788488601835,True
1000,30,0.08674937258052541,False,72.03749023945795,1.6402408449237397e-06,True
1000,30,0.01077799863401427,True,60.67673909058286,6.247079983700123e-07,True
1000,30,0.0309284449841704,True,63.904225212422375,1.0164734722011443e-06,True
1000,30,0.12101123506473765,False,75.20042663886068,2.2761829175530416e-05,True
1000,30,0.027983827398404628,True,69.13275272980239,6.077250442213292e-05,True
1000,30,0.22153487946255965,False,81.0744513806086,8.688661378278464e-07,True
1000,30,0.026802728929911906,True,75.52317525104462,6.048915692431622e-08,True
1000,30,0.408793536068721,False,85.78658111849428,3.7637976732663967e-06,True
1000,30,0.005739405124889303,True,61.90318381688188,5.20753302449965e-05,True
1000,30,0.05825627587224977,False,80.2998547113671,3.774806001443109e-05,True
1000,30,0.012972126096741816,True,71.84384107214758,0.0003152201486912386,True
1000,30,0.03894729790381983,True,70.29464773366462,0.0001012107691424008,True
1000,30,0.04001598160653727,True,71.58564218240042,0.00026894212965058485,True
1000,30,0.4232444959403981,False,93.0161500314148,1.602962199592005e-07,True
1000,30,0.06256100084253942,False,76.23322219784932,8.340330048284923e-06,True
1000,30,0.017310475587177982,True,69.19730245223919,9.022569681292362e-05,True
1000,30,0.10697549792257872,False,78.10516414851624,1.704928636798425e-05,True
1000,30,0.03659036780611943,True,70.03644884391746,2.514821218197792e-05,True
1000,30,0.23124760882293208,False,83.97918889026415,2.6304278384060196e-05,True
1000,30,0.28625597337286884,False,81.39719999279254,4.136206876182912e-05,True
1000,30,0.04020082840782573,True,68.93910356249202,4.692067543635783e-09,True
1000,30,0.05059940441546706,False,67.26081077913547,1.8579263137447784e-06,True
1000,30,0.024495889502495236,True,72.81208690869944,6.758964037101449e-07,True
1000,30,0.0028150843651646162,True,60.16034131108854,3.618275552528953e-05,True
1000,30,0.026593449014830527,True,72.36023885164191,1.3709541181379448e-05,True
1000,30,0.2940077813573158,False,91.0151086358743,3.6970994405720636e-05,True
1000,30,0.04801256963094882,True,76.81416969978044,3.0043007795841497e-05,True
1000,30,0.046803661773516074,True,66.3571146650204,0.00020466715239683873,True
1000,30,0.04565552896280473,True,76.42687136515968,4.6861132953381246e-05,True
1000,30,0.024390639238177775,True,71.19834384777968,0.00014130713180876819,True
1000,30,0.03587510842339275,True,69.90734939904387,1.768804136519285e-07,True
1000,30,0.04993245241404875,True,69.7137002317335,0.00010202840888886387,True
1000,30,0.006820709046500911,True,58.15929991554804,0.0001157277145936283,True
1000,30,0.0368846024450609,True,69.0036532849288,4.086390949126368e-06,True
1000,30,0.4403321970396762,False,89.78866390957528,1.345649245969899e-07,True
1000,30,0.11953822666302445,False,74.61947913692956,3.349863408336992e-05,True
1000,30,0.4312929444692736,False,95.53358920644962,4.101335576444692e-08,True
1000,30,0.08124880034489071,False,74.74857858180314,1.6627716917768252e-05,True
1000,30,0.012988781007917019,True,62.22593242906583,5.0633656342639026e-05,True
1000,30,0.20250156934872698,False,77.78241553633228,2.3884720314614563e-06,True
1000,30,0.029473654503013185,True,71.39199301509005,1.3872704313028818e-05,True
1000,30,0.03606447787745765,True,69.13275272980239,2.1932928587031093e-05,True
1000,30,0.009602127610331882,True,59.385744641847054,9.544416709141917e-05,True
1000,30,0.19198110614768293,False,86.62572751017255,6.068257831840171e-06,True
1000,30,0.040590457658254225,True,77.33056747927475,0.00013857659342647797,True
1000,30,0.07372174651388609,False,73.52213385550412,7.552651422367772e-06,True
1000,30,0.1005369268304749,False,71.32744329265326,3.749788352422632e-09,True
1000,30,0.05461808571539793,False,70.03644884391746,5.456314277891724e-06,True
1000,30,0.009778028579484791,True,66.61531355476757,3.769044031825736e-05,True
1000,30,0.05933649025902733,False,70.10099856635425,3.238429133017707e-06,True
1000,30,0.010847517334382797,True,64.4206229919167,1.2557681985278556e-05,True
1000,30,0.01858408402794054,True,62.4195815963762,0.0003937818446972101,True
1000,30,0.0059590874621365236,True,60.74128881301965,0.00010091221561640693,True
1000,30,0.1264952948134103,False,84.3019375024481,2.407347589431838e-06,True
1000,30,0.06795949051756167,False,75.00677747155031,4.639476582917408e-09,True
1000,30,0.05573268698956091,False,67.0026118893883,5.474857241264555e-05,True
1000,30,0.029256080747150297,True,68.74545439518165,0.00020375699510309935,True
1000,30,0.07019720728759365,False,77.58876636902191,0.0007458116510646378,True
1000,30,0.10283110747614277,False,82.62364471909156,4.4135672066851996e-08,True
1000,30,0.12956902528663816,False,80.04165582161994,3.376893327988659e-05,True
1000,30,0.03419526343100482,True,72.42478857407869,2.628976802750055e-05,True
1000,30,0.011396973773810305,True,65.90526660796287,3.2977220484031145e-05,True
1000,30,0.022196478836161156,True,65.7761671630893,3.4417317207784466e-05,True
1000,30,0.019528220815199848,True,76.42687136515968,2.978793758947381e-06,True
1000,30,0.026629926244173905,True,64.61427215922707,6.604652043225749e-06,True
1000,30,0.06509137028064024,False,83.85008944539057,8.436862984851953e-07,True
1000,30,0.0632364844071362,False,74.23218080230882,0.0003136834599905895,True
1000,30,0.030321116876582444,True,69.39095161954955,1.6120463949964518e-05,True
1000,30,0.07268371032238388,False,81.7199486049765,3.1981066011553916e-06,True
1000,30,0.11471834366483043,False,81.46174971522933,0.00032705406626799436,True
1000,30,0.003935428638704224,True,63.387827432928056,6.380411928416635e-05,True
1000,30,0.07737256636985995,False,77.0078188670908,0.00016859548789815797,True
1000,30,0.011796695668359695,True,71.39199301509005,4.634642732323718e-05,True
1000,30,0.10719913118496727,False,76.29777192028611,1.5293205373046174e-06,True
1000,30,0.10125994147149853,False,74.61947913692956,4.467517370999918e-06,True
1000,30,0.24587778975290125,False,88.36857001596589,0.0011873943806183522,True
1000,30,0.16523145507112344,False,78.16971387095303,0.00010546482805204722,True
1000,30,0.11474787385894988,False,75.20042663886068,1.0331862740403515e-05,True
1000,30,0.046598739706808875,True,76.87871942221722,1.5882953701386271e-07,True
1000,30,0.2751038559403232,False,85.33473306143675,8.19439029781839e-06,True
1000,30,0.0633263543295735,False,69.7137002317335,6.098764815595807e-05,True
1000,30,0.33400667892392005,False,84.62468611463206,3.2426203044962627e-06,True
1000,30,0.032038353044582024,True,74.74857858180314,9.548077902392539e-06,True
1000,30,0.10529217423025787,False,81.84904804985007,0.00011877140676945984,True
1000,30,0.011875828859541538,True,60.54763964570928,0.0002403772155441807,True
1000,30,0.022503757645541096,True,73.07028579844659,2.0192990031417273e-05,True
1000,30,0.05716175477978495,False,69.7137002317335,2.2056431520076804e-08,True
1000,30,0.023711973078582773,True,73.84488246768808,0.00013171631658475509,True
1000,30,0.13512928383667783,False,78.62156192801056,1.181692809739111e-05,True
1000,30,0.04335600823503864,True,68.29360633812412,6.049455879682414e-06,True
1000,30,0.01271016800972231,True,66.09891577527324,0.0005735193307975317,True
1000,30,0.027871469486310484,True,71.45654273752685,3.0765974511808586e-06,True
1000,30,0.08366542953373539,False,79.97710609918316,4.203374019908527e-07,True
1000,30,0.11555418899079806,False,74.49037969205598,1.5838257612524598e-05,True
1000,30,0.3229436125030986,False,81.78449832741329,3.5451714046749387e-09,True
1000,30,0.061442076601305975,False,77.26601775683797,3.6563526747434547e-06,True
1000,30,0.05292385076939801,False,74.29673052474561,2.2882467718522873e-05,True
1000,30,0.010374697964628313,True,61.38678603738756,0.0001564651012783259,True
1000,30,0.037069931400876645,True,67.90630800350337,8.45576357068292e-06,True
1000,30,0.03462290243846108,True,72.87663663113622,2.44833867000395e-06,True
1000,30,0.029922491042795832,True,71.97294051702116,9.292429268937123e-05,True
1000,30,0.06303976712334239,False,70.61739634584856,0.0002532044011198318,True
1000,30,0.0078538681563704,True,67.26081077913547,0.00024299160403555936,True
1000,30,0.10230170808143262,False,85.07653417168959,9.741349186107616e-05,True
1000,30,0.029128948529380673,True,76.87871942221722,2.0781068979568635e-05,True
1000,30,0.07011181221169581,False,74.42582996961919,1.2073799730853578e-05,True
1000,30,0.03978558435428685,True,68.3581560605609,1.6320043054260451e-06,True
1000,30,0.21486447949157975,False,86.04478000824145,3.186191644576443e-05,True
1000,30,0.5676111315316592,False,96.3081858756911,6.947744110906838e-05,True
1000,30,0.24732503020896904,False,90.43416113394318,2.8258090059620707e-06,True
1000,30,0.06345681425212568,False,73.90943219012487,1.039284941714638e-06,True
1000,30,0.21149840173392484,False,82.9463933312755,0.0025041106163417623,True
1000,30,0.0008136630215183771,True,53.834468512283095,9.307784661669301e-06,True
1000,30,0.011922346505175043,True,61.70953464957151,3.9287521331783954e-05,True
1000,30,0.09073736463000891,False,77.13691831196438,2.415579351115332e-05,True
1000,30,0.10731185042049295,False,77.0078188670908,5.4778194639253097e-08,True
1000,30,0.18355682545129154,False,82.55909499665476,2.383362354460386e-05,True
1000,30,0.446804358384814,False,90.49871085637997,3.5128533502560965e-09,True
1000,30,0.11970253729443185,False,78.75066137288414,7.590374764964164e-06,True
1000,30,0.02218052374790047,True,65.84071688552608,0.0005165002465801866,True
1000,30,0.34155126602534286,False,85.46383250631033,4.618759671246805e-05,True
1000,30,0.005239269480055133,True,60.74128881301965,5.678105505747722e-06,True
1000,30,0.03470787903867156,True,68.16450689325053,0.0005463605158108287,True
1000,30,0.00889425822138614,True,65.38886882846855,2.4280675454771764e-06,True
1000,30,0.020689476033637095,True,69.52005106442313,1.5644121817636718e-06,True
1000,30,0.01663244745755064,True,68.68090467274486,6.047585401208201e-05,True
1000,30,0.8278987904004126,False,102.63405867449654,1.0528120233995067e-06,True
1000,30,0.10699807266800794,False,75.91047358566537,1.3408571600133543e-05,True
1000,30,0.001450375213787912,True,55.57731101807643,3.14583710593527e-05,True
1000,30,0.06558986517688195,False,73.32848468819375,1.5434848779691214e-05,True
1000,30,0.16737894851703705,False,77.0078188670908,1.6813634475851737e-06,True
1000,30,0.002249930562073736,True,46.863098489109746,5.961036090401497e-05,True
1000,30,0.03199530738647953,True,71.26289357021646,0.001556268933597235,True
1000,30,0.11967637613267387,False,77.97606470364266,2.3784589526870576e-05,True
1000,30,0.09605833789094989,False,78.81521109532093,0.00023652649734706897,True
1000,30,0.03776148501080399,True,69.90734939904387,0.00012043071825124044,True
1000,30,0.014559916042090794,True,63.00052909830731,4.497343046547015e-05,True
1000,30,0.05123026396124079,False,73.71578302281449,0.00016706211655021297,True
1000,30,0.0353233407253494,True,69.26185217467597,2.628238185552172e-05,True
1000,30,0.23565442830532263,False,80.42895415624069,0.00012157834342146246,True
1000,30,0.00462605562644098,True,55.06091323858211,0.00028707750082051223,True
1000,30,0.16297277653223627,False,84.49558666975848,2.5663119122867557e-07,True
1000,30,0.012473886912671733,True,64.74337160410064,4.498522391933854e-05,True
1000,30,0.3227573396496403,False,86.30297889798861,8.042643186206538e-06,True
1000,30,0.14776842271943988,False,79.78345693187279,0.0002144428700192739,True
1000,30,0.09402465015098022,False,78.87976081775773,1.1651956331718394e-07,True
1000,30,0.011875331248140818,True,65.32431910603177,6.648876105696676e-05,True
1000,30,0.08553109135775509,False,79.39615859725204,6.683896591430554e-07,True
1000,30,0.13775852727433935,False,78.81521109532093,0.0005796090674255231,True
1000,30,0.056851386020540066,False,70.55284662341178,1.8939094283105755e-06,True
1000,30,0.018209970817969216,True,71.00469468046931,7.22944127754189e-08,True
1000,30,0.1927166031688699,False,79.97710609918316,5.379527023552504e-06,True
1000,30,0.0308062660614845,True,68.74545439518165,5.884226003732363e-05,True
1000,30,0.01617462275580118,True,64.22697382460633,8.395014688826747e-05,True
1000,30,0.002338710481350785,True,58.61114797260557,5.9805524965333e-06,True
1000,30,0.04307770629111367,True,74.68402885936635,2.7660188328826126e-06,True
1000,30,0.38811648054094744,False,92.8870505865412,1.4686841089939443e-07,True
1000,30,0.24577748844197703,False,83.20459222102266,0.0001652195578972378,True
1000,30,0.12454694371711451,False,82.04269721716045,1.4926703462894382e-05,True
1000,30,0.15427388800115596,False,84.36648722488489,3.94116369192836e-07,True
1000,30,0.15326635239032305,False,81.6553988825397,4.132752001838628e-06,True
1000,30,0.03158272165515955,True,69.7137002317335,7.166582446338322e-05,True
1000,30,0.038888180408781274,True,72.48933829651548,3.1326017324298784e-07,True
1000,30,0.039023535009778954,True,75.97502330810215,6.541675589790369e-06,True
1000,30,0.21388762464414632,False,85.0119844492528,0.00012498439273925455,True
1000,30,0.00959773027971091,True,68.87455384005523,4.111614239396092e-07,True
1000,30,0.04448540980916762,True,74.49037969205598,4.198995696889519e-05,True
1000,30,0.0025494860265441554,True,60.74128881301965,1.669112532368778e-06,True
1000,30,0.017462778846029654,True,68.81000411761843,8.057574505065102e-06,True
1000,30,0.003370218324476057,True,61.19313687007718,6.171765959113455e-05,True
1000,30,0.11669514755116815,False,80.3644044338039,1.5294014406289934e-06,True
1000,30,0.032406733526798605,True,69.0682030073656,4.025934497636842e-06,True
1000,30,0.05301871858293509,False,67.38991022400906,0.0001063122122242721,True
1000,30,0.08888886420779962,False,78.87976081775773,7.713755208778886e-05,True
1000,30,0.04159599634497431,True,71.52109245996363,2.2426547634963614e-05,True
1000,30,0.08941738783715697,False,82.3654458293444,3.896043986671328e-07,True
1000,30,0.03016026509298354,True,66.486214109894,5.676555159980726e-07,True
1000,30,0.37112334910625855,False,91.85425502755257,2.747828022137555e-09,True
1000,30,0.10170372881220638,False,80.3644044338039,1.3925067360865876e-06,True
1000,30,0.22031631795284892,False,81.13900110304539,4.084356280480074e-09,True
1000,30,0.1653479634802583,False,85.72203139605749,1.7737486031996676e-05,True
1000,30,0.03290099638043742,True,66.4216643874572,0.0009474319190060634,True
1000,30,0.16902436356248585,False,81.84904804985007,4.039170992135312e-06,True
1000,30,0.06104927865026071,False,79.52525804212563,2.0963273341269967e-05,True
1000,30,0.06056637423701411,False,72.36023885164191,1.5890942295486e-05,True
1000,30,0.0372431577071608,True,70.61739634584856,6.500769359715188e-05,True
1000,30,0.03031602514189794,True,72.68298746382585,1.0822111830718321e-05,True
1000,30,0.11894063497583852,False,83.59189055564342,2.9262655877376778e-05,True
1000,30,0.004277706548805317,True,56.416457409754706,1.4315052004275141e-05,True
1000,30,0.1292351720849689,False,76.94326914465401,1.0151363739473436e-06,True
1000,30,0.052878306754992985,False,70.3591974561014,8.3992107058197e-06,True
1000,30,0.006068560798455414,True,59.1275457520999,9.038770824950506e-05,True
1000,30,0.7955986824510909,False,101.08486533601358,2.3775258489983777e-08,True
1000,30,0.31039044711321445,False,85.27018333899996,3.3220022646690085e-06,True
1000,30,0.03658167737371509,True,67.712658836193,6.480591479336913e-07,True
1000,30,0.03639900541145658,True,70.29464773366462,0.00011344656778250997,True
1000,30,0.050597496050389254,False,71.90839079458438,6.467275087813518e-05,True
1000,30,0.5518289216425147,False,94.69444281477134,3.016211231176337e-08,True
1000,30,0.01886914328674806,True,65.1306699387214,0.0006786903893831147,True
1000,30,0.10394731809638748,False,82.42999555178119,8.567119636178421e-05,True
1000,30,0.06917313575876304,False,71.32744329265326,2.9395732739692556e-05,True
1000,30,0.04649353499502759,True,70.03644884391746,0.0004666981800333979,True
1000,30,0.003622294156742549,True,59.1275457520999,0.00010817989839736348,True
1000,30,0.15849648984180623,False,85.59293195118391,1.0758113555066042e-06,True
1000,30,0.0448972470547608,True,68.09995717081374,2.533190760571729e-08,True
1000,30,0.06113530861472348,False,70.55284662341178,3.047757998901507e-05,True
1000,30,0.04729941576001933,True,74.94222774911351,0.0002259877016628486,True
1000,30,0.2142637703011064,False,87.01302584479329,2.069529763943096e-09,True
1000,30,0.0023619296786747254,True,55.38366185076606,0.00039269551538903693,True
1000,30,0.035998452136908374,True,73.45758413306734,0.0001026565030953492,True
1000,30,0.22475119260082488,False,79.6543574869992,5.680275806549627e-07,True
1000,30,0.012833149437139832,True,65.00157049384781,3.6624115445976204e-05,True
1000,30,0.13773591906664204,False,72.23113940676832,2.0778437490855457e-06,True
1000,30,0.06023525514781764,False,76.68507025490685,2.516484784739429e-05,True
1000,30,0.21454640031558492,False,83.59189055564342,3.867553501190666e-09,True
1000,30,0.11520573497402659,False,79.33160887481526,8.960342129681984e-06,True
1000,30,0.09502814382051683,False,72.94118635357302,4.792335454925201e-05,True
1000,30,0.1112205396539479,False,77.84696525876907,0.00022198835371525444,True
1000,30,0.029502606308282397,True,73.39303441063055,1.9050157234815776e-07,True
1000,30,0.05732193661395335,False,80.68715304598786,2.4787034325371064e-06,True
1000,30,0.05068505656388552,False,75.65227469591821,0.00017727639579994867,True
1000,30,0.14388783421047716,False,84.94743472681601,1.257858599923761e-06,True
1000,30,0.18205973079657684,False,85.85113084093108,0.0004582980411542662,True
1000,30,0.02494347795100785,True,63.065078820744105,7.60991025587406e-05,True
1000,30,0.018133750798221618,True,69.39095161954955,5.254692799206064e-07,True
1000,30,0.08789380814219687,False,78.55701220557377,4.4803097436629766e-07,True
1000,30,0.05475292742562788,False,77.84696525876907,1.803892847921186e-05,True
1000,30,0.1122177876785377,False,83.59189055564342,4.6888589929574865e-06,True
1000,30,0.011852163380300117,True,64.35607326947991,1.5788168112410625e-08,True
1000,30,0.029797926853325753,True,71.58564218240042,0.00012357635380976515,True
